node1,node2,length,start_long,start_lat,end_long,end_lat,start_dec_date,end_dec_date,start_real_date,end_real_date,start_location,end_location,coordinate_source
Node4,Node5,0.03665383493082963,7.506362058142551,6.40457639773572,7.487607954157372,6.386791353506357,2017.7509790691033,2017.7794671836377,2017-10-02,2017-10-13,Enugu,Enugu,continuous_coordinates
Node4,Node6,0.03759406184477854,7.506362058142551,6.40457639773572,7.520237011536077,6.418227923626443,2017.7509790691033,2017.780742545414,2017-10-02,2017-10-13,Enugu,Enugu,continuous_coordinates
Node3,Node4,0.2396103281757469,7.558259139132868,6.43939746969786,7.506362058142551,6.40457639773572,2017.5169141601493,2017.7509790691033,2017-07-09,2017-10-02,Enugu,Enugu,continuous_coordinates
Node3,Node7,0.4597989009069243,7.558259139132868,6.43939746969786,8.521125379933702,7.7272854577814245,2017.5169141601493,2017.9697963549693,2017-07-09,2017-12-21,Enugu,Benue,continuous_coordinates
Node2,Node3,1.1326084210309944,6.856599727272938,5.42513503768585,7.558259139132868,6.43939746969786,2016.3884682866703,2017.5169141601493,2016-05-22,2017-07-09,Imo,Enugu,continuous_coordinates
Node11,Node12,0.699765476749107,6.5387946697096,6.01333955713929,6.464743937758509,6.1445129116416926,2018.5030487051156,2019.1972602739727,2018-07-04,2019-03-14,Delta,Delta,continuous_coordinates
Node13,Node14,0.3890613656394821,6.6817025997247805,6.15553894812522,6.477986262927297,6.135446123276245,2019.0993564070695,2019.482191780822,2019-02-06,2019-06-26,Delta,Delta,continuous_coordinates
Node13,Node15,0.43015725604995936,6.6817025997247805,6.15553894812522,7.481655110741754,6.417557648492212,2019.0993564070695,2019.5232876712328,2019-02-06,2019-07-11,Delta,Enugu,continuous_coordinates
Node11,Node13,0.5956356179571678,6.5387946697096,6.01333955713929,6.6817025997247805,6.15553894812522,2018.5030487051156,2019.0993564070695,2018-07-04,2019-02-06,Delta,Delta,continuous_coordinates
Node10,Node11,0.22781652178112477,6.51510451146519,5.491041029424423,6.5387946697096,6.01333955713929,2018.2744534428914,2018.5030487051156,2018-04-11,2018-07-04,Delta,Delta,continuous_coordinates
Node18,Node19,0.3561960689070469,6.4891163787736055,6.095295663353142,6.475443018056182,6.113069814818615,2019.0642436342223,2019.4054794520548,2019-01-24,2019-05-29,Delta,Delta,continuous_coordinates
Node18,Node20,0.24386730178446836,6.4891163787736055,6.095295663353142,6.505086977880351,6.136574853327544,2019.0642436342223,2019.2931506849316,2019-01-24,2019-04-18,Delta,Delta,continuous_coordinates
Node17,Node18,0.5435155361754695,6.428850085872184,5.371638022499106,6.4891163787736055,6.095295663353142,2018.5089179752351,2019.0642436342223,2018-07-06,2019-01-24,Delta,Delta,continuous_coordinates
Node17,Node21,0.5243691393296688,6.428850085872184,5.371638022499106,6.395621762072582,5.1024202193655785,2018.5089179752351,2019.0301369863014,2018-07-06,2019-01-12,Delta,Bayelsa,continuous_coordinates
Node16,Node17,0.137806425657911,6.4516665354150105,5.3807863077818645,6.428850085872184,5.371638022499106,2018.370642874364,2018.5089179752351,2018-05-16,2018-07-06,Delta,Delta,continuous_coordinates
Node23,Node24,0.5033878559819627,6.281812621573909,5.365504689405616,6.37626243531691,5.0741924688897315,2018.8011831145093,2019.2986301369863,2018-10-20,2019-04-20,Delta,Bayelsa,continuous_coordinates
Node23,Node25,0.9691412806399651,6.281812621573909,5.365504689405616,3.9326678883743433,7.355568341342865,2018.8011831145093,2019.7643835616439,2018-10-20,2019-10-07,Delta,Oyo,continuous_coordinates
Node22,Node23,0.3379687114290828,6.409906041242717,5.259781190159734,6.281812621573909,5.365504689405616,2018.4595057307201,2018.8011831145093,2018-06-18,2018-10-20,Bayelsa,Delta,continuous_coordinates
Node22,Node26,0.8413565674110455,6.409906041242717,5.259781190159734,6.398890372957109,5.069576093016888,2018.4595057307201,2019.2986301369863,2018-06-18,2019-04-20,Bayelsa,Bayelsa,continuous_coordinates
Node16,Node22,0.08931214826151823,6.4516665354150105,5.3807863077818645,6.409906041242717,5.259781190159734,2018.370642874364,2018.4595057307201,2018-05-16,2018-06-18,Delta,Bayelsa,continuous_coordinates
Node10,Node16,0.09828314587029663,6.51510451146519,5.491041029424423,6.4516665354150105,5.3807863077818645,2018.2744534428914,2018.370642874364,2018-04-11,2018-05-16,Delta,Delta,continuous_coordinates
Node9,Node10,1.6713674020826401,6.815652639103843,5.371136010131502,6.51510451146519,5.491041029424423,2016.6139716113198,2018.2744534428914,2016-08-13,2018-04-11,Imo,Delta,continuous_coordinates
Node33,Node34,0.37247107077475494,3.376301607737456,6.603680059779313,3.3528266638568893,6.63052309818876,2018.9894852784814,2019.3534246575343,2018-12-28,2019-05-10,Lagos,Lagos,continuous_coordinates
Node33,Node35,0.2656217557073566,3.376301607737456,6.603680059779313,3.331212969187622,6.610487347658284,2018.9894852784814,2019.2465753424658,2018-12-28,2019-04-01,Lagos,Lagos,continuous_coordinates
Node32,Node33,0.586108022091584,6.7606412630932935,4.900651083408278,3.376301607737456,6.603680059779313,2018.3928783829022,2018.9894852784814,2018-05-24,2018-12-28,Rivers,Lagos,continuous_coordinates
Node37,Node38,0.09871216064509891,6.394102983132571,5.068394156826709,6.386874679936474,5.067099546765645,2019.0464066334605,2019.13698630137,2019-01-18,2019-02-20,Bayelsa,Bayelsa,continuous_coordinates
Node37,Node39,0.041177914070235744,6.394102983132571,5.068394156826709,6.394862846211383,5.071392664742087,2019.0464066334605,2019.0794520547945,2019-01-18,2019-01-30,Bayelsa,Bayelsa,continuous_coordinates
Node36,Node37,0.17743503371015645,6.749126933881906,4.888851238068957,6.394102983132571,5.068394156826709,2018.8710220583228,2019.0464066334605,2018-11-15,2019-01-18,Rivers,Bayelsa,continuous_coordinates
Node36,Node40,0.9747773313402979,6.749126933881906,4.888851238068957,7.031322121007584,4.726951155522752,2018.8710220583228,2019.835616438356,2018-11-15,2019-11-02,Rivers,Rivers,continuous_coordinates
Node32,Node36,0.4659935423479409,6.7606412630932935,4.900651083408278,6.749126933881906,4.888851238068957,2018.3928783829022,2018.8710220583228,2018-05-24,2018-11-15,Rivers,Rivers,continuous_coordinates
Node31,Node32,0.28914794411833444,6.98382720774089,4.803449802787201,6.7606412630932935,4.900651083408278,2018.1171821977468,2018.3928783829022,2018-02-13,2018-05-24,Rivers,Rivers,continuous_coordinates
Node41,Node42,0.05270201368950822,7.041182799342298,4.751936702027013,7.0305851621377515,4.76591519607887,2018.1536934640653,2018.198674045503,2018-02-26,2018-03-15,Rivers,Rivers,continuous_coordinates
Node43,Node44,0.039403770039900365,7.049018119081492,4.74076600889184,7.0573093096696065,4.744411348402152,2018.1713753873273,2018.2116030285026,2018-03-05,2018-03-19,Rivers,Rivers,continuous_coordinates
Node43,Node45,0.02977435310939125,7.049018119081492,4.74076600889184,7.048683325783415,4.7309746597462645,2018.1713753873273,2018.1978544896483,2018-03-05,2018-03-14,Rivers,Rivers,continuous_coordinates
Node41,Node43,0.022576514911006207,7.041182799342298,4.751936702027013,7.049018119081492,4.74076600889184,2018.1536934640653,2018.1713753873273,2018-02-26,2018-03-05,Rivers,Rivers,continuous_coordinates
Node31,Node41,0.04163635371543961,6.98382720774089,4.803449802787201,7.041182799342298,4.751936702027013,2018.1171821977468,2018.1536934640653,2018-02-13,2018-02-26,Rivers,Rivers,continuous_coordinates
Node30,Node31,1.081081921691851,6.82223218763887,5.23368249092276,6.98382720774089,4.803449802787201,2017.0314902647744,2018.1171821977468,2017-01-12,2018-02-13,Imo,Rivers,continuous_coordinates
Node46,Node47,0.3922229014102463,6.909198249305807,6.184838175084745,6.2066365814406765,6.736424388449697,2017.4036147201325,2017.7885486105936,2017-05-28,2017-10-16,Anambra,Edo,continuous_coordinates
Node46,Node48,0.3944686908825501,6.909198249305807,6.184838175084745,7.524828234925667,6.386460378611685,2017.4036147201325,2017.792203886401,2017-05-28,2017-10-17,Anambra,Enugu,continuous_coordinates
Node30,Node46,0.3721176706572784,6.82223218763887,5.23368249092276,6.909198249305807,6.184838175084745,2017.0314902647744,2017.4036147201325,2017-01-12,2017-05-28,Imo,Anambra,continuous_coordinates
Node29,Node30,0.06532713943047064,6.801132469177606,5.277531949444995,6.82223218763887,5.23368249092276,2016.9681017553148,2017.0314902647744,2016-12-20,2017-01-12,Imo,Imo,continuous_coordinates
Node50,Node51,0.3240651555434404,6.575732137939925,5.000299601196506,7.010608959468678,4.7370704282068585,2017.5944581049027,2017.9123287671232,2017-08-06,2017-11-30,Rivers,,continuous_coordinates
Node50,Node52,0.19699337762241065,6.575732137939925,5.000299601196506,6.404831247918769,5.067779877977659,2017.5944581049027,2017.7833090426705,2017-08-06,2017-10-14,Rivers,Bayelsa,continuous_coordinates
Node49,Node50,0.18803624315476952,6.538019061878094,5.0642175967189615,6.575732137939925,5.000299601196506,2017.4074087531335,2017.5944581049027,2017-05-30,2017-08-06,Rivers,Rivers,continuous_coordinates
Node49,Node53,0.39120787414462743,6.538019061878094,5.0642175967189615,6.376129266864033,5.089018885533774,2017.4074087531335,2017.792438075994,2017-05-30,2017-10-17,Rivers,Bayelsa,continuous_coordinates
Node29,Node49,0.4409388089973234,6.801132469177606,5.277531949444995,6.538019061878094,5.0642175967189615,2016.9681017553148,2017.4074087531335,2016-12-20,2017-05-30,Imo,Rivers,continuous_coordinates
Node28,Node29,0.24060973537319263,6.8408355802614516,5.4002516751071115,6.801132469177606,5.277531949444995,2016.7259983364122,2016.9681017553148,2016-09-23,2016-12-20,Imo,Imo,continuous_coordinates
Node55,Node56,0.8948340776269434,3.7669506889401854,6.599282702672003,3.330619272241118,6.63471656495716,2017.161056246478,2018.0493077984097,2017-03-01,2018-01-19,Lagos,Lagos,continuous_coordinates
Node57,Node58,0.36013234146580775,3.4970884508849793,6.848826294568844,3.315547060582392,6.642004180923248,2017.7462878798237,2018.0664967944106,2017-09-30,2018-01-25,Ogun,Lagos,continuous_coordinates
Node59,Node60,0.1379032027932201,3.624143632493409,7.240049267675656,3.2389269101339293,7.4363577794716775,2017.9180988551611,2018.0523386526477,2017-12-02,2018-01-20,Ogun,Oyo,continuous_coordinates
Node62,Node63,0.022141323640253674,3.9449636781896027,7.37433948641186,3.9471136206054376,7.376163600156825,2018.0186366681544,2018.0415036136922,2018-01-08,2018-01-16,Oyo,Oyo,continuous_coordinates
Node62,Node64,0.020013004234333387,3.9449636781896027,7.37433948641186,3.9498163456051225,7.377453018451336,2018.0186366681544,2018.038034094414,2018-01-08,2018-01-15,Oyo,Oyo,continuous_coordinates
Node61,Node62,0.03560275862954576,3.8492806358424523,7.316852782680927,3.9449636781896027,7.37433948641186,2017.9900883085381,2018.0186366681544,2017-12-28,2018-01-08,Oyo,Oyo,continuous_coordinates
Node65,Node66,0.06525261929309156,6.621240140207673,4.964898401822504,6.3676247872430904,5.1032898260721415,2018.562470147727,2018.6164383561643,2018-07-25,2018-08-14,Rivers,Bayelsa,continuous_coordinates
Node65,Node67,0.06914176604999689,6.621240140207673,4.964898401822504,7.012730237722376,4.729767314905014,2018.562470147727,2018.6196501367522,2018-07-25,2018-08-15,Rivers,,continuous_coordinates
Node61,Node65,0.5678438220676716,3.8492806358424523,7.316852782680927,6.621240140207673,4.964898401822504,2017.9900883085381,2018.562470147727,2017-12-28,2018-07-25,Oyo,Rivers,continuous_coordinates
Node59,Node61,0.07212528120433337,3.624143632493409,7.240049267675656,3.8492806358424523,7.316852782680927,2017.9180988551611,2017.9900883085381,2017-12-02,2017-12-28,Ogun,Oyo,continuous_coordinates
Node57,Node59,0.17790609732716245,3.4970884508849793,6.848826294568844,3.624143632493409,7.240049267675656,2017.7462878798237,2017.9180988551611,2017-09-30,2017-12-02,Ogun,Ogun,continuous_coordinates
Node55,Node57,0.5812719901688919,3.7669506889401854,6.599282702672003,3.4970884508849793,6.848826294568844,2017.161056246478,2017.7462878798237,2017-03-01,2017-09-30,Lagos,Ogun,continuous_coordinates
Node54,Node55,0.3276619642182954,6.783113524063521,5.477063828135287,3.7669506889401854,6.599282702672003,2016.829477950629,2017.161056246478,2016-10-31,2017-03-01,Imo,Lagos,continuous_coordinates
Node71,Node72,0.12702279238008884,7.093360139056944,5.427271500693857,7.078948818037955,5.42242080907511,2018.0088442298322,2018.1339580550718,2018-01-04,2018-02-19,Imo,Imo,continuous_coordinates
Node71,Node73,0.13401182894588715,7.093360139056944,5.427271500693857,7.108948252700829,5.42805476419684,2018.0088442298322,2018.1436383004116,2018-01-04,2018-02-22,Imo,Imo,continuous_coordinates
Node70,Node71,0.038959694377750154,7.098506585736944,5.435419665784301,7.093360139056944,5.427271500693857,2017.9711557689286,2018.0088442298322,2017-12-21,2018-01-04,Imo,Imo,continuous_coordinates
Node74,Node75,0.035513767448108524,7.106118531079253,5.438126083841793,7.102659876027206,5.42414878267981,2018.0876153025386,2018.1156371395714,2018-02-02,2018-02-12,Imo,Imo,continuous_coordinates
Node74,Node76,0.03534755958775104,7.106118531079253,5.438126083841793,7.116381909363532,5.459266220437743,2018.0876153025386,2018.1154174593419,2018-02-02,2018-02-12,Imo,Imo,continuous_coordinates
Node70,Node74,0.11790506455496264,7.098506585736944,5.435419665784301,7.106118531079253,5.438126083841793,2017.9711557689286,2018.0876153025386,2017-12-21,2018-02-02,Imo,Imo,continuous_coordinates
Node69,Node70,0.5107660033656103,7.074090192487264,5.564234278982304,7.098506585736944,5.435419665784301,2017.461733484681,2017.9711557689286,2017-06-19,2017-12-21,Imo,Imo,continuous_coordinates
Node78,Node79,0.061371141000303275,7.552613913788558,5.246987186962569,7.914251071779704,5.0114810817077595,2017.737245946092,2017.7892550015745,2017-09-27,2017-10-16,AkwaIbom,AkwaIbom,continuous_coordinates
Node78,Node80,0.7272689324878101,7.552613913788558,5.246987186962569,3.2284538483688467,7.409445538003511,2017.737245946092,2018.455262938534,2017-09-27,2018-06-16,AkwaIbom,Oyo,continuous_coordinates
Node77,Node78,0.21550724546628253,7.140294499080048,5.638353476661228,7.552613913788558,5.246987186962569,2017.5178743678255,2017.737245946092,2017-07-09,2017-09-27,Imo,AkwaIbom,continuous_coordinates
Node81,Node82,0.5026413871982767,7.036983715565998,5.889270018154198,6.47144085961024,6.148571974588575,2017.5861001335263,2018.058896953917,2017-08-03,2018-01-22,Imo,Delta,continuous_coordinates
Node81,Node83,0.3766596738144754,7.036983715565998,5.889270018154198,8.542403978087227,7.68752926338452,2017.5861001335263,2017.9603295726513,2017-08-03,2017-12-18,Imo,Benue,continuous_coordinates
Node77,Node81,0.06973892238265833,7.140294499080048,5.638353476661228,7.036983715565998,5.889270018154198,2017.5178743678255,2017.5861001335263,2017-07-09,2017-08-03,Imo,Imo,continuous_coordinates
Node69,Node77,0.057760112163762756,7.074090192487264,5.564234278982304,7.140294499080048,5.638353476661228,2017.461733484681,2017.5178743678255,2017-06-19,2017-07-09,Imo,Imo,continuous_coordinates
Node68,Node69,0.06045466170866831,7.040308594773153,5.534992389778344,7.074090192487264,5.564234278982304,2017.4037762150008,2017.461733484681,2017-05-28,2017-06-19,Imo,Imo,continuous_coordinates
Node84,Node85,0.1973407412042718,6.8568515483940065,5.637122241200574,3.9182974886346527,7.384758449296332,2017.862625441384,2018.0593381388678,2017-11-12,2018-01-23,Imo,Oyo,continuous_coordinates
Node86,Node87,0.03815078726487631,7.100512838562868,5.452861826735814,7.1188660942643525,5.444680226520473,2018.0895074181074,2018.119527297605,2018-02-03,2018-02-14,Imo,Imo,continuous_coordinates
Node86,Node88,0.037486239487779294,7.100512838562868,5.452861826735814,7.088447051530618,5.455583158362049,2018.0895074181074,2018.118656095421,2018-02-03,2018-02-13,Imo,Imo,continuous_coordinates
Node84,Node86,0.22612988362362785,6.8568515483940065,5.637122241200574,7.100512838562868,5.452861826735814,2017.862625441384,2018.0895074181074,2017-11-12,2018-02-03,Imo,Imo,continuous_coordinates
Node68,Node84,0.46278390184948126,7.040308594773153,5.534992389778344,6.8568515483940065,5.637122241200574,2017.4037762150008,2017.862625441384,2017-05-28,2017-11-12,Imo,Imo,continuous_coordinates
Node54,Node68,0.5699933355408664,6.783113524063521,5.477063828135287,7.040308594773153,5.534992389778344,2016.829477950629,2017.4037762150008,2016-10-31,2017-05-28,Imo,Imo,continuous_coordinates
Node28,Node54,0.10569775783243784,6.8408355802614516,5.4002516751071115,6.783113524063521,5.477063828135287,2016.7259983364122,2016.829477950629,2016-09-23,2016-10-31,Imo,Imo,continuous_coordinates
Node27,Node28,0.058006815193008876,6.86832148953236,5.370553067113276,6.8408355802614516,5.4002516751071115,2016.6686219180901,2016.7259983364122,2016-09-02,2016-09-23,Imo,Imo,continuous_coordinates
Node96,Node97,0.0880431109280706,3.2600721068222294,6.587676172886344,3.253650573687187,6.5900238591658065,2022.6738380856386,2022.7452054794521,2022-09-04,2022-09-30,Lagos,Lagos,continuous_coordinates
Node96,Node98,0.038728042434930554,3.2600721068222294,6.587676172886344,3.2490704925369536,6.586350260142832,2022.6738380856386,2022.695890410959,2022-09-04,2022-09-12,Lagos,Lagos,continuous_coordinates
Node95,Node96,0.18707298552834883,3.5539878085772156,6.574852481154112,3.2600721068222294,6.587676172886344,2022.4795341623762,2022.6738380856386,2022-06-25,2022-09-04,Lagos,Lagos,continuous_coordinates
Node95,Node99,0.2367599320727063,3.5539878085772156,6.574852481154112,3.956065523724596,6.5727784148262325,2022.4795341623762,2022.7068493150684,2022-06-25,2022-09-16,Lagos,Lagos,continuous_coordinates
Node94,Node95,0.3286837641444351,3.5917769029349094,6.562526457910631,3.5539878085772156,6.574852481154112,2022.1481890129317,2022.4795341623762,2022-02-24,2022-06-25,Lagos,Lagos,continuous_coordinates
Node100,Node101,0.0372117962516092,3.234550848522628,6.539047108195765,3.3241696095244535,6.640179608889848,2022.711574009762,2022.7424657534248,2022-09-18,2022-09-29,Lagos,Lagos,continuous_coordinates
Node100,Node102,0.020773440087083817,3.234550848522628,6.539047108195765,3.1459443079994367,6.465378314000466,2022.711574009762,2022.7260273972602,2022-09-18,2022-09-23,Lagos,Lagos,continuous_coordinates
Node94,Node100,0.5638483383218866,3.5917769029349094,6.562526457910631,3.234550848522628,6.539047108195765,2022.1481890129317,2022.711574009762,2022-02-24,2022-09-18,Lagos,Lagos,continuous_coordinates
Node93,Node94,0.5736312599403957,6.445691828968287,6.718122795298362,3.5917769029349094,6.562526457910631,2021.571129922273,2022.1481890129317,2021-07-28,2022-02-24,Edo,Lagos,continuous_coordinates
Node93,Node103,1.2678420794444207,6.445691828968287,6.718122795298362,8.126551781999394,11.58863460000081,2021.571129922273,2022.835616438356,2021-07-28,2022-11-02,Edo,Kano,continuous_coordinates
Node92,Node93,0.11792588930942571,6.8059183482684125,6.528375322759785,6.445691828968287,6.718122795298362,2021.4538054681225,2021.571129922273,2021-06-16,2021-07-28,Anambra,Edo,continuous_coordinates
Node105,Node106,1.126873626709906,7.435091981841607,7.048941192330652,8.681978271114847,8.62013294544009,2021.7084719527218,2022.8328767123287,2021-09-17,2022-11-01,Enugu,Nasarawa,continuous_coordinates
Node108,Node109,0.08741644041874475,6.912121565023711,6.335332268743193,7.83351067999988,6.10715314200041,2022.3317970942196,2022.4182356635827,2022-05-02,2022-06-03,Anambra,Ebonyi,continuous_coordinates
Node108,Node110,0.11375641358800026,6.912121565023711,6.335332268743193,5.236953881001057,6.476876350001279,2022.3317970942196,2022.44470096384,2022-05-02,2022-06-12,Anambra,Edo,continuous_coordinates
Node107,Node108,0.5001126711765802,7.444760458441616,7.035156728045037,6.912121565023711,6.335332268743193,2021.8439992789035,2022.3317970942196,2021-11-05,2022-05-02,Enugu,Anambra,continuous_coordinates
Node112,Node113,0.03894363733096973,8.90939986878842,9.901684020688522,8.896633523998053,9.87776172399861,2024.6871522709312,2024.7131147540983,2024-09-08,2024-09-18,Plateau,Plateau,continuous_coordinates
Node112,Node114,0.06899828213979231,8.90939986878842,9.901684020688522,8.930196595999483,9.944734980001712,2024.6871522709312,2024.7431693989072,2024-09-08,2024-09-29,Plateau,Plateau,continuous_coordinates
Node111,Node112,2.0873530128999587,8.592094319180188,8.652567381740903,8.90939986878842,9.901684020688522,2022.5986785809919,2024.6871522709312,2022-08-08,2024-09-08,Nasarawa,Plateau,continuous_coordinates
Node111,Node115,0.19400381394081245,8.592094319180188,8.652567381740903,8.719592627719956,8.647219592655894,2022.5986785809919,2022.7808219178082,2022-08-08,2022-10-13,Nasarawa,Nasarawa,continuous_coordinates
Node107,Node111,0.7411010448611188,7.444760458441616,7.035156728045037,8.592094319180188,8.652567381740903,2021.8439992789035,2022.5986785809919,2021-11-05,2022-08-08,Enugu,Nasarawa,continuous_coordinates
Node105,Node107,0.13971397338793645,7.435091981841607,7.048941192330652,7.444760458441616,7.035156728045037,2021.7084719527218,2021.8439992789035,2021-09-17,2021-11-05,Enugu,Enugu,continuous_coordinates
Node104,Node105,0.09297263397075994,7.064716092832432,6.584903463646808,7.435091981841607,7.048941192330652,2021.6158319646468,2021.7084719527218,2021-08-14,2021-09-17,Anambra,Enugu,continuous_coordinates
Node104,Node116,1.170531192187985,7.064716092832432,6.584903463646808,7.084138121470107,5.665054997502151,2021.6158319646468,2022.7835616438356,2021-08-14,2022-10-14,Anambra,Imo,continuous_coordinates
Node92,Node104,0.16318198204582313,6.8059183482684125,6.528375322759785,7.064716092832432,6.584903463646808,2021.4538054681225,2021.6158319646468,2021-06-16,2021-08-14,Anambra,Anambra,continuous_coordinates
Node91,Node92,0.7552125328698498,6.689994180193239,6.027549388143005,6.8059183482684125,6.528375322759785,2020.7031582097586,2021.4538054681225,2020-09-14,2021-06-16,Delta,Anambra,continuous_coordinates
Node121,Node122,0.5194180858737966,3.4723008414979653,6.505943810928838,3.611848959000563,6.427547469000249,2024.3664829550662,2024.877049180328,2024-05-14,2024-11-17,Lagos,Lagos,continuous_coordinates
Node125,Node126,0.04924502988218693,3.4311986636000005,6.549103393716295,3.369413854000525,6.576004668999112,2024.6488360029246,2024.691256830601,2024-08-25,2024-09-10,Lagos,Lagos,continuous_coordinates
Node125,Node127,0.1803925708659293,3.4311986636000005,6.549103393716295,7.09959940300131,4.84588049099953,2024.6488360029246,2024.8224043715848,2024-08-25,2024-10-28,Lagos,Rivers,continuous_coordinates
Node124,Node125,0.08219784256269813,3.435321561626724,6.545190403055397,3.4311986636000005,6.549103393716295,2024.567544333539,2024.6488360029246,2024-07-27,2024-08-25,Lagos,Lagos,continuous_coordinates
Node124,Node128,0.10958494894763948,3.435321561626724,6.545190403055397,3.42664622400039,6.5682603440000085,2024.567544333539,2024.6693989071039,2024-07-27,2024-09-02,Lagos,Lagos,continuous_coordinates
Node123,Node124,0.1560547204266951,3.419257081251867,6.50150930429498,3.435321561626724,6.545190403055397,2024.4138411351203,2024.567544333539,2024-05-31,2024-07-27,Lagos,Lagos,continuous_coordinates
Node123,Node129,0.497880106532694,3.419257081251867,6.50150930429498,3.3295917540007487,6.463341900999194,2024.4138411351203,2024.9016393442623,2024-05-31,2024-11-26,Lagos,Lagos,continuous_coordinates
Node121,Node123,0.04612814327531156,3.4723008414979653,6.505943810928838,3.419257081251867,6.50150930429498,2024.3664829550662,2024.4138411351203,2024-05-14,2024-05-31,Lagos,Lagos,continuous_coordinates
Node120,Node121,0.4402954959540841,3.6225566655807535,6.498722187672579,3.4723008414979653,6.505943810928838,2023.9272730021796,2024.3664829550662,2023-12-05,2024-05-14,Lagos,Lagos,continuous_coordinates
Node131,Node132,0.48984140192100456,3.779143003998385,6.503722170268428,5.540699999999572,6.229800000000577,2024.3224952695946,2024.8060109289618,2024-04-28,2024-10-22,Lagos,Edo,continuous_coordinates
Node133,Node134,0.18307911050090953,3.743891735073505,6.516444028571112,3.9777885699996496,6.471191573999123,2024.5647610450526,2024.7377049180327,2024-07-26,2024-09-27,Lagos,Lagos,continuous_coordinates
Node133,Node135,0.09837965694919926,3.743891735073505,6.516444028571112,3.5787051609994034,6.554369502000761,2024.5647610450526,2024.6530054644809,2024-07-26,2024-08-27,Lagos,Lagos,continuous_coordinates
Node131,Node133,0.23845628049096734,3.779143003998385,6.503722170268428,3.743891735073505,6.516444028571112,2024.3224952695946,2024.5647610450526,2024-04-28,2024-07-26,Lagos,Lagos,continuous_coordinates
Node130,Node131,0.14696934097629288,3.5597256199681224,6.520930084296041,3.779143003998385,6.503722170268428,2024.1761491564414,2024.3224952695946,2024-03-05,2024-04-28,Lagos,Lagos,continuous_coordinates
Node130,Node136,0.5193244040993314,3.5597256199681224,6.520930084296041,3.2724238939998345,6.563061950999123,2024.1761491564414,2024.688524590164,2024-03-05,2024-09-09,Lagos,Lagos,continuous_coordinates
Node120,Node130,0.2518645875644243,3.6225566655807535,6.498722187672579,3.5597256199681224,6.520930084296041,2023.9272730021796,2024.1761491564414,2023-12-05,2024-03-05,Lagos,Lagos,continuous_coordinates
Node119,Node120,1.1922069631454901,5.845832955913912,6.09147637950367,3.6225566655807535,6.498722187672579,2022.7318031195946,2023.9272730021796,2022-09-25,2023-12-05,Edo,Lagos,continuous_coordinates
Node145,Node146,0.2892066582928071,8.503728734657562,7.749004802891003,8.288942206000936,8.624626871999078,2024.764505347127,2025.054794520548,2024-10-07,2025-01-21,Benue,Nasarawa,continuous_coordinates
Node145,Node147,0.41249432952544274,8.503728734657562,7.749004802891003,8.55661370400041,7.6485177810007645,2024.764505347127,2025.1780821917807,2024-10-07,2025-03-07,Benue,Benue,continuous_coordinates
Node144,Node145,0.0748647485565086,8.495867199434768,7.708449463694403,8.503728734657562,7.749004802891003,2024.693385079209,2024.764505347127,2024-09-11,2024-10-07,Benue,Benue,continuous_coordinates
Node148,Node149,0.6361897473726486,8.509597274052283,7.64050595809838,7.844679715774587,5.020217887793153,2024.779227521854,2025.4109589041095,2024-10-12,2025-05-31,Benue,AkwaIbom,continuous_coordinates
Node150,Node151,0.1166264169055905,8.513140190017936,7.6281188821395824,8.47598882199966,7.661799654000685,2024.8081432715055,2024.9180327868853,2024-10-23,2024-12-02,Benue,Benue,continuous_coordinates
Node150,Node152,0.05378488685074778,8.513140190017936,7.6281188821395824,8.53424700099897,7.600600193998512,2024.8081432715055,2024.8551912568305,2024-10-23,2024-11-09,Benue,Benue,continuous_coordinates
Node148,Node150,0.026637213242872826,8.509597274052283,7.64050595809838,8.513140190017936,7.6281188821395824,2024.779227521854,2024.8081432715055,2024-10-12,2024-10-23,Benue,Benue,continuous_coordinates
Node144,Node148,0.08404604303816221,8.495867199434768,7.708449463694403,8.509597274052283,7.64050595809838,2024.693385079209,2024.779227521854,2024-09-11,2024-10-12,Benue,Benue,continuous_coordinates
Node143,Node144,0.08826112198317748,8.443993313186846,7.704948139994274,8.495867199434768,7.708449463694403,2024.6160666364915,2024.693385079209,2024-08-13,2024-09-11,Benue,Benue,continuous_coordinates
Node143,Node153,0.06693691538831037,8.443993313186846,7.704948139994274,8.509062892000577,7.769258961000611,2024.6160666364915,2024.6693989071039,2024-08-13,2024-09-02,Benue,Benue,continuous_coordinates
Node142,Node143,0.21580302510332183,6.465661768956897,5.81965093564512,8.443993313186846,7.704948139994274,2024.394287716493,2024.6160666364915,2024-05-24,2024-08-13,Delta,Benue,continuous_coordinates
Node154,Node155,0.13006204152677325,5.900749011501496,5.633791634081479,5.700321789998849,5.483719110998813,2024.5397532899483,2024.6612021857923,2024-07-17,2024-08-30,Delta,Delta,continuous_coordinates
Node154,Node156,1.1592708146386066,5.900749011501496,5.633791634081479,3.314315194999688,6.4769706919994094,2024.5397532899483,2025.690410958904,2024-07-17,2025-09-10,Delta,Lagos,continuous_coordinates
Node142,Node154,0.1444811776532502,6.465661768956897,5.81965093564512,5.900749011501496,5.633791634081479,2024.394287716493,2024.5397532899483,2024-05-24,2024-07-17,Delta,Delta,continuous_coordinates
Node141,Node142,0.2056835608793952,6.601437102167533,5.577592877898702,6.465661768956897,5.81965093564512,2024.188120202924,2024.394287716493,2024-03-10,2024-05-24,Rivers,Delta,continuous_coordinates
Node157,Node158,0.07978535793050212,7.026250522418239,4.770318304669084,6.998089180998876,4.773169858000198,2025.078679560403,2025.1479452054793,2025-01-30,2025-02-24,Rivers,Rivers,continuous_coordinates
Node157,Node159,0.07978535793050212,7.026250522418239,4.770318304669084,7.071534513000739,4.739346030000713,2025.078679560403,2025.1479452054793,2025-01-30,2025-02-24,Rivers,Rivers,continuous_coordinates
Node141,Node157,0.8871844418161049,6.601437102167533,5.577592877898702,7.026250522418239,4.770318304669084,2024.188120202924,2025.078679560403,2024-03-10,2025-01-30,Rivers,Rivers,continuous_coordinates
Node140,Node141,0.4219910879807236,6.553347977868917,5.685433379946682,6.601437102167533,5.577592877898702,2023.7628480741678,2024.188120202924,2023-10-06,2024-03-10,Delta,Rivers,continuous_coordinates
Node164,Node165,0.7069011779050356,6.576514742358492,6.058227307527842,9.40430180799854,7.435278103999908,2024.4165601805541,2025.131506849315,2024-06-01,2025-02-18,Delta,Benue,continuous_coordinates
Node164,Node166,0.6932025477682523,6.576514742358492,6.058227307527842,6.613017834001049,6.0176963260002445,2024.4165601805541,2025.1178082191782,2024-06-01,2025-02-13,Delta,Delta,continuous_coordinates
Node163,Node164,0.12343941800042724,6.466636286548015,6.029579777347691,6.576514742358492,6.058227307527842,2024.3053851309521,2024.4165601805541,2024-04-22,2024-06-01,Delta,Delta,continuous_coordinates
Node168,Node169,0.7828012392074197,6.717530251059266,5.904673707062304,7.490268177001831,9.02548970100142,2024.5386607179664,2025.3150684931506,2024-07-16,2025-04-26,Anambra,FederalCapitalTerritory,continuous_coordinates
Node170,Node171,0.0572440190550656,6.833260777809296,5.72208747620543,6.815541869998933,5.540361159000746,2024.6133786196594,2024.6584699453551,2024-08-12,2024-08-29,Imo,Imo,continuous_coordinates
Node173,Node174,0.3314533836539262,7.479384599289023,5.85793151385525,9.173235294001287,9.850402915999899,2024.9278714717814,2025.2547945205479,2024-12-06,2025-04-04,Abia,Plateau,continuous_coordinates
Node173,Node175,0.249261602831917,7.479384599289023,5.85793151385525,7.819766868998836,5.007686290999284,2024.9278714717814,2025.172602739726,2024-12-06,2025-03-05,Abia,AkwaIbom,continuous_coordinates
Node172,Node173,0.13718151578768012,7.2531269480734855,5.916448579709283,7.479384599289023,5.85793151385525,2024.7858129345352,2024.9278714717814,2024-10-15,2024-12-06,Imo,Abia,continuous_coordinates
Node172,Node176,1.000141748756632,7.2531269480734855,5.916448579709283,7.518236510643104,6.396717503878271,2024.7858129345352,2025.786301369863,2024-10-15,2025-10-15,Imo,Enugu,continuous_coordinates
Node170,Node172,0.18493369480641486,6.833260777809296,5.72208747620543,7.2531269480734855,5.916448579709283,2024.6133786196594,2024.7858129345352,2024-08-12,2024-10-15,Imo,Imo,continuous_coordinates
Node168,Node170,0.06895867235666975,6.717530251059266,5.904673707062304,6.833260777809296,5.72208747620543,2024.5386607179664,2024.6133786196594,2024-07-16,2024-08-12,Anambra,Imo,continuous_coordinates
Node167,Node168,0.16368483548182677,6.404773519594753,6.03546502385996,6.717530251059266,5.904673707062304,2024.3707133469134,2024.5386607179664,2024-05-16,2024-07-16,Delta,Anambra,continuous_coordinates
Node179,Node180,0.4461117331256982,5.982288401727421,6.033739981383214,8.296274876999574,4.8007815279998,2024.616375938212,2025.0602739726028,2024-08-14,2025-01-23,Edo,CrossRiver,continuous_coordinates
Node179,Node181,0.38310552008584153,5.982288401727421,6.033739981383214,3.2741948360006985,6.694320344000757,2024.616375938212,2024.9972677595629,2024-08-14,2024-12-31,Edo,Lagos,continuous_coordinates
Node178,Node179,0.12382693117958365,5.1751111515013735,6.306814623834522,5.982288401727421,6.033739981383214,2024.4906404166386,2024.616375938212,2024-06-29,2024-08-14,Edo,Edo,continuous_coordinates
Node178,Node182,0.206386003177909,5.1751111515013735,6.306814623834522,3.3900117800002927,6.420580621999513,2024.4906404166386,2024.6967213114754,2024-06-29,2024-09-12,Edo,Lagos,continuous_coordinates
Node177,Node178,0.06680672547572453,6.031554117859538,6.159130600337852,5.1751111515013735,6.306814623834522,2024.4260776476408,2024.4906404166386,2024-06-05,2024-06-29,Edo,Edo,continuous_coordinates
Node185,Node186,0.9738146948187807,4.027918749381598,6.573754930208202,3.134092944000325,6.410450260000532,2024.753278625751,2025.7232876712328,2024-10-03,2025-09-22,Lagos,Lagos,continuous_coordinates
Node185,Node187,0.23413358096287673,4.027918749381598,6.573754930208202,3.5515427249995266,6.742259211998802,2024.753278625751,2024.983606557377,2024-10-03,2024-12-26,Lagos,Ogun,continuous_coordinates
Node184,Node185,0.11431965742824635,5.153938781020572,6.471781711791195,4.027918749381598,6.573754930208202,2024.6384288672878,2024.753278625751,2024-08-22,2024-10-03,Edo,Lagos,continuous_coordinates
Node184,Node188,0.44155900978145657,5.153938781020572,6.471781711791195,6.227399684000854,6.675526430999287,2024.6384288672878,2025.0767123287671,2024-08-22,2025-01-29,Edo,Edo,continuous_coordinates
Node183,Node184,0.1469565883362154,5.93048577122414,6.244278710140853,5.153938781020572,6.471781711791195,2024.49234742466,2024.6384288672878,2024-06-29,2024-08-22,Edo,Edo,continuous_coordinates
Node189,Node190,0.08014480354431086,6.052775611675218,6.1880492317705675,5.971464916000902,6.306924048001468,2024.6949811338704,2024.7540983606557,2024-09-11,2024-10-03,Edo,Edo,continuous_coordinates
Node191,Node192,0.4390665401376125,6.633432180355987,5.530438736078678,6.245672536999444,5.295868890000983,2025.0177092630083,2025.4465753424658,2025-01-07,2025-06-13,Imo,Delta,continuous_coordinates
Node191,Node193,0.3349569510964232,6.633432180355987,5.530438736078678,8.338895936999892,4.990346129998878,2025.0177092630083,2025.3424657534247,2025-01-07,2025-05-06,Imo,CrossRiver,continuous_coordinates
Node189,Node191,0.33355524521690727,6.052775611675218,6.1880492317705675,6.633432180355987,5.530438736078678,2024.6949811338704,2025.0177092630083,2024-09-11,2025-01-07,Edo,Imo,continuous_coordinates
Node183,Node189,0.1857568264617775,5.93048577122414,6.244278710140853,6.052775611675218,6.1880492317705675,2024.49234742466,2024.6949811338704,2024-06-29,2024-09-11,Edo,Edo,continuous_coordinates
Node177,Node183,0.06466814782784414,6.031554117859538,6.159130600337852,5.93048577122414,6.244278710140853,2024.4260776476408,2024.49234742466,2024-06-05,2024-06-29,Edo,Edo,continuous_coordinates
Node167,Node177,0.05494616436032729,6.404773519594753,6.03546502385996,6.031554117859538,6.159130600337852,2024.3707133469134,2024.4260776476408,2024-05-16,2024-06-05,Delta,Edo,continuous_coordinates
Node163,Node167,0.06741616505185011,6.466636286548015,6.029579777347691,6.404773519594753,6.03546502385996,2024.3053851309521,2024.3707133469134,2024-04-22,2024-05-16,Delta,Delta,continuous_coordinates
Node162,Node163,0.12006412118921106,6.380955603372623,6.006246790649192,6.466636286548015,6.029579777347691,2024.1835620720385,2024.3053851309521,2024-03-08,2024-04-22,Delta,Delta,continuous_coordinates
Node196,Node197,0.9043956949660423,6.081895142733666,5.846172849335533,3.6066290259994433,6.593266803998789,2024.8591147517873,2025.7452054794521,2024-11-10,2025-09-30,Edo,Lagos,continuous_coordinates
Node196,Node198,0.19206692784266122,6.081895142733666,5.846172849335533,6.137692491000052,5.62684553099884,2024.8591147517873,2025.0328767123287,2024-11-10,2025-01-13,Edo,Delta,continuous_coordinates
Node195,Node196,0.4692598447946532,6.4239114039845076,6.1575391219621345,6.081895142733666,5.846172849335533,2024.3713469751513,2024.8591147517873,2024-05-16,2024-11-10,Delta,Edo,continuous_coordinates
Node199,Node200,0.41162190140329014,6.49215339762131,6.227579342318707,6.731084681998401,6.250449459000982,2024.412742220301,2024.8196721311476,2024-05-31,2024-10-27,Delta,Delta,continuous_coordinates
Node201,Node202,0.5651606503915017,6.499589297553399,6.354069355574423,9.539558018999507,7.2150660159986035,2024.512943497019,2025.0739726027398,2024-07-07,2025-01-28,Delta,Benue,continuous_coordinates
Node201,Node203,0.6254346229942637,6.499589297553399,6.354069355574423,6.101946734000688,6.612251680999303,2024.512943497019,2025.1342465753426,2024-07-07,2025-02-19,Delta,Edo,continuous_coordinates
Node199,Node201,0.1007617226041786,6.49215339762131,6.227579342318707,6.499589297553399,6.354069355574423,2024.412742220301,2024.512943497019,2024-05-31,2024-07-07,Delta,Delta,continuous_coordinates
Node195,Node199,0.036500290052773776,6.4239114039845076,6.1575391219621345,6.49215339762131,6.227579342318707,2024.3713469751513,2024.412742220301,2024-05-16,2024-05-31,Delta,Delta,continuous_coordinates
Node194,Node195,0.07661955888151883,6.387967614079177,6.102308467160263,6.4239114039845076,6.1575391219621345,2024.2959293337176,2024.3713469751513,2024-04-18,2024-05-16,Delta,Delta,continuous_coordinates
Node204,Node205,0.7608616949016651,6.416536167540827,6.159097752136164,5.698087698000926,6.250840193000939,2024.4783860946686,2025.2356164383561,2024-06-24,2025-03-28,Delta,Edo,continuous_coordinates
Node204,Node206,0.5362041606553404,6.416536167540827,6.159097752136164,8.157416228000914,6.258970383001198,2024.4783860946686,2025.0109589041097,2024-06-24,2025-01-05,Delta,Ebonyi,continuous_coordinates
Node194,Node204,0.17982436264451174,6.387967614079177,6.102308467160263,6.416536167540827,6.159097752136164,2024.2959293337176,2024.4783860946686,2024-04-18,2024-06-24,Delta,Delta,continuous_coordinates
Node162,Node194,0.11382824858957452,6.380955603372623,6.006246790649192,6.387967614079177,6.102308467160263,2024.1835620720385,2024.2959293337176,2024-03-08,2024-04-18,Delta,Delta,continuous_coordinates
Node161,Node162,0.03609304649191292,6.3999276988531095,5.933886518284944,6.380955603372623,6.006246790649192,2024.149907228483,2024.1835620720385,2024-02-25,2024-03-08,Delta,Delta,continuous_coordinates
Node161,Node207,0.9481415992030928,6.3999276988531095,5.933886518284944,5.686733937999122,5.881423751000892,2024.149907228483,2025.0931506849315,2024-02-25,2025-02-04,Delta,Delta,continuous_coordinates
Node160,Node161,0.17455564825126624,6.66466681804154,5.491404089986869,6.3999276988531095,5.933886518284944,2023.9752725861829,2024.149907228483,2023-12-23,2024-02-25,Imo,Delta,continuous_coordinates
Node210,Node211,0.1549001260654298,7.334837814577233,5.227241720067578,7.830365946998279,5.064349945000952,2024.677739857296,2024.8251366120219,2024-09-05,2024-10-29,Abia,AkwaIbom,continuous_coordinates
Node210,Node212,0.1767580495627984,7.334837814577233,5.227241720067578,6.883986034999532,6.199332138998533,2024.677739857296,2024.8469945355191,2024-09-05,2024-11-06,Abia,Anambra,continuous_coordinates
Node209,Node210,0.16992621169704059,7.083375949611441,4.973066271847652,7.334837814577233,5.227241720067578,2024.507419455645,2024.677739857296,2024-07-05,2024-09-05,Rivers,Abia,continuous_coordinates
Node209,Node213,0.910648629850193,7.083375949611441,4.973066271847652,7.035448870001371,4.703323303999027,2024.507419455645,2025.4109589041095,2024-07-05,2025-05-31,Rivers,Rivers,continuous_coordinates
Node208,Node209,0.4013390961401253,6.96731936216187,4.974221576119521,7.083375949611441,4.973066271847652,2024.1004227292128,2024.507419455645,2024-02-07,2024-07-05,Rivers,Rivers,continuous_coordinates
Node215,Node216,0.7801645828179353,7.037844892628402,4.725161995934145,7.043249984999514,4.724800839999042,2024.5184290241484,2025.2904109589042,2024-07-09,2025-04-17,Rivers,Rivers,continuous_coordinates
Node215,Node217,0.5829043088452828,7.037844892628402,4.725161995934145,7.033983565999349,4.690992803999558,2024.5184290241484,2025.0931506849315,2024-07-09,2025-02-04,Rivers,Rivers,continuous_coordinates
Node214,Node215,0.2566349764766065,7.030011306532188,4.786298927348661,7.037844892628402,4.725161995934145,2024.2532752680831,2024.5184290241484,2024-04-03,2024-07-09,Rivers,Rivers,continuous_coordinates
Node218,Node219,0.5859435482036122,7.040029502315454,4.767276477540579,7.0942096630009095,4.7224358719998785,2024.407075879999,2024.9890710382513,2024-05-29,2024-12-28,Rivers,Rivers,continuous_coordinates
Node220,Node221,0.4855314399013084,7.028632381909067,4.774625718307746,7.00294523900072,4.7766639760005924,2024.4656834210614,2024.948087431694,2024-06-19,2024-12-13,Rivers,Rivers,continuous_coordinates
Node220,Node222,0.899087843823891,7.028632381909067,4.774625718307746,7.0371225619983875,4.786037776999761,2024.4656834210614,2025.3616438356164,2024-06-19,2025-05-13,Rivers,Rivers,continuous_coordinates
Node218,Node220,0.05942850174495229,7.040029502315454,4.767276477540579,7.028632381909067,4.774625718307746,2024.407075879999,2024.4656834210614,2024-05-29,2024-06-19,Rivers,Rivers,continuous_coordinates
Node214,Node218,0.14951609043791803,7.030011306532188,4.786298927348661,7.040029502315454,4.767276477540579,2024.2532752680831,2024.407075879999,2024-04-03,2024-05-29,Rivers,Rivers,continuous_coordinates
Node208,Node214,0.1546402214904241,6.96731936216187,4.974221576119521,7.030011306532188,4.786298927348661,2024.1004227292128,2024.2532752680831,2024-02-07,2024-04-03,Rivers,Rivers,continuous_coordinates
Node160,Node208,0.12851774064204569,6.66466681804154,5.491404089986869,6.96731936216187,4.974221576119521,2023.9752725861829,2024.1004227292128,2023-12-23,2024-02-07,Imo,Rivers,continuous_coordinates
Node140,Node160,0.21146911972506488,6.553347977868917,5.685433379946682,6.66466681804154,5.491404089986869,2023.7628480741678,2023.9752725861829,2023-10-06,2023-12-23,Delta,Imo,continuous_coordinates
Node139,Node140,0.562459528235463,6.178988861818936,6.4577447963035635,6.553347977868917,5.685433379946682,2023.200404449828,2023.7628480741678,2023-03-15,2023-10-06,Edo,Delta,continuous_coordinates
Node224,Node225,0.7677979244431037,5.999769689941326,7.113735690359169,6.870292760999404,10.524239060002067,2024.2674268406354,2025.0082191780823,2024-04-08,2025-01-04,Edo,Kaduna,continuous_coordinates
Node224,Node226,0.7951951847168004,5.999769689941326,7.113735690359169,5.525304472000675,6.360129159000512,2024.2674268406354,2025.035616438356,2024-04-08,2025-01-14,Edo,Edo,continuous_coordinates
Node223,Node224,0.9614986882619101,6.2405578140321705,6.825326750684265,5.999769689941326,7.113735690359169,2023.282106835804,2024.2674268406354,2023-04-14,2024-04-08,Edo,Edo,continuous_coordinates
Node230,Node231,0.14405906063353358,8.999430029988384,9.880369599157019,9.066952622000736,9.77853318100071,2024.6591928107146,2024.795081967213,2024-08-29,2024-10-18,Plateau,Plateau,continuous_coordinates
Node232,Node233,0.08299119236097718,8.998771814712324,9.93271054341748,8.937952708000719,9.994390822000886,2024.701601704032,2024.775956284153,2024-09-14,2024-10-11,Plateau,Plateau,continuous_coordinates
Node232,Node234,0.5125143602627955,8.998771814712324,9.93271054341748,11.233608480000868,10.844439670002108,2024.701601704032,2025.2054794520548,2024-09-14,2025-03-17,Plateau,Gombe,continuous_coordinates
Node230,Node232,0.041942185212582306,8.999430029988384,9.880369599157019,8.998771814712324,9.93271054341748,2024.6591928107146,2024.701601704032,2024-08-29,2024-09-14,Plateau,Plateau,continuous_coordinates
Node229,Node230,0.35073370217912303,8.648510363407917,9.672574995770175,8.999430029988384,9.880369599157019,2024.3039923772214,2024.6591928107146,2024-04-21,2024-08-29,Plateau,Plateau,continuous_coordinates
Node229,Node235,0.4292189923209062,8.648510363407917,9.672574995770175,8.92354420299951,9.976499551999472,2024.3039923772214,2024.7295081967213,2024-04-21,2024-09-24,Plateau,Plateau,continuous_coordinates
Node228,Node229,0.14371444532626976,7.4883731939594815,8.644218895512115,8.648510363407917,9.672574995770175,2024.1635962404166,2024.3039923772214,2024-03-01,2024-04-21,Nasarawa,Plateau,continuous_coordinates
Node237,Node238,0.35852510123935366,4.547517007986472,6.866683993397322,4.855721012000013,6.920948209999197,2024.706264147752,2025.054794520548,2024-09-15,2025-01-21,Ondo,Ondo,continuous_coordinates
Node237,Node239,0.22722784845085042,4.547517007986472,6.866683993397322,3.390027145000188,6.623985840000357,2024.706264147752,2024.9234972677596,2024-09-15,2024-12-04,Ondo,Lagos,continuous_coordinates
Node236,Node237,0.3138331517964972,6.1077358293106565,7.226669103767946,4.547517007986472,6.866683993397322,2024.3885527888176,2024.706264147752,2024-05-22,2024-09-15,Edo,Ondo,continuous_coordinates
Node236,Node240,0.6613993489261228,6.1077358293106565,7.226669103767946,6.389086909000854,5.071682201999309,2024.3885527888176,2025.0438356164384,2024-05-22,2025-01-17,Edo,Bayelsa,continuous_coordinates
Node228,Node236,0.2258615084381237,7.4883731939594815,8.644218895512115,6.1077358293106565,7.226669103767946,2024.1635962404166,2024.3885527888176,2024-03-01,2024-05-22,Nasarawa,Edo,continuous_coordinates
Node227,Node228,0.5934817784385935,6.910856423598153,8.295256979009617,7.4883731939594815,8.644218895512115,2023.5638799829073,2024.1635962404166,2023-07-26,2024-03-01,Kogi,Nasarawa,continuous_coordinates
Node245,Node246,0.15490849045367028,7.617010222171636,10.346815711314688,4.942683697000849,12.175129480001605,2024.847999786263,2024.9945355191257,2024-11-06,2024-12-30,Kaduna,Sokoto,continuous_coordinates
Node245,Node247,0.12212160520773674,7.617010222171636,10.346815711314688,8.832900360999025,10.22391694999946,2024.847999786263,2024.9617486338798,2024-11-06,2024-12-18,Kaduna,Plateau,continuous_coordinates
Node244,Node245,0.4312971185036105,6.977349985286529,9.515234558477667,7.617010222171636,10.346815711314688,2024.4158002333406,2024.847999786263,2024-06-01,2024-11-06,Niger,Kaduna,continuous_coordinates
Node248,Node249,0.5500404169706706,6.549913662736156,9.4432736138177,5.11903292000094,10.107885470001593,2024.6058401558528,2025.1479452054793,2024-08-10,2025-02-24,Niger,Niger,continuous_coordinates
Node248,Node250,1.0404513758748433,6.549913662736156,9.4432736138177,7.8257063983764885,5.02143658527862,2024.6058401558528,2025.6383561643836,2024-08-10,2025-08-22,Niger,AkwaIbom,continuous_coordinates
Node244,Node248,0.18957487834031972,6.977349985286529,9.515234558477667,6.549913662736156,9.4432736138177,2024.4158002333406,2024.6058401558528,2024-06-01,2024-08-10,Niger,Niger,continuous_coordinates
Node243,Node244,0.314863534120162,7.1893223859846564,9.15845536138928,6.977349985286529,9.515234558477667,2024.0956298808514,2024.4158002333406,2024-02-05,2024-06-01,Niger,Niger,continuous_coordinates
Node252,Node253,0.7363830704105885,7.1708126158328955,8.980925040235313,6.722810364000783,6.126657013999679,2024.345970434369,2025.0767123287671,2024-05-07,2025-01-29,FederalCapitalTerritory,Delta,continuous_coordinates
Node252,Node254,0.3318018891843708,7.1708126158328955,8.980925040235313,7.135207879000429,8.983729052998838,2024.345970434369,2024.672131147541,2024-05-07,2024-09-03,FederalCapitalTerritory,FederalCapitalTerritory,continuous_coordinates
Node251,Node252,0.17435294139314994,7.2389509288252345,9.142325276509485,7.1708126158328955,8.980925040235313,2024.1711611558414,2024.345970434369,2024-03-04,2024-05-07,FederalCapitalTerritory,FederalCapitalTerritory,continuous_coordinates
Node255,Node256,0.2760121105056459,7.915417457282489,9.876092589358526,11.247046339998803,10.294332120000034,2024.399656214162,2024.6693989071039,2024-05-26,2024-09-02,Kaduna,Gombe,continuous_coordinates
Node259,Node260,0.5387867156697141,7.222179493157252,10.485752618005382,7.433805861999338,10.524547809998072,2025.1514403342665,2025.6849315068494,2025-02-25,2025-09-08,Kaduna,Kaduna,continuous_coordinates
Node259,Node261,0.020978496491593224,7.222179493157252,10.485752618005382,7.071107322000781,10.425899309998675,2025.1514403342665,2025.1671232876713,2025-02-25,2025-03-03,Kaduna,Kaduna,continuous_coordinates
Node258,Node259,0.030110737483879935,7.290184988910538,10.511453249105333,7.222179493157252,10.485752618005382,2025.1238322246556,2025.1514403342665,2025-02-15,2025-02-25,Kaduna,Kaduna,continuous_coordinates
Node258,Node262,0.037390603838529324,7.290184988910538,10.511453249105333,7.287903037000854,10.561026490001401,2025.1238322246556,2025.1534246575343,2025-02-15,2025-02-26,Kaduna,Kaduna,continuous_coordinates
Node257,Node258,0.34280650767065357,7.467667904032649,10.512620844891453,7.290184988910538,10.511453249105333,2024.780909143532,2025.1238322246556,2024-10-13,2025-02-15,Kaduna,Kaduna,continuous_coordinates
Node264,Node265,0.01555377508370337,7.733490986749357,11.183654295985392,7.728682417000445,11.193678089999613,2025.0638592783293,2025.0712328767124,2025-01-24,2025-01-27,Kaduna,Kaduna,continuous_coordinates
Node264,Node266,0.01829350111106043,7.733490986749357,11.183654295985392,7.743527758998885,11.181736640001757,2025.0638592783293,2025.0739726027398,2025-01-24,2025-01-28,Kaduna,Kaduna,continuous_coordinates
Node263,Node264,0.19853981507741247,7.4735086240719735,10.590259634279061,7.733490986749357,11.183654295985392,2024.8644040570782,2025.0638592783293,2024-11-12,2025-01-24,Kaduna,Kaduna,continuous_coordinates
Node263,Node267,0.22505249427054475,7.4735086240719735,10.590259634279061,7.420820674000397,10.419329399999713,2024.8644040570782,2025.0821917808219,2024-11-12,2025-01-31,Kaduna,Kaduna,continuous_coordinates
Node257,Node263,0.08391174052629913,7.467667904032649,10.512620844891453,7.4735086240719735,10.590259634279061,2024.780909143532,2024.8644040570782,2024-10-13,2024-11-12,Kaduna,Kaduna,continuous_coordinates
Node255,Node257,0.3798407494269078,7.915417457282489,9.876092589358526,7.467667904032649,10.512620844891453,2024.399656214162,2024.780909143532,2024-05-26,2024-10-13,Kaduna,Kaduna,continuous_coordinates
Node251,Node255,0.22741047963469807,7.2389509288252345,9.142325276509485,7.915417457282489,9.876092589358526,2024.1711611558414,2024.399656214162,2024-03-04,2024-05-26,FederalCapitalTerritory,Kaduna,continuous_coordinates
Node243,Node251,0.07250994091522922,7.1893223859846564,9.15845536138928,7.2389509288252345,9.142325276509485,2024.0956298808514,2024.1711611558414,2024-02-05,2024-03-04,Niger,FederalCapitalTerritory,continuous_coordinates
Node242,Node243,0.0620530676828992,7.129820539460453,9.058717216502483,7.1893223859846564,9.15845536138928,2024.0342602033313,2024.0956298808514,2024-01-14,2024-02-05,FederalCapitalTerritory,Niger,continuous_coordinates
Node242,Node268,1.1959839519086457,7.129820539460453,9.058717216502483,7.258070108000451,8.866277270999705,2024.0342602033313,2025.227397260274,2024-01-14,2025-03-25,FederalCapitalTerritory,FederalCapitalTerritory,continuous_coordinates
Node241,Node242,0.15244979509849999,7.020090774563212,8.979035018408089,7.129820539460453,9.058717216502483,2023.8847991744613,2024.0342602033313,2023-11-20,2024-01-14,FederalCapitalTerritory,FederalCapitalTerritory,continuous_coordinates
Node270,Node271,0.7960244096189684,6.5683358551549365,9.620059640207625,6.47688435899947,9.609598196999368,2024.3858920965085,2025.1780821917807,2024-05-21,2025-03-07,Niger,Niger,continuous_coordinates
Node272,Node273,0.17662543090070315,5.324325924798647,13.072292332470608,5.332475103000839,13.03558089000198,2024.9564456171984,2025.1260273972603,2024-12-16,2025-02-16,Sokoto,Sokoto,continuous_coordinates
Node272,Node274,0.17662543090070315,5.324325924798647,13.072292332470608,5.283086255001076,13.205215099998457,2024.9564456171984,2025.1260273972603,2024-12-16,2025-02-16,Sokoto,Sokoto,continuous_coordinates
Node270,Node272,0.5673441841978847,6.5683358551549365,9.620059640207625,5.324325924798647,13.072292332470608,2024.3858920965085,2024.9564456171984,2024-05-21,2024-12-16,Niger,Sokoto,continuous_coordinates
Node269,Node270,0.3770282044877742,6.8800185461557986,9.068695706247984,6.5683358551549365,9.620059640207625,2024.009171761487,2024.3858920965085,2024-01-04,2024-05-21,FederalCapitalTerritory,Niger,continuous_coordinates
Node276,Node277,1.155889965072214,5.519066169752496,7.677219698896853,5.574632256000627,7.301221758001693,2024.4722714069928,2025.6191780821919,2024-06-22,2025-08-15,Ekiti,Ondo,continuous_coordinates
Node279,Node280,0.12831178211059924,5.07912665862218,7.606788709845318,5.890848989000138,7.636891185000395,2024.6442331517355,2024.7704918032787,2024-08-24,2024-10-09,Ekiti,Ondo,continuous_coordinates
Node279,Node281,0.12284730123648901,5.07912665862218,7.606788709845318,3.9158256582925715,7.3651181637850485,2024.6442331517355,2024.7650273224044,2024-08-24,2024-10-07,Ekiti,Oyo,continuous_coordinates
Node278,Node279,0.0742035297930419,5.220960385373234,7.618644273233918,5.07912665862218,7.606788709845318,2024.5762833643125,2024.6442331517355,2024-07-30,2024-08-24,Ekiti,Ekiti,continuous_coordinates
Node282,Node283,0.026961147600370827,4.969652236331743,7.621695992502026,4.7805247789999195,7.649039794998224,2024.6163707734634,2024.636612021858,2024-08-14,2024-08-21,Ekiti,Osun,continuous_coordinates
Node282,Node284,0.8095272079344227,4.969652236331743,7.621695992502026,8.40473573600068,7.390569739000055,2024.6163707734634,2025.4191780821918,2024-08-14,2025-06-03,Ekiti,Benue,continuous_coordinates
Node278,Node282,0.04167438288242087,5.220960385373234,7.618644273233918,4.969652236331743,7.621695992502026,2024.5762833643125,2024.6163707734634,2024-07-30,2024-08-14,Ekiti,Ekiti,continuous_coordinates
Node276,Node278,0.10468837425531197,5.519066169752496,7.677219698896853,5.220960385373234,7.618644273233918,2024.4722714069928,2024.5762833643125,2024-06-22,2024-07-30,Ekiti,Ekiti,continuous_coordinates
Node275,Node276,0.23757874925404066,6.777118384082627,8.922747975964326,5.519066169752496,7.677219698896853,2024.2320485778573,2024.4722714069928,2024-03-26,2024-06-22,FederalCapitalTerritory,Ekiti,continuous_coordinates
Node286,Node287,0.29567645456366554,6.795180506881173,10.779071634940555,7.34216188800059,11.247205980001254,2024.793139603503,2025.0794520547945,2024-10-17,2025-01-30,Kaduna,Kaduna,continuous_coordinates
Node286,Node288,0.692936728536299,6.795180506881173,10.779071634940555,4.231420466999617,12.078517999998352,2024.793139603503,2025.4767123287672,2024-10-17,2025-06-24,Kaduna,Kebbi,continuous_coordinates
Node285,Node286,0.4878403591978673,6.84243985135389,8.909251541616863,6.795180506881173,10.779071634940555,2024.2996490157886,2024.793139603503,2024-04-20,2024-10-17,FederalCapitalTerritory,Kaduna,continuous_coordinates
Node290,Node291,0.13770814349324867,3.629828996881886,6.818847959726821,3.643282346999459,6.982664513998785,2024.6924921581692,2024.8224043715848,2024-09-10,2024-10-28,Ogun,Ogun,continuous_coordinates
Node292,Node293,0.07925412417718991,3.364264959869937,6.4740391022552695,3.3733154340004576,6.414969188000728,2024.7901473269155,2024.863387978142,2024-10-16,2024-11-12,Lagos,Lagos,continuous_coordinates
Node292,Node294,0.032806036745310574,3.364264959869937,6.4740391022552695,3.316342211000268,6.471025694001095,2024.7901473269155,2024.8169398907103,2024-10-16,2024-10-26,Lagos,Lagos,continuous_coordinates
Node290,Node292,0.09943762587343774,3.629828996881886,6.818847959726821,3.364264959869937,6.4740391022552695,2024.6924921581692,2024.7901473269155,2024-09-10,2024-10-16,Ogun,Lagos,continuous_coordinates
Node289,Node290,0.24650160237967222,6.967424110238961,8.784354939655136,3.629828996881886,6.818847959726821,2024.4427604159364,2024.6924921581692,2024-06-11,2024-09-10,FederalCapitalTerritory,Ogun,continuous_coordinates
Node295,Node296,0.2964392630311492,7.152845673098956,8.828156540583754,7.27874182700134,8.834819951998334,2024.514172410126,2024.8060109289618,2024-07-07,2024-10-22,FederalCapitalTerritory,FederalCapitalTerritory,continuous_coordinates
Node297,Node298,0.8014890860076791,7.226202458397725,8.871864605390972,7.413800638998935,10.44636651000069,2024.6450765397021,2025.4383561643835,2024-08-24,2025-06-10,FederalCapitalTerritory,Kaduna,continuous_coordinates
Node297,Node299,0.11723128227979318,7.226202458397725,8.871864605390972,7.34902026900079,8.8123845069991,2024.6450765397021,2024.7540983606557,2024-08-24,2024-10-03,FederalCapitalTerritory,FederalCapitalTerritory,continuous_coordinates
Node295,Node297,0.12729541244518927,7.152845673098956,8.828156540583754,7.226202458397725,8.871864605390972,2024.514172410126,2024.6450765397021,2024-07-07,2024-08-24,FederalCapitalTerritory,FederalCapitalTerritory,continuous_coordinates
Node289,Node295,0.07137704021877234,6.967424110238961,8.784354939655136,7.152845673098956,8.828156540583754,2024.4427604159364,2024.514172410126,2024-06-11,2024-07-07,FederalCapitalTerritory,FederalCapitalTerritory,continuous_coordinates
Node285,Node289,0.14225938467884913,6.84243985135389,8.909251541616863,6.967424110238961,8.784354939655136,2024.2996490157886,2024.4427604159364,2024-04-20,2024-06-11,FederalCapitalTerritory,FederalCapitalTerritory,continuous_coordinates
Node275,Node285,0.07022587316744855,6.777118384082627,8.922747975964326,6.84243985135389,8.909251541616863,2024.2320485778573,2024.2996490157886,2024-03-26,2024-04-20,FederalCapitalTerritory,FederalCapitalTerritory,continuous_coordinates
Node269,Node275,0.2206797901916937,6.8800185461557986,9.068695706247984,6.777118384082627,8.922747975964326,2024.009171761487,2024.2320485778573,2024-01-04,2024-03-26,FederalCapitalTerritory,FederalCapitalTerritory,continuous_coordinates
Node241,Node269,0.1260660644070466,7.020090774563212,8.979035018408089,6.8800185461557986,9.068695706247984,2023.8847991744613,2024.009171761487,2023-11-20,2024-01-04,FederalCapitalTerritory,FederalCapitalTerritory,continuous_coordinates
Node227,Node241,0.3158705326314104,6.910856423598153,8.295256979009617,7.020090774563212,8.979035018408089,2023.5638799829073,2023.8847991744613,2023-07-26,2023-11-20,Kogi,FederalCapitalTerritory,continuous_coordinates
Node223,Node227,0.28417041525806974,6.2405578140321705,6.825326750684265,6.910856423598153,8.295256979009617,2023.282106835804,2023.5638799829073,2023-04-14,2023-07-26,Edo,Kogi,continuous_coordinates
Node139,Node223,0.08239777586076169,6.178988861818936,6.4577447963035635,6.2405578140321705,6.825326750684265,2023.200404449828,2023.282106835804,2023-03-15,2023-04-14,Edo,Edo,continuous_coordinates
Node138,Node139,0.10391858017512501,6.082161379525984,6.37753137222599,6.178988861818936,6.4577447963035635,2023.0969780588239,2023.200404449828,2023-02-05,2023-03-15,Edo,Edo,continuous_coordinates
Node301,Node302,0.42213095379468335,6.8411801962708925,7.770850260083065,7.444376792000662,8.939243515998472,2024.355727954356,2024.7677595628415,2024-05-10,2024-10-08,Kogi,FederalCapitalTerritory,continuous_coordinates
Node303,Node304,0.2775930743208055,6.6168002690567915,7.776017383405144,9.79928758299935,8.5859509839997,2024.943373556445,2025.213698630137,2024-12-11,2025-03-20,Kogi,Plateau,continuous_coordinates
Node305,Node306,0.4704012384441715,4.347827470429779,7.20715457233328,3.925159419999862,6.866833273000862,2025.150795278692,2025.6164383561643,2025-02-25,2025-08-14,Osun,Ogun,continuous_coordinates
Node305,Node307,0.4676615124168141,4.347827470429779,7.20715457233328,3.8842763670002123,7.351609527000996,2025.150795278692,2025.613698630137,2025-02-25,2025-08-13,Osun,Oyo,continuous_coordinates
Node303,Node305,0.20993156190385498,6.6168002690567915,7.776017383405144,4.347827470429779,7.20715457233328,2024.943373556445,2025.150795278692,2024-12-11,2025-02-25,Kogi,Osun,continuous_coordinates
Node301,Node303,0.5904769467693902,6.8411801962708925,7.770850260083065,6.6168002690567915,7.776017383405144,2024.355727954356,2024.943373556445,2024-05-10,2024-12-11,Kogi,Kogi,continuous_coordinates
Node300,Node301,0.42877521890750736,6.4708497030510586,6.388305990482873,6.8411801962708925,7.770850260083065,2023.922739131264,2024.355727954356,2023-12-04,2024-05-10,Delta,Kogi,continuous_coordinates
Node309,Node310,0.060228413223427646,6.6294905961557635,5.3481031026355685,6.054935858999698,5.414497712000824,2024.6079208353115,2024.6612021857923,2024-08-10,2024-08-30,Rivers,Delta,continuous_coordinates
Node309,Node311,0.26241420557340345,6.6294905961557635,5.3481031026355685,7.394331914001115,5.566133061000106,2024.6079208353115,2024.863387978142,2024-08-10,2024-11-12,Rivers,Imo,continuous_coordinates
Node308,Node309,0.12422531508060142,6.801086068030212,5.142669958349266,6.6294905961557635,5.3481031026355685,2024.485039914902,2024.6079208353115,2024-06-27,2024-08-10,Rivers,Rivers,continuous_coordinates
Node313,Node314,0.3069509468002549,7.03241918426179,4.784008056379133,7.016655674998843,4.7842613519996045,2024.9849626982702,2025.282191780822,2024-12-26,2025-04-14,Rivers,Rivers,continuous_coordinates
Node313,Node315,0.115170124882509,7.03241918426179,4.784008056379133,7.0491924050002055,4.784089829000807,2024.9849626982702,2025.0904109589042,2024-12-26,2025-02-03,Rivers,Rivers,continuous_coordinates
Node312,Node313,0.39200072821989695,6.984918945908422,4.824819657141924,7.03241918426179,4.784008056379133,2024.5842859011036,2024.9849626982702,2024-08-02,2024-12-26,Rivers,Rivers,continuous_coordinates
Node317,Node318,0.01365300402484293,7.040330205651799,4.707675001763031,7.013648394998824,4.700780270999663,2025.1934522410704,2025.2,2025-03-13,2025-03-15,,Rivers,continuous_coordinates
Node317,Node319,0.01365300402484293,7.040330205651799,4.707675001763031,7.075530118001522,4.711522038000108,2025.1934522410704,2025.2,2025-03-13,2025-03-15,,Rivers,continuous_coordinates
Node316,Node317,0.5128870588281775,7.014674245964802,4.7482837629896295,7.040330205651799,4.707675001763031,2024.6732149065751,2025.1934522410704,2024-09-03,2025-03-13,Rivers,,continuous_coordinates
Node320,Node321,0.01678194658993648,7.0218762579402645,4.7124062785249,7.032644345999875,4.721846445000073,2025.048455494876,2025.054794520548,2025-01-19,2025-01-21,Rivers,Rivers,continuous_coordinates
Node320,Node322,0.01678194658993648,7.0218762579402645,4.7124062785249,7.0111819090011425,4.700515281999072,2025.048455494876,2025.054794520548,2025-01-19,2025-01-21,Rivers,Rivers,continuous_coordinates
Node316,Node320,0.36455263681100325,7.014674245964802,4.7482837629896295,7.0218762579402645,4.7124062785249,2024.6732149065751,2025.048455494876,2024-09-03,2025-01-19,Rivers,Rivers,continuous_coordinates
Node312,Node316,0.09021983134533595,6.984918945908422,4.824819657141924,7.014674245964802,4.7482837629896295,2024.5842859011036,2024.6732149065751,2024-08-02,2024-09-03,Rivers,Rivers,continuous_coordinates
Node308,Node312,0.10649164831354652,6.801086068030212,5.142669958349266,6.984918945908422,4.824819657141924,2024.485039914902,2024.5842859011036,2024-06-27,2024-08-02,Rivers,Rivers,continuous_coordinates
Node300,Node308,0.559895067348849,6.4708497030510586,6.388305990482873,6.801086068030212,5.142669958349266,2023.922739131264,2024.485039914902,2023-12-04,2024-06-27,Delta,Rivers,continuous_coordinates
Node138,Node300,0.8242471807978531,6.082161379525984,6.37753137222599,6.4708497030510586,6.388305990482873,2023.0969780588239,2023.922739131264,2023-02-05,2023-12-04,Edo,Delta,continuous_coordinates
Node137,Node138,0.0821244000482837,5.925874433882535,6.304328724294015,6.082161379525984,6.37753137222599,2023.016135357144,2023.0969780588239,2023-01-07,2023-02-05,Edo,Edo,continuous_coordinates
Node324,Node325,0.8160205145540513,5.301564452485165,6.494237460147093,3.2631055130002915,6.647616788000911,2024.8504131580917,2025.6465753424657,2024-11-07,2025-08-25,Edo,Lagos,continuous_coordinates
Node324,Node326,0.19410270633505577,5.301564452485165,6.494237460147093,5.623815047999065,6.533952218998926,2024.8504131580917,2025.0246575342467,2024-11-07,2025-01-10,Edo,Edo,continuous_coordinates
Node323,Node324,0.9342023638347645,5.395867735630898,6.344181596255209,5.301564452485165,6.494237460147093,2023.901473389494,2024.8504131580917,2023-11-26,2024-11-07,Edo,Edo,continuous_coordinates
Node328,Node329,0.8237776055615759,4.272803343132647,6.464664734382043,4.039163866000267,6.709238734998976,2024.805384068209,2025.6164383561643,2024-10-22,2025-08-14,Ogun,Ogun,continuous_coordinates
Node328,Node330,0.14449771934259437,4.272803343132647,6.464664734382043,4.1028346070007995,6.416140865001359,2024.805384068209,2024.9371584699454,2024-10-22,2024-12-09,Ogun,Lagos,continuous_coordinates
Node327,Node328,0.20402797824084862,5.1100073270398925,6.259979058025861,4.272803343132647,6.464664734382043,2024.595806833956,2024.805384068209,2024-08-06,2024-10-22,Edo,Ogun,continuous_coordinates
Node331,Node332,0.38644271842017786,5.465758416514046,6.074824428788016,5.534829892999005,6.0097900460005516,2024.701107817863,2025.0821917808219,2024-09-14,2025-01-31,Edo,Edo,continuous_coordinates
Node331,Node333,0.5891824444474911,5.465758416514046,6.074824428788016,8.23770059800031,4.803838293999566,2024.701107817863,2025.2849315068493,2024-09-14,2025-04-15,Edo,AkwaIbom,continuous_coordinates
Node327,Node331,0.10711629003991407,5.1100073270398925,6.259979058025861,5.465758416514046,6.074824428788016,2024.595806833956,2024.701107817863,2024-08-06,2024-09-14,Edo,Edo,continuous_coordinates
Node323,Node327,0.6922803082850053,5.395867735630898,6.344181596255209,5.1100073270398925,6.259979058025861,2023.901473389494,2024.595806833956,2023-11-26,2024-08-06,Edo,Edo,continuous_coordinates
Node137,Node323,0.885870654783631,5.925874433882535,6.304328724294015,5.395867735630898,6.344181596255209,2023.016135357144,2023.901473389494,2023-01-07,2023-11-26,Edo,Edo,continuous_coordinates
Node119,Node137,0.28535317393859927,5.845832955913912,6.09147637950367,5.925874433882535,6.304328724294015,2022.7318031195946,2023.016135357144,2022-09-25,2023-01-07,Edo,Edo,continuous_coordinates
Node118,Node119,0.3685946015737338,6.360467997619461,5.697687166195854,5.845832955913912,6.09147637950367,2022.36551921528,2022.7318031195946,2022-05-14,2022-09-25,Delta,Edo,continuous_coordinates
Node118,Node334,0.38045226758937956,6.360467997619461,5.697687166195854,7.032867586958968,4.747230567283218,2022.36551921528,2022.7369863013698,2022-05-14,2022-09-27,Delta,Rivers,continuous_coordinates
Node117,Node118,0.40886591188405985,6.3329176871192665,5.9470816750071815,6.360467997619461,5.697687166195854,2021.9566457537164,2022.36551921528,2021-12-16,2022-05-14,Delta,Delta,continuous_coordinates
Node336,Node337,0.03310781314349587,7.280324499868856,8.790163750190626,7.349371595001134,8.955335114000157,2023.3866104831566,2023.4109589041095,2023-05-22,2023-05-31,FederalCapitalTerritory,FederalCapitalTerritory,continuous_coordinates
Node336,Node338,0.03310781314349587,7.280324499868856,8.790163750190626,7.225938470923224,8.658753224079792,2023.3866104831566,2023.4109589041095,2023-05-22,2023-05-31,FederalCapitalTerritory,FederalCapitalTerritory,continuous_coordinates
Node335,Node336,1.1550064444661894,6.165928301436933,6.144796139660528,7.280324499868856,8.790163750190626,2022.2293994884985,2023.3866104831566,2022-03-26,2023-05-22,Delta,FederalCapitalTerritory,continuous_coordinates
Node339,Node340,0.49978984731595455,6.032689670163181,6.196109284971423,7.063223812003399,5.654272300438495,2022.2893780796499,2022.7835616438356,2022-04-17,2022-10-14,Edo,Imo,continuous_coordinates
Node341,Node342,0.23479306791198207,3.8927207721250148,6.724685463745208,3.71597270100024,6.9958467809993845,2022.5176422441325,2022.7452054794521,2022-07-09,2022-09-30,Ogun,Ogun,continuous_coordinates
Node343,Node344,0.14165196984751738,3.756127541313555,6.717353235539382,3.3041282070005202,6.677244967000892,2022.5714076819734,2022.7068493150684,2022-07-29,2022-09-16,Ogun,Lagos,continuous_coordinates
Node345,Node346,0.035808038892978455,3.954332823912128,6.641753660266584,3.9404104913225555,6.575403886193903,2022.6967638484728,2022.7232876712328,2022-09-12,2022-09-22,Lagos,Lagos,continuous_coordinates
Node345,Node347,0.3179998197148084,3.954332823912128,6.641753660266584,7.48874136600176,9.149372877000127,2022.6967638484728,2023.0054794520547,2022-09-12,2023-01-03,Lagos,FederalCapitalTerritory,continuous_coordinates
Node343,Node345,0.12228228711899858,3.756127541313555,6.717353235539382,3.954332823912128,6.641753660266584,2022.5714076819734,2022.6967638484728,2022-07-29,2022-09-12,Ogun,Lagos,continuous_coordinates
Node341,Node343,0.05478493368075421,3.8927207721250148,6.724685463745208,3.756127541313555,6.717353235539382,2022.5176422441325,2022.5714076819734,2022-07-09,2022-07-29,Ogun,Ogun,continuous_coordinates
Node339,Node341,0.22664061502083754,6.032689670163181,6.196109284971423,3.8927207721250148,6.724685463745208,2022.2893780796499,2022.5176422441325,2022-04-17,2022-07-09,Edo,Ogun,continuous_coordinates
Node335,Node339,0.06092715001984983,6.165928301436933,6.144796139660528,6.032689670163181,6.196109284971423,2022.2293994884985,2022.2893780796499,2022-03-26,2022-04-17,Delta,Edo,continuous_coordinates
Node117,Node335,0.2751765246029514,6.3329176871192665,5.9470816750071815,6.165928301436933,6.144796139660528,2021.9566457537164,2022.2293994884985,2021-12-16,2022-03-26,Delta,Delta,continuous_coordinates
Node91,Node117,1.2530321851649022,6.689994180193239,6.027549388143005,6.3329176871192665,5.9470816750071815,2020.7031582097586,2021.9566457537164,2020-09-14,2021-12-16,Delta,Delta,continuous_coordinates
Node90,Node91,1.5594419713508971,6.87657329201377,5.637040815198375,6.689994180193239,6.027549388143005,2019.1471704894802,2020.7031582097586,2019-02-24,2020-09-14,Imo,Delta,continuous_coordinates
Node350,Node351,0.700460203578182,7.569178159589125,8.635617707558543,11.240038210001337,10.31255170000069,2022.0756935998982,2022.7671232876712,2022-01-29,2022-10-08,Nasarawa,Gombe,continuous_coordinates
Node352,Node353,0.3930022319096427,6.482087580151867,8.752408406377965,7.42268874299913,10.473939160001168,2022.4429556239793,2022.827397260274,2022-06-12,2022-10-30,Niger,Kaduna,continuous_coordinates
Node352,Node354,0.2669748346501195,6.482087580151867,8.752408406377965,3.5584549939996535,6.626146595999376,2022.4429556239793,2022.7013698630137,2022-06-12,2022-09-14,Niger,Lagos,continuous_coordinates
Node350,Node352,0.3677319442706808,7.569178159589125,8.635617707558543,6.482087580151867,8.752408406377965,2022.0756935998982,2022.4429556239793,2022-01-29,2022-06-12,Nasarawa,Niger,continuous_coordinates
Node349,Node350,2.571575606339543,6.953424571979071,5.606003016185712,7.569178159589125,8.635617707558543,2019.5003269353235,2022.0756935998982,2019-07-03,2022-01-29,Imo,Nasarawa,continuous_coordinates
Node355,Node356,3.1877657501897447,6.97226986316402,5.571717816354582,7.046810505000775,5.974502545999741,2019.6027018049556,2022.7780821917809,2019-08-09,2022-10-12,Imo,Anambra,continuous_coordinates
Node358,Node359,0.12161528672774136,7.104055481452054,5.439275460001689,7.111876796211087,5.434143432326851,2019.852344947633,2019.958904109589,2019-11-08,2019-12-17,Imo,Imo,continuous_coordinates
Node358,Node360,0.12161528672774136,7.104055481452054,5.439275460001689,7.102416527714034,5.428325198314238,2019.852344947633,2019.958904109589,2019-11-08,2019-12-17,Imo,Imo,continuous_coordinates
Node357,Node358,0.15319121180678597,7.01093297454024,5.511571939220198,7.104055481452054,5.439275460001689,2019.6988078261074,2019.852344947633,2019-09-13,2019-11-08,Imo,Imo,continuous_coordinates
Node362,Node363,0.9554379098482344,6.540797349812876,5.3284976032071585,6.391153689918219,5.084711851971662,2021.791734069156,2022.7397260273972,2021-10-17,2022-09-28,Bayelsa,Bayelsa,continuous_coordinates
Node367,Node368,0.3616424835213854,6.6751429734868815,5.977045094122997,3.3540481780000815,7.169734802999409,2022.460844956949,2022.8164383561643,2022-06-18,2022-10-26,Delta,Ogun,continuous_coordinates
Node367,Node369,0.2684917985905799,6.6751429734868815,5.977045094122997,7.062768500873419,6.1667481191376945,2022.460844956949,2022.7232876712328,2022-06-18,2022-09-22,Delta,Anambra,continuous_coordinates
Node366,Node367,0.2522648173529518,6.657213140664988,5.666505658299626,6.6751429734868815,5.977045094122997,2022.2096209131698,2022.460844956949,2022-03-19,2022-06-18,Rivers,Delta,continuous_coordinates
Node371,Node372,0.04418597788649459,8.127568562316679,4.6701892535957095,8.099085057998714,4.561946891999965,2022.7017984531024,2022.7369863013698,2022-09-14,2022-09-27,AkwaIbom,AkwaIbom,continuous_coordinates
Node371,Node373,0.0743229641876324,8.127568562316679,4.6701892535957095,8.251511670998696,4.779217326000132,2022.7017984531024,2022.7671232876712,2022-09-14,2022-10-08,AkwaIbom,AkwaIbom,continuous_coordinates
Node370,Node371,0.4192966449490987,6.728913258955974,5.615508622346883,8.127568562316679,4.6701892535957095,2022.2792656637769,2022.7017984531024,2022-04-13,2022-09-14,Imo,AkwaIbom,continuous_coordinates
Node374,Node375,0.4260288620958903,6.728274224709355,5.5428373431275,7.023650006223783,4.870999426396516,2022.340661370891,2022.7616438356165,2022-05-05,2022-10-06,Imo,Rivers,continuous_coordinates
Node376,Node377,0.13648176774375198,6.360652391937847,5.985046258913822,3.2456806035768055,6.5975488623370095,2022.5313021153088,2022.6602739726027,2022-07-14,2022-08-30,Delta,Lagos,continuous_coordinates
Node376,Node378,0.13648176774375198,6.360652391937847,5.985046258913822,6.681755969999458,6.092104812998841,2022.5313021153088,2022.6602739726027,2022-07-14,2022-08-30,Delta,Delta,continuous_coordinates
Node374,Node376,0.1881772313382073,6.728274224709355,5.5428373431275,6.360652391937847,5.985046258913822,2022.340661370891,2022.5313021153088,2022-05-05,2022-07-14,Imo,Delta,continuous_coordinates
Node370,Node374,0.06211129498612644,6.728913258955974,5.615508622346883,6.728274224709355,5.5428373431275,2022.2792656637769,2022.340661370891,2022-04-13,2022-05-05,Imo,Imo,continuous_coordinates
Node366,Node370,0.07097262324500919,6.657213140664988,5.666505658299626,6.728913258955974,5.615508622346883,2022.2096209131698,2022.2792656637769,2022-03-19,2022-04-13,Rivers,Imo,continuous_coordinates
Node365,Node366,0.1741340748526885,6.521045871474947,5.59829835169729,6.657213140664988,5.666505658299626,2022.034174793618,2022.2096209131698,2022-01-13,2022-03-19,Delta,Rivers,continuous_coordinates
Node365,Node379,0.678452334631761,6.521045871474947,5.59829835169729,6.313537291120655,5.78648894059906,2022.034174793618,2022.7068493150684,2022-01-13,2022-09-16,Delta,Delta,continuous_coordinates
Node364,Node365,0.17252578091560133,6.539414124506689,5.356803350818978,6.521045871474947,5.59829835169729,2021.8635634532513,2022.034174793618,2021-11-12,2022-01-13,Bayelsa,Delta,continuous_coordinates
Node380,Node381,0.6786132046264126,6.530486816377848,5.255805294546196,6.375287538663516,5.093247299266952,2022.1068596775012,2022.7808219178082,2022-02-09,2022-10-13,Bayelsa,Bayelsa,continuous_coordinates
Node382,Node383,0.4392481115853517,6.675349672820996,5.340496078866724,4.692654051999861,8.434971648000284,2022.2690260069858,2022.704109589041,2022-04-09,2022-09-15,Rivers,Kwara,continuous_coordinates
Node384,Node385,0.469874394449624,6.758765101563819,5.3272436773757,7.038125735189549,4.74946992575856,2022.3115874697237,2022.7780821917809,2022-04-25,2022-10-12,Imo,Rivers,continuous_coordinates
Node387,Node388,0.09164621554907537,6.8395746110955224,5.830936321826644,6.368166278966125,5.098984528015394,2022.652607125592,2022.7397260273972,2022-08-27,2022-09-28,Anambra,Bayelsa,continuous_coordinates
Node387,Node389,0.08616676349436059,6.8395746110955224,5.830936321826644,7.220016652113846,8.663631914222186,2022.652607125592,2022.7342465753425,2022-08-27,2022-09-26,Anambra,FederalCapitalTerritory,continuous_coordinates
Node386,Node387,0.14700649743052674,7.083152651154169,5.7232561868193725,6.8395746110955224,5.830936321826644,2022.5055840258813,2022.652607125592,2022-07-05,2022-08-27,Imo,Anambra,continuous_coordinates
Node386,Node390,0.21125545270574841,7.083152651154169,5.7232561868193725,8.22234656024246,6.241407678111596,2022.5055840258813,2022.7123287671234,2022-07-05,2022-09-18,Imo,Ebonyi,continuous_coordinates
Node384,Node386,0.19286551708677768,6.758765101563819,5.3272436773757,7.083152651154169,5.7232561868193725,2022.3115874697237,2022.5055840258813,2022-04-25,2022-07-05,Imo,Imo,continuous_coordinates
Node382,Node384,0.043346319875215755,6.675349672820996,5.340496078866724,6.758765101563819,5.3272436773757,2022.2690260069858,2022.3115874697237,2022-04-09,2022-04-25,Rivers,Imo,continuous_coordinates
Node380,Node382,0.1626527642742155,6.530486816377848,5.255805294546196,6.675349672820996,5.340496078866724,2022.1068596775012,2022.2690260069858,2022-02-09,2022-04-09,Bayelsa,Rivers,continuous_coordinates
Node364,Node380,0.2463375136604382,6.539414124506689,5.356803350818978,6.530486816377848,5.255805294546196,2021.8635634532513,2022.1068596775012,2021-11-12,2022-02-09,Bayelsa,Bayelsa,continuous_coordinates
Node362,Node364,0.0715830819719856,6.540797349812876,5.3284976032071585,6.539414124506689,5.356803350818978,2021.791734069156,2021.8635634532513,2021-10-17,2021-11-12,Bayelsa,Bayelsa,continuous_coordinates
Node361,Node362,1.9665486667497802,6.782120409953655,5.4384035402262185,6.540797349812876,5.3284976032071585,2019.8217617893426,2021.791734069156,2019-10-28,2021-10-17,Imo,Bayelsa,continuous_coordinates
Node393,Node394,0.8463427223327908,6.128942174510624,6.473430042642273,5.536477838325138,6.194967270203159,2021.975831743036,2022.8164383561643,2021-12-23,2022-10-26,Edo,Edo,continuous_coordinates
Node393,Node395,0.7641509415117023,6.128942174510624,6.473430042642273,7.214748844555285,8.660041592578711,2021.975831743036,2022.7342465753425,2021-12-23,2022-09-26,Edo,FederalCapitalTerritory,continuous_coordinates
Node392,Node393,0.10269523367348699,6.176079394147221,6.384947290539861,6.128942174510624,6.473430042642273,2021.8774766582912,2021.975831743036,2021-11-17,2021-12-23,Edo,Edo,continuous_coordinates
Node397,Node398,0.5785289937197775,5.756543084460761,7.212662091387148,6.355657350999634,7.778677706999615,2022.441973892713,2023.013698630137,2022-06-11,2023-01-06,Ondo,Kogi,continuous_coordinates
Node397,Node399,0.32373447317190474,5.756543084460761,7.212662091387148,4.957896120999568,7.281629960998972,2022.441973892713,2022.7589041095891,2022-06-11,2022-10-05,Ondo,Ondo,continuous_coordinates
Node396,Node397,0.26796105385225255,6.204587353238525,6.503746896505239,5.756543084460761,7.212662091387148,2022.174432767504,2022.441973892713,2022-03-06,2022-06-11,Edo,Ondo,continuous_coordinates
Node396,Node400,0.6437503215441089,6.204587353238525,6.503746896505239,7.111260551770212,5.4322545086900735,2022.174432767504,2022.8109589041096,2022-03-06,2022-10-24,Edo,Imo,continuous_coordinates
Node392,Node396,0.29980818240745544,6.176079394147221,6.384947290539861,6.204587353238525,6.503746896505239,2021.8774766582912,2022.174432767504,2021-11-17,2022-03-06,Edo,Edo,continuous_coordinates
Node391,Node392,1.5261851114263583,6.739141569789423,5.406860693947575,6.176079394147221,6.384947290539861,2020.3419702964468,2021.8774766582912,2020-05-05,2021-11-17,Rivers,Edo,continuous_coordinates
Node391,Node401,2.412209368803163,6.739141569789423,5.406860693947575,7.055051467497862,4.759798119001927,2020.3419702964468,2022.7534246575342,2020-05-05,2022-10-03,Rivers,,continuous_coordinates
Node361,Node391,0.5234758379317528,6.782120409953655,5.4384035402262185,6.739141569789423,5.406860693947575,2019.8217617893426,2020.3419702964468,2019-10-28,2020-05-05,Imo,Rivers,continuous_coordinates
Node357,Node361,0.13364183974584964,7.01093297454024,5.511571939220198,6.782120409953655,5.4384035402262185,2019.6988078261074,2019.8217617893426,2019-09-13,2019-10-28,Imo,Imo,continuous_coordinates
Node355,Node357,0.09378116946263582,6.97226986316402,5.571717816354582,7.01093297454024,5.511571939220198,2019.6027018049556,2019.6988078261074,2019-08-09,2019-09-13,Imo,Imo,continuous_coordinates
Node349,Node355,0.09522896383744239,6.953424571979071,5.606003016185712,6.97226986316402,5.571717816354582,2019.5003269353235,2019.6027018049556,2019-07-03,2019-08-09,Imo,Imo,continuous_coordinates
Node348,Node349,0.09217330982936911,6.929525457634332,5.62414553890869,6.953424571979071,5.606003016185712,2019.4101995639592,2019.5003269353235,2019-05-31,2019-07-03,Imo,Imo,continuous_coordinates
Node403,Node404,0.9990527312486549,5.228483579380538,6.524895039760992,5.672111245999987,6.720152886000753,2023.8325269193826,2024.8224043715848,2023-11-01,2024-10-28,Edo,Edo,continuous_coordinates
Node403,Node405,0.966265846002475,5.228483579380538,6.524895039760992,3.307195536999702,6.64334188000056,2023.8325269193826,2024.7896174863388,2023-11-01,2024-10-16,Edo,Lagos,continuous_coordinates
Node402,Node403,2.8525489700653175,6.949452260992847,5.663304455725038,5.228483579380538,6.524895039760992,2020.9781101671254,2023.8325269193826,2020-12-24,2023-11-01,Imo,Edo,continuous_coordinates
Node407,Node408,0.3252669077372743,7.818625338530036,5.014526461778857,7.760481317999998,5.006042991000703,2022.7105215188203,2023.0191780821917,2022-09-17,2023-01-08,AkwaIbom,AkwaIbom,continuous_coordinates
Node407,Node409,0.06499293513468674,7.818625338530036,5.014526461778857,7.907055727598757,4.984885919563165,2022.7105215188203,2022.7589041095891,2022-09-17,2022-10-05,AkwaIbom,AkwaIbom,continuous_coordinates
Node406,Node407,1.501984838650325,7.154186107513293,5.584808138105936,7.818625338530036,5.014526461778857,2021.1985367888065,2022.7105215188203,2021-03-14,2022-09-17,Imo,AkwaIbom,continuous_coordinates
Node415,Node416,0.1712168524923987,8.914337281109367,9.916565501216569,7.2408497569996095,10.366936320001402,2022.545338620861,2022.7095890410958,2022-07-19,2022-09-17,Plateau,Kaduna,continuous_coordinates
Node417,Node418,0.3513045469092142,10.896150990857908,10.616801683737954,12.162909589999098,10.671374280001025,2022.644569763154,2022.9917808219177,2022-08-24,2022-12-29,Gombe,Borno,continuous_coordinates
Node419,Node420,0.11676257129700351,13.463008547586432,12.464383828671954,13.423889710000353,12.50059372000077,2022.9095741571352,2023.0191780821917,2022-11-29,2023-01-08,Borno,Borno,continuous_coordinates
Node419,Node421,0.11676257129700351,13.463008547586432,12.464383828671954,13.558025379999892,12.484601739998556,2022.9095741571352,2023.0191780821917,2022-11-29,2023-01-08,Borno,Borno,continuous_coordinates
Node417,Node419,0.2619392358860111,10.896150990857908,10.616801683737954,13.463008547586432,12.464383828671954,2022.644569763154,2022.9095741571352,2022-08-24,2022-11-29,Gombe,Borno,continuous_coordinates
Node415,Node417,0.10210408640521074,8.914337281109367,9.916565501216569,10.896150990857908,10.616801683737954,2022.545338620861,2022.644569763154,2022-07-19,2022-08-24,Plateau,Gombe,continuous_coordinates
Node414,Node415,0.20672065481208612,7.614170506815014,6.505099566195422,8.914337281109367,9.916565501216569,2022.3400857775966,2022.545338620861,2022-05-05,2022-07-19,Enugu,Plateau,continuous_coordinates
Node414,Node422,0.5012251785366537,7.614170506815014,6.505099566195422,7.480527585547312,5.559809108046494,2022.3400857775966,2022.8328767123287,2022-05-05,2022-11-01,Enugu,Abia,continuous_coordinates
Node413,Node414,0.6759079015007208,7.2162684647122495,5.879982957323267,7.614170506815014,6.505099566195422,2021.6561948918627,2022.3400857775966,2021-08-29,2022-05-05,Imo,Enugu,continuous_coordinates
Node425,Node426,0.5804029749361299,7.227260143691337,8.731693466405043,7.230861128000829,9.242744857998686,2022.6312227948542,2023.2,2022-08-19,2023-03-15,FederalCapitalTerritory,Niger,continuous_coordinates
Node425,Node427,0.10643037219649942,7.227260143691337,8.731693466405043,7.222174058071796,8.658362378249516,2022.6312227948542,2022.7260273972602,2022-08-19,2022-09-23,FederalCapitalTerritory,FederalCapitalTerritory,continuous_coordinates
Node424,Node425,0.5036065594650787,7.372134637481156,6.19879150909643,7.227260143691337,8.731693466405043,2022.1229413986032,2022.6312227948542,2022-02-15,2022-08-19,Enugu,FederalCapitalTerritory,continuous_coordinates
Node430,Node431,0.18510384154892323,7.077671605868516,6.173661559813626,7.042450650121749,6.155370404291107,2022.5589741288766,2022.7369863013698,2022-07-24,2022-09-27,Anambra,Anambra,continuous_coordinates
Node430,Node432,0.174144937439209,7.077671605868516,6.173661559813626,3.3242911540000892,6.466287256000206,2022.5589741288766,2022.7260273972602,2022-07-24,2022-09-23,Anambra,Lagos,continuous_coordinates
Node429,Node430,0.06512281257065489,7.2598254183012845,6.167647171183071,7.077671605868516,6.173661559813626,2022.495187399591,2022.5589741288766,2022-07-01,2022-07-24,Enugu,Anambra,continuous_coordinates
Node433,Node434,0.07626644180550413,7.341048073070212,6.132048739344692,7.537164027999453,6.447262287998945,2022.6946801733864,2022.7589041095891,2022-09-12,2022-10-05,Enugu,Enugu,continuous_coordinates
Node435,Node436,0.017332257093030545,7.0867398655459395,5.433133905821124,7.076309892376265,5.434337449034531,2022.782237183463,2022.7917808219179,2022-10-14,2022-10-17,Imo,Imo,continuous_coordinates
Node435,Node437,0.03651033928462999,7.0867398655459395,5.433133905821124,7.093679770151089,5.42152424537868,2022.782237183463,2022.8109589041096,2022-10-14,2022-10-24,Imo,Imo,continuous_coordinates
Node433,Node435,0.0918108970408289,7.341048073070212,6.132048739344692,7.0867398655459395,5.433133905821124,2022.6946801733864,2022.782237183463,2022-09-12,2022-10-14,Enugu,Imo,continuous_coordinates
Node429,Node433,0.19587802053313874,7.2598254183012845,6.167647171183071,7.341048073070212,6.132048739344692,2022.495187399591,2022.6946801733864,2022-07-01,2022-09-12,Enugu,Enugu,continuous_coordinates
Node428,Node429,0.15305194417460033,7.531917248540732,6.189177781866444,7.2598254183012845,6.167647171183071,2022.3447975026636,2022.495187399591,2022-05-07,2022-07-01,Enugu,Enugu,continuous_coordinates
Node428,Node438,0.3273271334852055,7.531917248540732,6.189177781866444,8.197174726480926,6.240764169700829,2022.3447975026636,2022.6552544651634,2022-05-07,2022-08-28,Enugu,Ebonyi,continuous_coordinates
Node424,Node428,0.21771723747711347,7.372134637481156,6.19879150909643,7.531917248540732,6.189177781866444,2022.1229413986032,2022.3447975026636,2022-02-15,2022-05-07,Enugu,Enugu,continuous_coordinates
Node423,Node424,0.20078554522970826,7.130692579907817,5.833012649833161,7.372134637481156,6.19879150909643,2021.9213185704916,2022.1229413986032,2021-12-03,2022-02-15,Imo,Enugu,continuous_coordinates
Node441,Node442,0.10840911838907763,6.44696104966952,5.062929350849593,6.409297349024052,5.071032981771318,2022.7277897578613,2022.827397260274,2022-09-24,2022-10-30,Rivers,Bayelsa,continuous_coordinates
Node443,Node444,0.06655765366817379,6.392725487023658,5.029090213141345,6.411003457802745,5.089974456073312,2022.9255884794127,2022.9835616438356,2022-12-05,2022-12-26,Bayelsa,Bayelsa,continuous_coordinates
Node443,Node445,0.06655765366817379,6.392725487023658,5.029090213141345,6.317858752998813,4.919525484998968,2022.9255884794127,2022.9835616438356,2022-12-05,2022-12-26,Bayelsa,Bayelsa,continuous_coordinates
Node441,Node443,0.19801584828340602,6.44696104966952,5.062929350849593,6.392725487023658,5.029090213141345,2022.7277897578613,2022.9255884794127,2022-09-24,2022-12-05,Rivers,Bayelsa,continuous_coordinates
Node440,Node441,0.10439720142060516,6.555174266676359,5.079011668592088,6.44696104966952,5.062929350849593,2022.6257739944758,2022.7277897578613,2022-08-17,2022-09-24,Rivers,Rivers,continuous_coordinates
Node440,Node446,0.14979262118018344,6.555174266676359,5.079011668592088,7.359676856000469,5.100664101999557,2022.6257739944758,2022.7643835616439,2022-08-17,2022-10-07,Rivers,Abia,continuous_coordinates
Node439,Node440,0.1320472180635348,6.534169376034423,5.124889085788254,6.555174266676359,5.079011668592088,2022.4918184757257,2022.6257739944758,2022-06-30,2022-08-17,Rivers,Rivers,continuous_coordinates
Node447,Node448,0.14398309941565035,6.4093470849378535,5.081690888211196,6.399719662307542,5.063312331983827,2022.6665915846334,2022.8027397260273,2022-09-01,2022-10-21,Bayelsa,Bayelsa,continuous_coordinates
Node451,Node452,0.37961446376181374,4.994543920218454,6.151531875182634,5.46661694700014,6.1406691599990895,2024.4638347349721,2024.8333333333333,2024-06-19,2024-11-01,Ondo,Edo,continuous_coordinates
Node451,Node453,0.27852156758693836,4.994543920218454,6.151531875182634,3.7363388300000215,6.550122104001169,2024.4638347349721,2024.7322404371585,2024-06-19,2024-09-25,Ondo,Lagos,continuous_coordinates
Node450,Node451,1.741932183418387,6.392765676860056,5.084764063410987,4.994543920218454,6.151531875182634,2022.715904713889,2024.4638347349721,2022-09-19,2024-06-19,Bayelsa,Ondo,continuous_coordinates
Node450,Node454,0.48547358781968697,6.392765676860056,5.084764063410987,6.398820757773266,5.068867046991999,2022.715904713889,2023.1972602739727,2022-09-19,2023-03-14,Bayelsa,Bayelsa,continuous_coordinates
Node449,Node450,0.008657359228655626,6.396369898880729,5.077013688882237,6.392765676860056,5.084764063410987,2022.709323312979,2022.715904713889,2022-09-17,2022-09-19,Bayelsa,Bayelsa,continuous_coordinates
Node449,Node455,0.11604875526687586,6.396369898880729,5.077013688882237,6.394274191392445,5.094767181086223,2022.709323312979,2022.8191780821917,2022-09-17,2022-10-27,Bayelsa,Bayelsa,continuous_coordinates
Node447,Node449,0.04437270031301832,6.4093470849378535,5.081690888211196,6.396369898880729,5.077013688882237,2022.6665915846334,2022.709323312979,2022-09-01,2022-09-17,Bayelsa,Bayelsa,continuous_coordinates
Node439,Node447,0.17621290421113756,6.534169376034423,5.124889085788254,6.4093470849378535,5.081690888211196,2022.4918184757257,2022.6665915846334,2022-06-30,2022-09-01,Rivers,Bayelsa,continuous_coordinates
Node423,Node439,0.5673388020310624,7.130692579907817,5.833012649833161,6.534169376034423,5.124889085788254,2021.9213185704916,2022.4918184757257,2021-12-03,2022-06-30,Imo,Rivers,continuous_coordinates
Node413,Node423,0.2594612880783784,7.2162684647122495,5.879982957323267,7.130692579907817,5.833012649833161,2021.6561948918627,2021.9213185704916,2021-08-29,2021-12-03,Imo,Imo,continuous_coordinates
Node412,Node413,0.12285499711401915,7.191689639203188,5.948337152483106,7.2162684647122495,5.879982957323267,2021.5295973096383,2021.6561948918627,2021-07-13,2021-08-29,Anambra,Imo,continuous_coordinates
Node412,Node456,1.2123168442755823,7.191689639203188,5.948337152483106,7.235523936664403,8.638951397292534,2021.5295973096383,2022.7452054794521,2021-07-13,2022-09-30,Anambra,FederalCapitalTerritory,continuous_coordinates
Node411,Node412,0.12287394824457021,7.130767108101346,5.709212765031705,7.191689639203188,5.948337152483106,2021.4099886892545,2021.5295973096383,2021-05-31,2021-07-13,Imo,Anambra,continuous_coordinates
Node411,Node457,1.4009442171769817,7.130767108101346,5.709212765031705,7.118800443096863,5.464109871717823,2021.4099886892545,2022.8109589041096,2021-05-31,2022-10-24,Imo,Imo,continuous_coordinates
Node410,Node411,0.09659600149322767,7.103902034723195,5.674977573254871,7.130767108101346,5.709212765031705,2021.317827342963,2021.4099886892545,2021-04-27,2021-05-31,Imo,Imo,continuous_coordinates
Node461,Node462,0.06990991186094186,4.956610403305585,6.487543464062692,5.5062706390011416,6.48009728499931,2022.6092915913582,2022.658967740513,2022-08-11,2022-08-30,Ondo,Edo,continuous_coordinates
Node461,Node463,0.09983079157575592,4.956610403305585,6.487543464062692,3.3233657924073072,6.633328694135285,2022.6092915913582,2022.6986301369864,2022-08-11,2022-09-13,Ondo,Lagos,continuous_coordinates
Node460,Node461,0.9696654069538524,6.833950482772872,5.828324687776027,4.956610403305585,6.487543464062692,2021.6287455755653,2022.6092915913582,2021-08-18,2022-08-11,Anambra,Ondo,continuous_coordinates
Node466,Node467,0.3089936661102439,6.933595181107255,5.93547060294401,6.936898644000752,6.222807872998877,2022.3979231311707,2022.7013698630137,2022-05-26,2022-09-14,Anambra,Anambra,continuous_coordinates
Node466,Node468,0.41858270720550683,6.933595181107255,5.93547060294401,7.026958374999219,5.700965623999241,2022.3979231311707,2022.8109589041096,2022-05-26,2022-10-24,Anambra,Imo,continuous_coordinates
Node465,Node466,0.2401070627547992,6.933565020019423,5.8504035453528624,6.933595181107255,5.93547060294401,2022.1565864213835,2022.3979231311707,2022-02-27,2022-05-26,Anambra,Anambra,continuous_coordinates
Node470,Node471,0.13757968565353007,7.195436934868021,5.770878728010523,7.469156643377418,5.56331265562764,2022.6031247076296,2022.7342465753425,2022-08-09,2022-09-26,Imo,Abia,continuous_coordinates
Node470,Node472,0.13757968565353007,7.195436934868021,5.770878728010523,6.644396221001299,6.32287299499918,2022.6031247076296,2022.7342465753425,2022-08-09,2022-09-26,Imo,Delta,continuous_coordinates
Node469,Node470,0.203290825322191,7.185176118531787,5.716924333151956,7.195436934868021,5.770878728010523,2022.3973749905329,2022.6031247076296,2022-05-26,2022-08-09,Imo,Imo,continuous_coordinates
Node474,Node475,0.1355046289387638,7.3595044315569185,5.56727589837253,7.3654827200005375,5.621768969000229,2022.5663876513713,2022.6986301369864,2022-07-27,2022-09-13,Imo,Imo,continuous_coordinates
Node476,Node477,0.4012802718043802,7.330595628799793,5.598850525597795,7.390576790998319,5.267755059000904,2022.604009731275,2023.0027397260274,2022-08-09,2023-01-02,Imo,Abia,continuous_coordinates
Node476,Node478,0.11086931290048385,7.330595628799793,5.598850525597795,6.460380823999389,8.17297218099856,2022.604009731275,2022.7123287671234,2022-08-09,2022-09-18,Imo,Kogi,continuous_coordinates
Node474,Node476,0.03833394617538266,7.3595044315569185,5.56727589837253,7.330595628799793,5.598850525597795,2022.5663876513713,2022.604009731275,2022-07-27,2022-08-09,Imo,Imo,continuous_coordinates
Node473,Node474,0.026720401519676695,7.341716635923893,5.593122257391528,7.3595044315569185,5.56727589837253,2022.5402530692647,2022.5663876513713,2022-07-17,2022-07-27,Imo,Imo,continuous_coordinates
Node479,Node480,0.03866403967546095,7.481325510588617,5.4333112235852035,8.042386328000829,4.983138570001094,2022.6974828847733,2022.731506849315,2022-09-13,2022-09-25,Abia,AkwaIbom,continuous_coordinates
Node479,Node481,0.022225683511031935,7.481325510588617,5.4333112235852035,7.431976380512361,5.471586133876676,2022.6974828847733,2022.7150684931507,2022-09-13,2022-09-19,Abia,Abia,continuous_coordinates
Node473,Node479,0.156437703111866,7.341716635923893,5.593122257391528,7.481325510588617,5.4333112235852035,2022.5402530692647,2022.6974828847733,2022-07-17,2022-09-13,Imo,Abia,continuous_coordinates
Node469,Node473,0.14302904216103673,7.185176118531787,5.716924333151956,7.341716635923893,5.593122257391528,2022.3973749905329,2022.5402530692647,2022-05-26,2022-07-17,Imo,Imo,continuous_coordinates
Node465,Node469,0.2411069302182085,6.933565020019423,5.8504035453528624,7.185176118531787,5.716924333151956,2022.1565864213835,2022.3973749905329,2022-02-27,2022-05-26,Anambra,Imo,continuous_coordinates
Node464,Node465,0.04772543012978714,6.902242544431756,5.8304155907781405,6.933565020019423,5.8504035453528624,2022.1094922422867,2022.1565864213835,2022-02-10,2022-02-27,Anambra,Anambra,continuous_coordinates
Node482,Node483,0.17624309407190442,6.289714314603972,5.939057089449666,6.33839516057157,5.815594879304737,2022.5404115738845,2022.7068493150684,2022-07-17,2022-09-16,Delta,Delta,continuous_coordinates
Node482,Node484,0.2173389844829745,6.289714314603972,5.939057089449666,5.555974164000755,6.349187086998924,2022.5404115738845,2022.7479452054795,2022-07-17,2022-10-01,Delta,Edo,continuous_coordinates
Node464,Node482,0.42606251697763886,6.902242544431756,5.8304155907781405,6.289714314603972,5.939057089449666,2022.1094922422867,2022.5404115738845,2022-02-10,2022-07-17,Anambra,Delta,continuous_coordinates
Node460,Node464,0.47540976556213366,6.833950482772872,5.828324687776027,6.902242544431756,5.8304155907781405,2021.6287455755653,2022.1094922422867,2021-08-18,2022-02-10,Anambra,Anambra,continuous_coordinates
Node459,Node460,0.14507353036216042,6.978019686226397,5.815458493610816,6.833950482772872,5.828324687776027,2021.4896330089628,2021.6287455755653,2021-06-29,2021-08-18,Imo,Anambra,continuous_coordinates
Node486,Node487,0.26448326380056697,6.987152840789547,6.129089165665333,7.049516456820511,6.188200406961373,2022.4856767325036,2022.7369863013698,2022-06-27,2022-09-27,Anambra,Anambra,continuous_coordinates
Node486,Node488,0.26448326380056697,6.987152840789547,6.129089165665333,6.883558050001259,6.106516077999723,2022.4856767325036,2022.7369863013698,2022-06-27,2022-09-27,Anambra,Anambra,continuous_coordinates
Node485,Node486,0.8406970410351748,7.106068204347891,6.016688642339873,6.987152840789547,6.129089165665333,2021.6372599507517,2022.4856767325036,2021-08-22,2022-06-27,Anambra,Anambra,continuous_coordinates
Node489,Node490,0.21514365014006875,7.400856764372946,6.226992023265919,13.181750370000357,11.612111940001325,2021.7898534821347,2022.0,2021-10-16,2022-01-01,Enugu,Borno,continuous_coordinates
Node492,Node493,0.12154279365008946,7.516717797644703,6.530790545072385,7.520900187817144,6.542131667578481,2023.1116652497033,2023.2164383561644,2023-02-11,2023-03-21,Enugu,Enugu,continuous_coordinates
Node492,Node494,0.044830464882268384,7.516717797644703,6.530790545072385,7.51745194190129,6.535802536840998,2023.1116652497033,2023.1397260273973,2023-02-11,2023-02-21,Enugu,Enugu,continuous_coordinates
Node491,Node492,0.4255524629589251,7.30685919459352,5.881844898983897,7.516717797644703,6.530790545072385,2022.6844397451134,2023.1116652497033,2022-09-08,2023-02-11,Imo,Enugu,continuous_coordinates
Node495,Node496,0.24157592040153908,7.054196461395582,4.884041488447078,6.978576873676882,4.853864582703896,2022.932111855972,2023.1671232876713,2022-12-07,2023-03-03,Rivers,Rivers,continuous_coordinates
Node495,Node497,0.27445263273005693,7.054196461395582,4.884041488447078,7.101247662001236,4.657387742998962,2022.932111855972,2023.2,2022-12-07,2023-03-15,Rivers,Rivers,continuous_coordinates
Node491,Node495,0.2562042677144243,7.30685919459352,5.881844898983897,7.054196461395582,4.884041488447078,2022.6844397451134,2022.932111855972,2022-09-08,2022-12-07,Imo,Rivers,continuous_coordinates
Node489,Node491,0.8844867496955597,7.400856764372946,6.226992023265919,7.30685919459352,5.881844898983897,2021.7898534821347,2022.6844397451134,2021-10-16,2022-09-08,Enugu,Imo,continuous_coordinates
Node485,Node489,0.1530503533256189,7.106068204347891,6.016688642339873,7.400856764372946,6.226992023265919,2021.6372599507517,2021.7898534821347,2021-08-22,2021-10-16,Anambra,Enugu,continuous_coordinates
Node459,Node485,0.1477455884396246,6.978019686226397,5.815458493610816,7.106068204347891,6.016688642339873,2021.4896330089628,2021.6372599507517,2021-06-29,2021-08-22,Imo,Anambra,continuous_coordinates
Node458,Node459,0.03016220789643942,7.005740833590872,5.766004307792096,6.978019686226397,5.815458493610816,2021.4573962818502,2021.4896330089628,2021-06-17,2021-06-29,Imo,Imo,continuous_coordinates
Node498,Node499,1.0408526456991556,6.921915898942394,5.62196154531954,6.266082672000475,5.082738010999194,2021.6664374765433,2022.7150684931507,2021-09-01,2022-09-19,Imo,Bayelsa,continuous_coordinates
Node502,Node503,0.11127037793866457,7.0801534351852435,5.940904438820683,7.075187281073837,6.201739939506187,2022.5918117598417,2022.695890410959,2022-08-05,2022-09-12,Anambra,Anambra,continuous_coordinates
Node502,Node504,0.19894161081493644,7.0801534351852435,5.940904438820683,7.063066602480741,5.6598496088573125,2022.5918117598417,2022.7835616438356,2022-08-05,2022-10-14,Anambra,Imo,continuous_coordinates
Node501,Node502,0.1625492164281992,7.109772866178346,5.943699433425584,7.0801534351852435,5.940904438820683,2022.4312724266304,2022.5918117598417,2022-06-07,2022-08-05,Anambra,Anambra,continuous_coordinates
Node501,Node505,0.27381959436686376,7.109772866178346,5.943699433425584,8.793110840998748,9.722113627998944,2022.4312724266304,2022.695890410959,2022-06-07,2022-09-12,Anambra,Plateau,continuous_coordinates
Node500,Node501,0.5193555452767535,7.012616512257254,5.61032181802978,7.109772866178346,5.943699433425584,2021.9119857994117,2022.4312724266304,2021-11-30,2022-06-07,Imo,Anambra,continuous_coordinates
Node507,Node508,0.5941995322019888,7.0313238495010815,5.3907132155476045,7.0391951950004135,5.589557188000577,2022.12501983512,2022.7095890410958,2022-02-16,2022-09-17,Imo,Imo,continuous_coordinates
Node511,Node512,0.46534261557767165,7.158535467104999,5.176633482093072,7.089633534254995,5.416589458696597,2022.8288201571945,2023.2904109589042,2022-10-31,2023-04-17,Rivers,Imo,continuous_coordinates
Node514,Node515,0.17781649665847787,7.179499193762045,4.932747127455533,7.165034126001126,4.768798222000787,2022.9628740416672,2023.13698630137,2022-12-18,2023-02-20,Abia,Rivers,continuous_coordinates
Node516,Node517,0.16640960119695114,7.212928466381039,4.959385858862148,7.407889652000296,4.922993781998901,2023.0526124802332,2023.213698630137,2023-01-20,2023-03-20,Abia,Abia,continuous_coordinates
Node520,Node521,0.7868850542359054,8.132427529776512,6.690255418953494,3.3580111720002135,6.582011960999815,2024.0479459372575,2024.8306010928961,2024-01-19,2024-10-31,Ebonyi,Lagos,continuous_coordinates
Node523,Node524,0.04294008251320125,10.029878084208582,8.115827502804198,10.291313339999776,8.210537751999569,2024.8094104507834,2024.844262295082,2024-10-23,2024-11-05,Taraba,Taraba,continuous_coordinates
Node523,Node525,0.04294008251320125,10.029878084208582,8.115827502804198,9.698935407999688,8.000942200999301,2024.8094104507834,2024.844262295082,2024-10-23,2024-11-05,Taraba,Taraba,continuous_coordinates
Node522,Node523,0.4681868635296077,9.973105808287656,8.04702197947214,10.029878084208582,8.115827502804198,2024.3406127658925,2024.8094104507834,2024-05-05,2024-10-23,Taraba,Taraba,continuous_coordinates
Node522,Node526,0.4892690225456444,9.973105808287656,8.04702197947214,11.370608590001122,8.99702088299994,2024.3406127658925,2024.8224043715848,2024-05-05,2024-10-28,Taraba,Taraba,continuous_coordinates
Node520,Node522,0.2894193103790834,8.132427529776512,6.690255418953494,9.973105808287656,8.04702197947214,2024.0479459372575,2024.3406127658925,2024-01-19,2024-05-05,Ebonyi,Taraba,continuous_coordinates
Node519,Node520,0.20711358895139065,7.975592945607726,6.19594094263103,8.132427529776512,6.690255418953494,2023.8392362147845,2024.0479459372575,2023-11-03,2024-01-19,Ebonyi,Ebonyi,continuous_coordinates
Node527,Node528,0.023231725956247118,8.236007441492411,6.279626054510048,8.19591128999953,6.269888552000311,2025.1343964060632,2025.1479452054793,2025-02-19,2025-02-24,Ebonyi,Ebonyi,continuous_coordinates
Node527,Node529,0.023231725956247118,8.236007441492411,6.279626054510048,8.29021773200027,6.292262112000982,2025.1343964060632,2025.1479452054793,2025-02-19,2025-02-24,Ebonyi,Ebonyi,continuous_coordinates
Node519,Node527,1.2881110298144622,7.975592945607726,6.19594094263103,8.236007441492411,6.279626054510048,2023.8392362147845,2025.1343964060632,2023-11-03,2025-02-19,Ebonyi,Ebonyi,continuous_coordinates
Node518,Node519,0.7368557597726404,7.196229598936768,4.946788486944941,7.975592945607726,6.19594094263103,2023.1049466456902,2023.8392362147845,2023-02-08,2023-11-03,Abia,Ebonyi,continuous_coordinates
Node518,Node530,0.27011632376247574,7.196229598936768,4.946788486944941,6.991186459788872,4.83322819916729,2023.1049466456902,2023.3698630136987,2023-02-08,2023-05-16,Abia,Rivers,continuous_coordinates
Node516,Node518,0.05245766099567595,7.212928466381039,4.959385858862148,7.196229598936768,4.946788486944941,2023.0526124802332,2023.1049466456902,2023-01-20,2023-02-08,Abia,Abia,continuous_coordinates
Node514,Node516,0.08811922422933538,7.179499193762045,4.932747127455533,7.212928466381039,4.959385858862148,2022.9628740416672,2023.0526124802332,2022-12-18,2023-01-20,Abia,Abia,continuous_coordinates
Node513,Node514,0.09047199001431538,7.1675147522217,5.161466972377835,7.179499193762045,4.932747127455533,2022.8722750480777,2022.9628740416672,2022-11-15,2022-12-18,Rivers,Abia,continuous_coordinates
Node513,Node531,0.271028212700152,7.1675147522217,5.161466972377835,7.524042214523253,6.536364530735027,2022.8722750480777,2023.1397260273973,2022-11-15,2023-02-21,Rivers,Enugu,continuous_coordinates
Node511,Node513,0.043629471370398853,7.158535467104999,5.176633482093072,7.1675147522217,5.161466972377835,2022.8288201571945,2022.8722750480777,2022-10-31,2022-11-15,Rivers,Rivers,continuous_coordinates
Node510,Node511,0.5093128490739538,7.070840880590319,5.080341203907388,7.158535467104999,5.176633482093072,2022.3248669521138,2022.8288201571945,2022-04-30,2022-10-31,Rivers,Rivers,continuous_coordinates
Node510,Node532,0.8513677934192772,7.070840880590319,5.080341203907388,7.045159514295319,4.767592862126945,2022.3248669521138,2023.1671232876713,2022-04-30,2023-03-03,Rivers,,continuous_coordinates
Node509,Node510,0.11621808673802603,7.029212498004427,5.071875529863575,7.070840880590319,5.080341203907388,2022.204930247654,2022.3248669521138,2022-03-17,2022-04-30,Rivers,Rivers,continuous_coordinates
Node509,Node533,0.5374488938559026,7.029212498004427,5.071875529863575,6.994123590868467,4.857377031466605,2022.204930247654,2022.7369863013698,2022-03-17,2022-09-27,Rivers,Rivers,continuous_coordinates
Node507,Node509,0.08414789862025929,7.0313238495010815,5.3907132155476045,7.029212498004427,5.071875529863575,2022.12501983512,2022.204930247654,2022-02-16,2022-03-17,Imo,Rivers,continuous_coordinates
Node506,Node507,0.09129588803292643,7.0295572003495685,5.528261465614471,7.0313238495010815,5.3907132155476045,2022.0321990506877,2022.12501983512,2022-01-13,2022-02-16,Imo,Imo,continuous_coordinates
Node506,Node534,0.6937145983173107,7.0295572003495685,5.528261465614471,7.090385673029326,5.679317718612411,2022.0321990506877,2022.717808219178,2022-01-13,2022-09-20,Imo,Imo,continuous_coordinates
Node500,Node506,0.12137834954548454,7.012616512257254,5.61032181802978,7.0295572003495685,5.528261465614471,2021.9119857994117,2022.0321990506877,2021-11-30,2022-01-13,Imo,Imo,continuous_coordinates
Node498,Node500,0.2284994238637057,6.921915898942394,5.62196154531954,7.012616512257254,5.61032181802978,2021.6664374765433,2021.9119857994117,2021-09-01,2021-11-30,Imo,Imo,continuous_coordinates
Node458,Node498,0.22031764725352776,7.005740833590872,5.766004307792096,6.921915898942394,5.62196154531954,2021.4573962818502,2021.6664374765433,2021-06-17,2021-09-01,Imo,Imo,continuous_coordinates
Node410,Node458,0.14047951475938802,7.103902034723195,5.674977573254871,7.005740833590872,5.766004307792096,2021.317827342963,2021.4573962818502,2021-04-27,2021-06-17,Imo,Imo,continuous_coordinates
Node406,Node410,0.12149234963474953,7.154186107513293,5.584808138105936,7.103902034723195,5.674977573254871,2021.1985367888065,2021.317827342963,2021-03-14,2021-04-27,Imo,Imo,continuous_coordinates
Node402,Node406,0.22112366553346519,6.949452260992847,5.663304455725038,7.154186107513293,5.584808138105936,2020.9781101671254,2021.1985367888065,2020-12-24,2021-03-14,Imo,Imo,continuous_coordinates
Node348,Node402,1.5678885023465456,6.929525457634332,5.62414553890869,6.949452260992847,5.663304455725038,2019.4101995639592,2020.9781101671254,2019-05-31,2020-12-24,Imo,Imo,continuous_coordinates
Node90,Node348,0.2677202025432841,6.87657329201377,5.637040815198375,6.929525457634332,5.62414553890869,2019.1471704894802,2019.4101995639592,2019-02-24,2019-05-31,Imo,Imo,continuous_coordinates
Node89,Node90,2.1846437385041,6.920877089123237,5.2689168749784425,6.87657329201377,5.637040815198375,2016.9507595092316,2019.1471704894802,2016-12-14,2019-02-24,Imo,Imo,continuous_coordinates
Node536,Node537,0.05075900977504233,7.043170198186903,4.747832540542535,7.056210168289502,4.749147929694861,2017.813140467339,2017.854794520548,2017-10-25,2017-11-09,Rivers,,continuous_coordinates
Node538,Node539,0.02584827528427258,7.037343212974557,4.745825289054642,7.02242729240431,4.753807438362169,2017.8372927960913,2017.854794520548,2017-11-03,2017-11-09,Rivers,Rivers,continuous_coordinates
Node538,Node540,0.09982087802387252,7.037343212974557,4.745825289054642,7.044307118951464,4.733540166227438,2017.8372927960913,2017.9287671232876,2017-11-03,2017-12-06,Rivers,Rivers,continuous_coordinates
Node536,Node538,0.024910734490769748,7.043170198186903,4.747832540542535,7.037343212974557,4.745825289054642,2017.813140467339,2017.8372927960913,2017-10-25,2017-11-03,Rivers,Rivers,continuous_coordinates
Node535,Node536,0.05215337133139286,7.041810608648031,4.765437490163392,7.043170198186903,4.747832540542535,2017.762224742213,2017.813140467339,2017-10-06,2017-10-25,Rivers,Rivers,continuous_coordinates
Node535,Node541,0.10291238110643519,7.041810608648031,4.765437490163392,7.049447309298939,4.767179028689069,2017.762224742213,2017.854794520548,2017-10-06,2017-11-09,Rivers,,continuous_coordinates
Node89,Node535,0.8013319125638372,6.920877089123237,5.2689168749784425,7.041810608648031,4.765437490163392,2016.9507595092316,2017.762224742213,2016-12-14,2017-10-06,Imo,Rivers,continuous_coordinates
Node27,Node89,0.28987821801652736,6.86832148953236,5.370553067113276,6.920877089123237,5.2689168749784425,2016.6686219180901,2016.9507595092316,2016-09-02,2016-12-14,Imo,Imo,continuous_coordinates
Node9,Node27,0.06236113549983813,6.815652639103843,5.371136010131502,6.86832148953236,5.370553067113276,2016.6139716113198,2016.6686219180901,2016-08-13,2016-09-02,Imo,Imo,continuous_coordinates
Node8,Node9,0.10085653572309461,6.852083775068272,5.410809414659724,6.815652639103843,5.371136010131502,2016.5057290415887,2016.6139716113198,2016-07-04,2016-08-13,Imo,Imo,continuous_coordinates
Node542,Node543,0.2717902535854204,7.161212660216497,5.150039819296017,7.047289334490472,4.735461106070492,2017.5720571323673,2017.8328767123287,2017-07-29,2017-11-01,Rivers,Rivers,continuous_coordinates
Node542,Node544,0.3075950784620014,7.161212660216497,5.150039819296017,7.444136509751574,5.474298688835918,2017.5720571323673,2017.8659464784732,2017-07-29,2017-11-13,Rivers,Abia,continuous_coordinates
Node8,Node542,1.0636321211052202,6.852083775068272,5.410809414659724,7.161212660216497,5.150039819296017,2016.5057290415887,2017.5720571323673,2016-07-04,2017-07-29,Imo,Rivers,continuous_coordinates
Node2,Node8,0.12383409053906114,6.856599727272938,5.42513503768585,6.852083775068272,5.410809414659724,2016.3884682866703,2016.5057290415887,2016-05-22,2016-07-04,Imo,Imo,continuous_coordinates
Node1,Node2,0.1645990495404721,6.851547041521933,5.36890375522119,6.856599727272938,5.42513503768585,2016.2248300047722,2016.3884682866703,2016-03-23,2016-05-22,Imo,Imo,continuous_coordinates
Node553,Node554,0.5100723916129426,7.7991181372740215,5.982459006768079,7.470423585642626,5.543367645141187,2022.562424837967,2023.0630136986301,2022-07-25,2023-01-24,Ebonyi,Abia,continuous_coordinates
Node553,Node555,0.022523751803819714,7.7991181372740215,5.982459006768079,8.193137840267529,6.259363376928478,2022.562424837967,2022.5765501058133,2022-07-25,2022-07-30,Ebonyi,Ebonyi,continuous_coordinates
Node552,Node553,0.288872207150618,7.046720724447381,5.855477827477977,7.7991181372740215,5.982459006768079,2022.2731897592096,2022.562424837967,2022-04-11,2022-07-25,Imo,Ebonyi,continuous_coordinates
Node552,Node556,0.65666476281862,7.046720724447381,5.855477827477977,6.36297388990349,5.064355301576135,2022.2731897592096,2022.9451996681807,2022-04-11,2022-12-12,Imo,Bayelsa,continuous_coordinates
Node551,Node552,0.2226063134317977,6.531281695566651,6.132670490075046,7.046720724447381,5.855477827477977,2022.05032431384,2022.2731897592096,2022-01-19,2022-04-11,Delta,Imo,continuous_coordinates
Node557,Node558,0.06257929727912304,5.9674425004134894,6.743774553434211,6.03239492199865,7.027560914999101,2022.521232667129,2022.5784606637856,2022-07-10,2022-07-31,Edo,Edo,continuous_coordinates
Node557,Node559,0.3107336129171685,5.9674425004134894,6.743774553434211,5.525985538957254,6.234680471854393,2022.521232667129,2022.8164383561643,2022-07-10,2022-10-26,Edo,Edo,continuous_coordinates
Node551,Node557,0.46424195681237324,6.531281695566651,6.132670490075046,5.9674425004134894,6.743774553434211,2022.05032431384,2022.521232667129,2022-01-19,2022-07-10,Delta,Edo,continuous_coordinates
Node550,Node551,1.3841339616959862,6.238688678197804,6.006764396406432,6.531281695566651,6.132670490075046,2020.656789309691,2022.05032431384,2020-08-28,2022-01-19,Delta,Delta,continuous_coordinates
Node550,Node560,2.0440410382755534,6.238688678197804,6.006764396406432,3.956264325999704,6.766053494000422,2020.656789309691,2022.7013698630137,2020-08-28,2022-09-14,Delta,Ogun,continuous_coordinates
Node549,Node550,0.5113609107380457,6.62951332979792,5.648524949629962,6.238688678197804,6.006764396406432,2020.1456660948534,2020.656789309691,2020-02-23,2020-08-28,Rivers,Delta,continuous_coordinates
Node561,Node562,1.1888514503858794,6.9279072730609546,5.933340461293043,7.094702426082111,5.427027633806538,2021.592489646782,2022.7753424657535,2021-08-05,2022-10-11,Anambra,Imo,continuous_coordinates
Node561,Node563,1.1641939161395358,6.9279072730609546,5.933340461293043,7.246028760361158,8.656413594907196,2021.592489646782,2022.7506849315068,2021-08-05,2022-10-02,Anambra,FederalCapitalTerritory,continuous_coordinates
Node549,Node561,1.440523101367205,6.62951332979792,5.648524949629962,6.9279072730609546,5.933340461293043,2020.1456660948534,2021.592489646782,2020-02-23,2021-08-05,Rivers,Anambra,continuous_coordinates
Node548,Node549,1.3989070060527249,6.757632443599244,5.156227811504567,6.62951332979792,5.648524949629962,2018.7573956784302,2020.1456660948534,2018-10-04,2020-02-23,Rivers,Rivers,continuous_coordinates
Node548,Node564,0.4447199139709639,6.757632443599244,5.156227811504567,7.024378302215946,4.742711129875502,2018.7573956784302,2019.1917808219177,2018-10-04,2019-03-12,Rivers,Rivers,continuous_coordinates
Node547,Node548,0.9974545403772401,6.472234477556701,5.184041149373424,6.757632443599244,5.156227811504567,2017.7531204673182,2018.7573956784302,2017-10-03,2018-10-04,Bayelsa,Rivers,continuous_coordinates
Node547,Node565,0.03657954588596368,6.472234477556701,5.184041149373424,6.396630067176529,5.099643366263252,2017.7531204673182,2017.7845060205002,2017-10-03,2017-10-14,Bayelsa,Bayelsa,continuous_coordinates
Node546,Node547,0.06352459043897518,6.524132181285824,5.326767066680727,6.472234477556701,5.184041149373424,2017.6944309734304,2017.7531204673182,2017-09-11,2017-10-03,Bayelsa,Bayelsa,continuous_coordinates
Node546,Node566,0.10682630254282977,6.524132181285824,5.326767066680727,6.237173408584348,6.692196208250744,2017.6944309734304,2017.7945464652457,2017-09-11,2017-10-18,Bayelsa,Edo,continuous_coordinates
Node545,Node546,0.38380416712740306,6.790781647095977,5.097281988318135,6.524132181285824,5.326767066680727,2017.3101107430778,2017.6944309734304,2017-04-24,2017-09-11,Rivers,Bayelsa,continuous_coordinates
Node545,Node567,0.4675854036947005,6.790781647095977,5.097281988318135,7.013519139619965,4.769002202476085,2017.3101107430778,2017.7698630136986,2017-04-24,2017-10-09,Rivers,Rivers,continuous_coordinates
Node1,Node545,1.0932564124461486,6.851547041521933,5.36890375522119,6.790781647095977,5.097281988318135,2016.2248300047722,2017.3101107430778,2016-03-23,2017-04-24,Imo,Rivers,continuous_coordinates
