time	distance_tree10090000	distance_tree10180000	distance_tree10270000	distance_tree10360000	distance_tree10450000	distance_tree10540000	distance_tree10630000	distance_tree10720000	distance_tree10810000	distance_tree10900000	distance_tree10990000	distance_tree11080000	distance_tree11170000	distance_tree11260000	distance_tree11350000	distance_tree11440000	distance_tree11530000	distance_tree11620000	distance_tree11710000	distance_tree11800000	distance_tree11890000	distance_tree11980000	distance_tree12070000	distance_tree12160000	distance_tree12250000	distance_tree12340000	distance_tree12430000	distance_tree12520000	distance_tree12610000	distance_tree12700000	distance_tree12790000	distance_tree12880000	distance_tree12970000	distance_tree13060000	distance_tree13150000	distance_tree13240000	distance_tree13330000	distance_tree13420000	distance_tree13510000	distance_tree13600000	distance_tree13690000	distance_tree13780000	distance_tree13870000	distance_tree13960000	distance_tree14050000	distance_tree14140000	distance_tree14230000	distance_tree14320000	distance_tree14410000	distance_tree14500000	distance_tree14590000	distance_tree14680000	distance_tree14770000	distance_tree14860000	distance_tree14950000	distance_tree15040000	distance_tree15130000	distance_tree15220000	distance_tree15310000	distance_tree15400000	distance_tree15490000	distance_tree15580000	distance_tree15670000	distance_tree15760000	distance_tree15850000	distance_tree15940000	distance_tree16030000	distance_tree16120000	distance_tree16210000	distance_tree16300000	distance_tree16390000	distance_tree16480000	distance_tree16570000	distance_tree16660000	distance_tree16750000	distance_tree16840000	distance_tree16930000	distance_tree17020000	distance_tree17110000	distance_tree17200000	distance_tree17290000	distance_tree17380000	distance_tree17470000	distance_tree17560000	distance_tree17650000	distance_tree17740000	distance_tree17830000	distance_tree17920000	distance_tree18010000	distance_tree18100000	distance_tree18190000	distance_tree18280000	distance_tree18370000	distance_tree18460000	distance_tree18550000	distance_tree18640000	distance_tree18730000	distance_tree18820000	distance_tree18910000	distance_tree19000000
2015.76709673195	0	0	0	0	0	0	0	0	0	0	0	0	0	0	0	0	0	0	0	0	0	0	0	0	0	0	0	0	0	0	0	0	0	0	0	0	0	0	0	0	0	0	0	0	0	0	0	0	0	0	0	0	0	0	0	0	0	0	0	0	0	0	0	0	0	0	0	0	0	0	0	0	0	0	0	0	0	0	0	0	0	0	0	0	0	0	0	0	0	0	0	0	0	0	0	0	0	0	0	0
2015.86732576463	0	0	0	0	0	0	0	0	0	0	0	0	0	0	0	0	0	0	0	0	0	0	0	0	0	0	0	0	0	0	0	0	0	0	0	0	0	0	0	0	0	0	0	0	0	0	0	0	0	0	0	0	0	0	1.28404942970076	0	0	0	0	0	0	0	0	0	0	0	0	0	0	0	0	0	0	0	24.2660975916775	0	0	0	0	0	0	0	0	0	0	0	0	0	0	0	0	0	3.24261361386719	0	0	0	0	0	0	0
2015.96755479731	0	0	0	0	0	0	0	0	0	0	0	0	0	0	0	0	0	0	0	0	0	0	0	0	13.1369144781427	0	0	0	12.9324158164512	0	0	0	0	0	0	0	0	0	0	0	0	0	0	0	0	0	3.73106833986369	0	0	0	0	0	0	0	10.8306390506265	0	0	0	0	0	3.53203902231692	0	0	0	0	0	0	0	0	0	0	0	0	0	48.5320919473576	0	0	0	0	0	0	0	76.6727880742142	0	0	0	0	0	0	0	0	8.71663386908777	16.3099132185558	0	0	0	0	0	0	0
2016.06778382999	0	0	0	0	0	0	0	0	0	0	0	0	0	0	0	0	0	0	0	11.2129549550663	0	0	0	0	40.0458070560595	0	0	0	29.9702211603225	0	0	0	0	0	0	0	0	0	52.2902047207596	0	0	0	0	0	0	0	27.5411281774407	0	0	0	0	0	0	0	20.3777725380808	0	0	0	0	0	10.0478175810984	30.1500082654657	0	0	0	5.25262104939342	0	0	0	3.27971903049559	0	18.3037579851764	0	0	72.7979790918214	0.548762372694031	0	0	0	0	0	0	162.317840719506	0	0	37.2996920545079	0	0	0	0	0	19.6239529530927	29.3783994853706	0	3.50171790404553	0	0	12.1397455703831	14.7945058367249	0
2016.16801286267	13.4158233143508	0	0	0	0	0	0	0	0	0	0	0	0	0	0	0	0	0	0	25.5303774305456	0	0	33.8253588048622	12.4276706433469	66.9544862818547	0	0	3.96347796724035	47.0096604665573	0.0267925176403697	0	18.4448801168781	0	4.37467242468483	42.4813444788357	0	6.8497444390001	0	80.926832445729	0	0	0	0	6.34861814971499	0	0	51.3479074141202	3.95456703577338	0	0	0	0	0	0	29.9254456625503	0	0	0	0	0	28.17387057152	84.0833740446064	0	0	0	11.9780363588197	9.17141423993233	0	0	17.3885828248433	0	53.6434783293917	0	0	97.0637550496113	10.6407956744485	0	0	0	0	0	0	247.92454712293	0	0	49.7926919347564	0	0	2.3313149624428	0	0	30.5312283181304	42.4480601314861	0	11.8684105960065	4.66608942411761	0	43.0071277812529	45.4930620203373	0
2016.26824189535	61.1527999815645	16.9099907541043	0	5.45258352744132	0	0	0	15.6664893539915	9.21676368113741	0	0	44.5782197992414	8.3390142711379	0	28.1568345942946	0	0	2.84931420088581	0	39.8473844462511	23.798134931711	0	62.5874735298122	64.3011567090796	93.8629414323369	0	0	81.8239830183267	64.0507032856428	25.4525533060743	14.1151370425202	44.7353261326771	0	30.9450616124434	88.9666345489303	0	17.7718005658787	0	106.24552600858	0	0	0	25.6377482499625	24.4538280341298	8.28736576346999	0	75.1513426280373	14.62710612608	0	29.0417698721225	0	5.11774338375547	0	0.458093182963647	39.4736541986184	0	57.4943838822061	0	0	0	74.6183544459229	110.412612078051	8.40352105688	0	53.6395126487274	18.7036063491311	42.6857576750958	0	0	31.4969296044998	0	88.9790541735317	0	9.98895333906666	121.329415845386	20.733203177041	0	0	0	0	17.9351905192176	6.89134585066292	269.887107868367	0	0	62.2850215626917	0	3.60088967593437	56.4670119866025	0	0	41.4384598600086	57.6764921761826	71.1705771955452	20.2351520609538	12.0602562964576	6.2781433752328	83.0533512988939	76.194980743947	0
2016.36847092803	111.096059699657	39.9791693782934	0	23.2956951865934	21.0004608273014	0	9.28577955673432	51.3963788499237	28.501401125412	0	0	51.1196438520095	41.2509922420818	6.02525992038614	78.1509466701696	0	5.43373946383033	7.98684896071258	0	54.1639744953985	47.7512525935114	0	123.642313920964	79.7594331777084	120.771161784001	0	0	149.79700511115	81.0933191796769	56.3832675996985	66.7128950036272	65.5271228287399	0	55.0829649103166	111.739275780163	1.98616533142665	31.4752687303463	2.85700442691703	112.823619203122	39.0815090272692	10.1078333982073	45.5572494035317	121.896946220168	42.5601400127204	49.2266147777317	0	98.9513703444734	25.3003479668355	96.2584110729374	157.277128807992	39.1634839579928	15.9620044875219	5.3284399145808	7.28084207843707	49.0223939220535	82.3194847300345	179.539823893738	0	0	5.44296963472844	121.062837991496	135.975961965519	62.6397543402392	0	103.586110786861	25.4293304784109	64.917884248634	0	0	45.6047570054842	2.74999020218767	124.810624194675	0	87.1533540146169	179.267980412845	33.3448760354014	0	0	7.29767607969947	26.8502878534013	69.7443942345374	18.9296756641084	278.175854131861	72.7194821625195	0	74.7766696567792	7.08967965294203	20.6827332701317	110.616911992225	0	0	52.3456474762389	110.237330632682	105.612170932534	28.6019422335417	61.9685228900949	29.8465905453419	123.090814497193	116.838984409475	0
2016.46869996071	148.392830327408	97.1215660115859	33.3018552704613	58.0164323448346	78.878362203892	39.9397019357115	36.2489609658563	83.5158785919777	46.839488506581	0	0	57.6608296127021	74.1676696686421	25.9326095701937	245.342821521893	112.005004180372	11.6996163868227	42.9791228806787	18.4811251957774	68.4801460697795	71.7025309744257	0	147.010842352572	83.6770095278682	147.679136612325	0	50.6181806661436	211.986479193719	113.992025382345	87.313910887875	103.57143803811	84.1487235660146	0	84.336725534944	121.347213964118	4.50116575265745	47.9989815163961	19.4430150707864	122.575783446245	220.737687310692	39.0619788025357	137.112312578721	166.811847341636	60.667545679651	109.913375760781	118.994664116258	122.747927034411	151.236932741481	249.385995790134	301.926058990185	155.115521966022	39.5720135109808	56.1081097373987	14.1036654243259	58.5716606102438	210.300856673147	301.539696827416	19.110336888666	19.2555298473673	121.821701288596	167.507321184069	192.736345077307	94.8925337078908	0	138.620768374961	32.1552082015	87.1494290396673	50.3108891311074	36.511431034708	56.2101262415192	17.6863190489311	171.190982460965	0	117.341013069011	212.327553210633	46.9718385269046	10.1885687859709	0.328456013239466	91.2509705766708	64.2049926953518	135.430038475612	30.9680011003665	286.464539668918	93.0643131030177	21.785183927858	87.2676249329264	45.6080389578162	37.7640551341979	164.780086356561	37.859245690235	0	63.2527910632914	162.798173196347	108.936056473631	48.0945951037888	164.835733811646	44.5489670685693	163.11925255399	147.424627965072	0
2016.56892899339	214.708069647561	101.415085293149	65.8953063260618	92.7304648323246	139.586069829515	59.7762473174174	80.534283578323	126.080447186106	64.4863152144185	46.2391053105688	0	114.167308725113	128.417739208022	45.6568043108384	263.742714471351	159.901104180148	17.9655076228454	118.193748328105	50.7868691038037	163.296738810278	95.6519065666614	109.622259053431	173.029673553452	87.5946706350052	174.661572092759	12.6222457837248	83.2196632869016	274.154617826247	136.38769157165	118.24447985247	140.461858760148	102.768586777385	193.729892998538	113.592838690472	130.954681317332	7.01613900534221	64.522929573807	27.971821572292	192.327375906681	231.204518776282	103.034610220406	162.169384854423	198.321670731539	78.7760366379836	151.276852479831	173.073201054159	146.540949112544	167.845110183568	328.800825814329	326.449314942971	264.201323243703	48.50066068881	97.862102321877	35.3676055451123	68.1214500417667	247.231302419278	368.483634430793	49.457027051124	33.1850297745892	150.938341934909	286.648451258846	242.255735315102	185.484800846363	88.3949988311905	163.323196325691	67.4104957872834	116.309814889699	121.012976164316	114.436559984015	175.86019099768	134.478285889062	208.098510239721	35.4226615237018	181.303770540368	227.324036915033	68.7155987655142	54.7809950014523	19.3535786935928	104.130208739413	101.553469899981	201.092851841975	43.0063220750506	295.446551164119	113.410906529728	40.3947750845521	99.7578761046929	65.2437930554609	54.8448405140131	376.132194209572	116.999243050759	153.620014960573	104.719609860859	215.773417277174	170.581642755794	158.580741986563	272.475384340177	76.0612332158806	203.138400237885	183.929828324004	29.1838480041689
2016.66915802607	281.005187814774	103.880681105294	129.958577856239	127.437533829774	198.290713189024	88.8484481326787	129.545901884136	180.451144014804	82.1323166415194	102.360815538094	78.2410697912973	183.600919000369	204.992341435743	83.9419076513659	304.467086841955	225.547348312539	30.8210911444454	198.900956394408	99.4608509509575	172.370551951735	157.639855862406	127.30523469928	199.984310813699	95.5601606351639	201.661034731669	34.4133465141559	94.2493370832358	336.300541262749	158.531613600409	149.174971174719	199.729750527565	122.364172801799	234.337662054729	142.851280838383	140.561672446693	11.8520448888603	99.5134510116111	55.9996646057545	250.112488934006	248.662871965045	138.51759017213	239.740523955936	209.373265449829	162.858330385375	157.660241235571	223.099488061976	169.33425725207	181.551555796002	365.699845354277	382.844980243969	283.163635316682	79.757858872825	142.802396022342	58.5405505480155	77.6717579967676	300.132035735741	388.757836669466	183.003585642298	47.1155383184153	180.050558993031	341.58635167162	267.661144493602	276.032239840496	144.260457674354	195.006582439371	154.963953633427	154.651035686208	193.662369497519	192.375524864677	199.14316042701	147.459870616081	245.015225490604	106.292972087219	189.24705888881	242.319301481797	90.4576734232933	153.342375820163	36.2594019150338	124.482500076058	157.227289697325	236.609858773828	55.0446385022836	309.146544946376	182.294771134069	72.4635494195175	151.853272506048	84.8809793972904	131.820234512716	435.199161690314	201.353460046684	306.951108994669	137.735666040672	268.557189781329	178.057178808071	167.093030832362	380.06940610083	111.876459385754	243.147991891814	220.430805398109	92.4883081060122
2016.76938705876	347.28365548975	125.888842586211	161.36796977511	162.137380298094	256.975354322814	120.236256360026	178.544176930413	264.818824336844	99.7774696906339	163.643354046426	116.418703575854	244.90142572668	261.416540509311	111.007466141089	394.731458615339	291.170397832214	47.1517890550242	268.504579175489	185.735170516609	178.863936480889	183.341180162601	144.988064586215	234.831828715826	107.229732484828	247.134642314966	124.882782934783	139.911810253835	398.423367301368	193.58735250042	180.10538153536	254.385968847281	221.023262453405	276.20949656416	163.34514917234	150.168181959497	91.5868000599152	172.967250295934	138.726651841611	307.8930281462	267.169566665787	173.993340892109	277.780795649807	229.813080736487	195.179067149365	163.658193794084	266.15811669948	208.546012927353	223.375785440234	402.601283730226	477.603452533669	333.694863701507	129.858056903987	187.731396449727	110.414462635494	87.2225802560786	354.369089221925	409.034359897577	290.962756221681	108.69365641823	212.695878506812	385.677903973383	304.766248028374	366.532061907993	253.204182004052	269.338549044306	219.286200213087	162.472851249359	266.279843969944	229.646188546541	234.958030256906	244.105381865565	283.998498339541	125.466595161834	197.189972519949	257.719111430184	112.198013356022	251.844160820727	61.0896936788471	232.799648679771	215.319114507907	259.999647912504	84.6336406878233	346.531438260417	195.221393539963	104.53033310794	228.78061350688	104.519583680789	218.040739323086	493.933188971689	313.951646446903	432.2189475149	184.249254096636	347.266512988657	226.426791202012	219.899026514444	472.420632597663	173.125055722355	283.147761416096	256.927340297626	176.696957438124
2016.86961609144	413.542941151253	134.205058902727	192.77493302653	196.829744963201	315.638755609804	227.392885946612	227.528689625557	276.571298678271	117.421751260132	224.904119153244	203.576793322505	306.18798034877	317.832941351638	221.245694283655	550.471024796875	356.769094031628	137.154706475359	338.089143705261	279.722373295115	234.850784375715	246.397356142592	162.67074437642	319.631969725843	118.900034364962	328.239783119208	237.328511513071	304.228046294111	460.522211155468	279.594041964097	211.035707614768	271.035579266014	329.920258113089	318.074621949538	178.341308203586	159.774204461007	183.491396770604	246.393575353521	174.550309438468	365.668936478755	296.366969694493	209.461662471525	334.383234694355	254.815912732732	235.725978717107	185.228867007607	316.145581601493	245.597304313292	284.414220746155	409.987454175421	572.332006214955	394.213161365612	177.510111347347	232.648823057572	121.947343328722	101.267261566089	408.591842789967	449.15343242138	383.365194043515	258.25329681499	279.83851387001	470.272426452305	361.271123152818	456.981467000149	284.813305740644	343.640862161443	283.58710665744	224.51469066779	338.863330860985	244.174841729553	246.201643804444	322.244670329477	334.635929704767	144.641094329032	205.132509488925	275.340010842111	224.699802061095	350.280398304792	87.4795989183562	341.199639111304	273.399204883088	283.388275608224	103.147458175071	424.89824960572	258.961795190726	131.94953136871	305.674108223811	124.1595916184	291.356982897827	498.084638548583	440.080812521467	504.399581011835	262.155132737307	405.814110702713	295.855168320814	322.283315868572	474.649426863886	239.81798789231	323.137442252472	293.419214018065	260.866088024808
2016.96984512412	479.782511012938	161.938132180174	224.1793554628	239.359301560119	374.279677394471	342.236700631028	276.49901994628	284.429914521265	209.877073630194	286.142113794805	299.178590712905	367.460245704205	374.241436043485	369.570263675619	763.163204008051	422.342275104993	219.322427206549	407.65412714674	373.66274904808	362.2920064572	365.515843944102	249.359939459297	415.807232080036	131.198081176009	406.850265717068	349.701046767103	468.441713130086	475.805735677574	317.693377625537	280.770683940452	316.796912917823	438.678840332044	359.932910488027	272.600454870074	194.242193851109	278.994635092183	319.790249674926	309.454736672985	423.440156479687	336.989857742456	244.922354736432	338.77446198308	297.696115702448	283.200894073499	208.058369474275	325.760508528834	295.179903832593	345.430671586524	464.80524841292	667.029843622634	402.06817510993	226.879722864799	277.554394650961	184.695476028946	186.032839533741	462.799937634974	509.111677296496	425.451172623507	333.932303170167	346.957449716586	479.422829378076	382.103386957863	516.781516836093	345.071081521934	417.911128003151	347.865226852558	346.214618446728	411.410756155344	258.702209014111	257.445570247711	400.397192428098	386.648935043045	212.045344000658	213.07466785314	384.703560922123	269.435666589593	448.645118274864	180.479519590768	449.555606099862	331.467332472478	306.775736415542	203.545831429695	503.247545266777	353.321307304141	260.191152862509	382.531890917172	268.643637781233	364.644752598786	535.635941926492	566.132383815548	576.567655891809	342.795053974919	464.164642751568	369.863128792883	373.096864629023	476.878187662692	306.490633701899	363.116767367166	340.446729403036	344.992422667143
2017.0700741568	546.001828940079	209.108386237656	255.581124899403	273.82354777369	432.896877804048	457.035502841368	325.454746899499	309.234598602471	286.492375094459	315.104637528882	394.716229837975	428.717883212379	430.641916028942	502.51546147517	856.223749855146	487.88877595327	301.455419879351	477.199004142939	467.553575755296	496.716340252366	431.336119927411	344.060194493448	511.937048212146	147.426426985339	485.429779500546	461.993028124773	549.25807684333	479.832312511184	385.105502515775	342.749171210711	366.935399084468	471.425917107348	401.784234138689	296.702763032094	286.164515970034	374.459634734488	393.155092043063	444.238205690682	467.114972268839	367.770004045622	280.375217238268	361.26770838154	425.97768801251	330.665230578423	230.885674453844	361.100838931287	395.744302011626	406.423906883649	570.689025704902	735.617130030895	413.602337192943	276.232381365125	322.447829365498	255.378151816689	244.897860285233	516.993013784088	589.36815060808	480.862949114077	396.563248570199	405.243644675756	517.990350787358	430.866083379944	521.155086259145	411.952047579153	492.146947594478	412.119111877413	492.912697271374	441.50090117977	273.228271818695	268.689804444826	438.55331301567	438.643311040451	302.441990527198	258.275097381831	546.644099759648	311.266430897631	546.932329988306	273.440847126681	540.808629135133	381.32898919318	330.162024873382	303.881209747787	581.578918577151	447.632155819471	356.988249418915	454.731639923278	431.141612528444	437.902721600122	540.22750550717	692.101257761278	648.722954669028	423.404558534576	522.503150161167	443.83963646104	461.713508967643	479.106914936028	373.142287046549	400.095754305481	498.016165487016	429.072675209383
2017.17030318948	612.200356367005	282.286329608855	286.980129110406	300.859351606083	460.372785028193	571.787203067644	374.395448484723	320.484169497104	387.578291804375	330.340149791263	434.704967440784	489.960552830773	487.034272104208	504.218333616251	857.640156647808	514.765677262857	383.551865685627	526.47235203149	505.510770618727	570.910917556568	535.118476570394	438.71386226426	608.018833555617	285.621554862593	563.976944934073	482.981254804374	554.31226289689	483.858793265298	452.492717247259	364.868784333199	417.059470462024	504.172119312425	443.628464535844	319.133138511914	437.105726060506	469.88475696153	418.062597280699	521.166661918758	495.843980360962	398.079101105152	325.004651015469	403.294842539546	557.137149070719	378.118367272498	253.710723022816	393.618577956181	496.245099686118	467.392693027845	676.507531933807	742.40730223928	427.110037646477	301.831508388836	367.328844646555	333.984518679747	308.531637257409	571.170710058945	685.17717712897	536.267533830329	459.204639748566	409.910654181885	562.106888140696	510.996287096772	525.528764424245	461.219894139413	566.345916219819	476.34730975723	639.515555004334	454.12462454221	287.753011556767	280.237882111402	449.676216538665	469.213804613569	392.776566274353	321.050369423981	666.774998425223	353.099665296965	645.136019511211	366.361720609285	550.043534777387	399.201237922161	353.547135504732	404.149142669939	659.891960036126	492.853823497812	434.909063650379	487.723665589619	490.430865180994	487.469522022754	583.010391479683	708.333184360943	720.865258166498	503.98235768519	580.829373398516	517.782376378991	550.287146056822	481.335608627837	439.772239259119	406.388830408799	547.384460459607	464.124521731281
2017.27053222216	639.562886279547	355.449312127093	343.760421485476	333.808510293845	486.510614194369	686.489695106026	401.652315280645	331.734252297502	488.614307616356	345.574877463307	446.22494880568	551.187913009442	543.418394404166	505.921186139685	859.056557480139	527.352733827859	465.609938777483	529.049423093396	508.568590307089	574.182956645828	638.83385150704	533.318367000934	702.086651607947	444.608474110982	620.52806763984	494.664733337879	559.366293706522	487.885177752032	519.853904733359	378.745855225392	467.168519829361	536.917442541103	485.465472980133	359.99921436466	587.921988606863	565.268353120078	445.841059360914	545.415677285982	524.569954714094	428.388270452299	370.631508665502	451.850948237281	688.234070448689	425.559682607366	276.533456232934	426.138901082171	596.677444190852	528.335793689016	782.255870787413	749.197759432776	447.166856022369	312.790585967081	412.197157227707	412.568890644706	325.524438493564	625.33266403697	780.780765985303	591.664840437846	521.856334043443	414.57772335778	582.022543775299	569.944838260602	529.902550845546	463.339636858391	589.141856104939	524.491686616195	650.428948735142	466.748098465245	302.276409633516	339.529136190848	460.799205597282	493.988947948974	434.162878560255	347.083915132151	681.917354599406	394.935353200032	710.832352017313	459.240269537944	559.278218803842	417.073219068413	376.9310628164	504.345159677813	692.632157276172	501.606005754959	512.804566359283	578.809518525332	492.821612393262	494.053685031614	630.859011700954	710.196581703885	744.994726122881	584.527156975283	639.143051833736	591.689028183696	638.81532829312	483.564268691563	506.379778995129	412.682175683131	549.820876607439	473.660410491257
2017.37076125484	652.628358487689	428.59697552733	473.909597725062	362.438438704084	512.651550887657	760.086621730227	416.447454301791	347.159830482556	520.180636859383	360.808816908219	457.745688275106	570.482204494039	582.045602721068	507.624019023382	860.472952340911	539.939778461999	497.304183133004	531.626539973623	511.62634486344	577.455009668716	693.850638712487	604.125695739229	711.714253244974	603.507114131495	642.112656275035	506.348262554735	564.42016847397	491.91146577732	587.187944430824	397.10365841558	506.897173784752	569.661882112246	527.295130431001	400.941383669761	617.718448541618	587.237324609573	504.011666958201	569.668593382836	553.292775377932	458.697509302217	416.247602459182	500.400406668411	762.278910012438	472.988554386843	314.463056667488	465.42055951131	653.52906745687	549.390136948729	800.613890905099	755.988499721537	472.879270286726	323.750400873769	450.863267877796	432.589234423706	342.519182897737	635.008051515151	799.754151739357	647.054782037461	584.518189783354	419.244851872827	596.338941955454	579.210181587403	534.276445035805	465.459347605011	597.417513681641	541.854867655479	654.416548814338	479.371322430264	316.798447446093	398.816735838182	471.922278602358	518.768333869115	461.436355080758	373.114501365728	697.060311702598	436.773478123599	774.125923299529	515.198109521156	568.512678425625	434.944931865344	400.313801299072	530.106891801943	697.917769750918	510.357740738557	590.673718491419	667.48365655896	495.212352862024	500.637554464906	678.08750136894	712.059988509504	751.061091720083	615.918510916415	697.443923709925	608.374526049385	670.843318956333	485.792895075813	564.638043045048	418.975789079004	552.257307905394	483.196657917681
2017.47099028752	665.694419237118	501.728959420441	497.587890469718	391.074490099981	538.795567200521	803.761440202675	431.243464782876	387.579465691228	547.95853121242	376.041964484977	469.267177156778	584.800901853263	583.486213292297	509.326832239307	861.889341231441	552.526810966562	500.425327579177	534.203702570948	514.68403413743	580.727076565684	701.98180083967	607.268246177429	721.34245943353	648.153537132127	663.69435247063	518.031842305157	569.473886402209	495.937657150217	654.493712145515	425.183863327603	536.409590757013	602.405433321846	568.025428282406	435.262474896257	621.716473844423	598.609228808861	550.556150286151	593.925326242447	582.012322351944	489.00681487114	461.852707551758	548.943143226574	809.627486859681	520.40435970853	372.643769653726	529.793568127953	669.377233714326	562.365370686636	811.87624328267	762.77952121701	498.594241167133	334.710949065466	463.24998964696	445.041280787604	359.515852713325	644.590874808596	818.730207789409	674.726479581515	599.548338254046	423.912039397207	616.736848956485	588.476020979607	538.650446506647	467.579026334262	605.693571358883	559.217713294893	658.404145805197	491.994295916537	331.31910638423	458.100646697078	483.045433966726	543.551887833943	488.714900479136	399.142034501939	712.203859757555	476.293989831282	837.42608893774	545.16051614415	577.746910854945	452.816375544999	423.695345426962	545.720166235811	736.78653532805	519.109026435756	618.908397010862	734.240225322077	497.603086577012	507.221128624945	721.288441430956	713.923404757814	757.127286223934	621.689825028457	755.629147075521	616.990834752803	672.84776021178	488.021487729442	566.18713454231	425.269669533424	554.693754311255	492.733262901488
2017.5712193202	678.761066423847	570.480226962063	520.093401822543	419.716527229732	564.942635279274	847.425143913115	446.040342659607	428.006391687028	575.731290889091	391.274316548195	480.789406759377	599.119619670933	584.926809654394	511.029625757224	863.305724146872	565.113831143851	503.546538099315	536.780910786892	517.741657981219	583.999157279424	710.112717362027	610.41081262451	733.520894144565	665.625098100714	685.273120487546	529.715472440393	574.527446693782	499.963751678899	684.031905234506	475.278514785545	565.918132241691	618.711482580105	605.447305008686	469.583527610535	625.714471553425	609.980369427069	594.639841472219	618.185791942713	610.728475581565	556.564426618468	507.44659847945	597.479082905312	856.994151250621	575.245747221298	430.81026117642	582.872206864298	685.22728409594	575.341463575202	823.139003907106	769.570822030318	527.113488305628	345.672226502823	475.63730060311	457.493766637306	376.514430199905	654.174367987798	837.708902379108	679.690542895102	607.355666135471	428.579285601944	661.479842808559	597.742354250119	543.024554771825	469.69867299597	613.970027519471	576.580215907088	662.391739699808	504.617018402475	345.838367829664	517.380834088874	494.168670101863	568.339535371913	515.998391067813	425.166420877353	727.347988788121	510.071184712419	900.732419158751	575.122889502438	586.980913303327	470.687549337071	447.075689657935	561.335266111356	796.278247851904	527.859860832163	637.214400235888	801.006375814215	506.729905119926	513.80440581011	764.479570448959	715.786830426617	763.193309215203	627.4609766544	760.326567683476	627.26321785088	674.85217333667	490.250046603628	567.736232389574	431.563815981214	562.942275138646	502.270224334811
2017.67144835288	691.828297947044	624.547332137288	542.602628839481	448.364412969052	591.092727323527	889.993226567135	460.838083871426	468.440443426686	603.498816238088	406.505869447662	492.31236839434	613.43835770714	619.79345818635	512.7323995478	864.722101087187	577.700838795665	506.667814550929	539.358164517861	520.799216247473	620.156531681126	718.243385949206	613.553395071457	753.183920144666	683.094787261021	706.848924549149	541.399152811469	579.580848551211	505.851541918707	704.072956222246	595.487098637387	595.422749564329	630.890585378602	642.860962004803	503.90453862399	629.712441649477	621.350742012507	638.735089137492	642.449906604741	639.441114953392	623.83988682485	553.029049143566	646.008150292317	904.378251170264	658.549361933599	488.962218903354	601.896248222503	701.079196519628	588.318411035765	834.40217155554	776.362400274294	558.649858821174	356.634229148141	488.025192719174	469.94669066119	393.514897632077	663.758525934983	856.690203695999	684.654781821507	615.163116664807	433.246590157331	706.209254583621	607.009179210414	547.398769343752	471.818287540089	622.246880548439	593.94236786267	666.379330494794	544.232374154768	360.356213155561	576.65726300842	516.153569422478	595.216813820739	543.286703238612	451.187566785489	742.492688818484	551.536645600126	957.78511375646	605.085228325283	596.214682982329	490.61588498403	470.4548284334	576.95216810473	855.748216381088	539.663724933331	655.520402211911	867.781987159991	580.797203720419	520.387384319309	807.66067254062	717.65026549544	770.856289207048	633.231964752548	765.023843746735	637.535289526177	676.856558289274	492.478571646392	569.28533659577	437.858227358948	606.205214208622	511.80754111103
2017.77167738556	704.89611170862	655.607771516974	578.605503660109	482.086217640111	617.245815585186	929.494468345654	482.454880203727	531.404856642611	636.58580373234	421.736619528162	503.836053374562	640.91018532651	668.421865839328	522.864788180029	880.21087040893	590.28783372406	509.789156789852	541.935463663111	523.856708788282	678.421796489007	755.584921522256	616.695993510503	772.845648716821	700.56258487412	751.942181128184	553.082883269674	595.323675973843	514.690576074957	724.111400094188	715.71525394069	631.034002566934	643.068855441889	681.629998698945	564.909102506928	633.710384111425	632.72034211028	678.78672782499	666.717586390315	668.150120291603	691.144938167545	598.59983279276	694.530269562375	951.779135541586	741.890892496411	534.812271407595	620.921449484245	716.93294891596	601.296208493223	845.66574500564	796.23213674621	620.793006392309	402.01496427508	500.413657969919	482.400051548771	410.517237299309	673.343343534167	875.674079953186	707.13976799019	622.970689657806	437.913952733893	750.924540534723	616.276493672919	551.773089735236	500.684340736392	630.524128830774	611.304161531131	686.149051773474	619.388889051601	374.872623727167	635.929898117895	539.619863115732	650.094052677067	570.579713458074	477.205378473842	757.637949873959	711.723189280586	987.475568703482	639.451615683356	605.448217103361	539.163118767955	540.559533228405	592.570848902143	915.195591659068	552.552374581447	745.577521294321	934.56693951436	580.797203720419	542.265590527144	850.831531314987	732.743962383794	811.573593231373	640.23826466218	769.720975770154	651.043833217468	678.86091502513	510.742937839701	570.834447143738	444.152902602919	649.477029140656	548.26400318353
2017.87190641824	745.251449129202	686.674233063648	618.472199660439	541.136764968551	651.519279363636	968.984264358471	506.735940655166	604.12849197329	677.687958143861	449.070306166723	515.360453014638	702.95758271389	717.039619632843	582.28120992547	908.241397916124	605.730387452549	575.567356004892	609.659046597136	569.258746568692	737.37929863644	875.175277612418	629.543361277033	796.016519169598	747.460791923957	805.226927557452	589.424665328631	642.953854100607	523.529059285516	753.377742964415	715.71525394069	677.816712754868	694.212195991774	747.893995771922	628.480272386822	651.02792396623	654.931301091708	678.78672782499	690.98874750013	696.04226107396	758.425535284413	656.06078854901	735.802597670341	989.069648718887	741.890892496411	552.010931920152	639.94778566134	732.788519227436	614.274851376683	856.929723037627	835.829400683364	693.147950667609	444.584836690179	512.80268833014	494.853847991222	463.98163320497	729.455139975788	894.660499388453	733.961683992012	630.778384931646	470.987405058806	795.625156133523	625.544295451494	556.14751545967	556.414747265281	650.127792178479	643.811256849968	741.573193378203	683.311586174577	408.11134792069	683.307215577238	563.083872371829	706.592000063415	601.427180913473	503.219762141261	779.25022295415	711.723189280586	1017.1595211813	675.620676122851	728.797528890737	587.496995242618	540.559533228405	609.72243701606	915.195591659068	565.441590457716	745.577521294321	934.56693951436	610.735143981886	592.511971413431	850.831531314987	771.947131865641	852.281380717454	648.150476332092	792.165802333446	678.397528275474	701.339173847878	579.279812854706	618.843131628886	488.46139551109	652.408001715252	589.63921179837
2017.97213545092	797.920591512673	767.454698809226	659.285849006958	587.466385984646	687.774946246367	1028.39513092382	581.620676094973	676.82329613612	714.78967860831	479.733911876968	526.885558631298	779.01045675276	762.501859221817	582.28120992547	936.270221971567	664.798883323895	657.929471462493	609.659046597136	573.764417909964	806.254831336471	930.039163274378	645.540991976846	854.658707546769	824.517060112302	866.994514288651	647.344457592186	696.905480878795	575.153418037305	807.500400432739	715.71525394069	742.853777314971	744.453404769973	828.721583946447	672.18342703036	716.202768937354	704.358964441156	678.78672782499	715.263306171551	721.34479329519	825.680381562048	714.556903507137	765.721196700283	1050.21927425751	741.890892496411	592.835014092071	658.975231768955	757.011533440957	651.479892494507	885.893559094136	920.361030181696	765.462514817238	448.774502022166	525.192275775529	554.390954121413	646.07855276419	835.538981083408	919.733342807055	772.178731748366	659.258377294569	550.106808274068	845.954965861962	689.523766472821	575.26674392238	640.221344768126	705.266611651078	686.344136656937	788.874748479887	747.236390550704	493.418080107732	727.25097597687	563.083872371829	795.680095104392	735.737254442609	556.158115824637	812.09794652637	719.521864484163	1081.22991296837	711.790008193604	791.969663594954	632.890070660467	575.577200774615	637.92892096219	915.195591659068	578.331370503937	769.954731689997	934.56693951436	639.794301324005	704.467294461671	870.025596137665	835.258109135053	960.721998809803	744.681033240986	818.723579945166	705.745959838781	784.381149768054	622.776323490426	693.070941904954	541.838997200954	685.577353422858	662.213768200768
2018.0723644836	874.378140222811	834.188064507983	659.285849006958	681.354509447457	784.043282301645	1030.62750616073	657.512748502937	749.487821550017	750.027131029221	524.708682104337	584.886372634703	779.01045675276	832.563529548953	590.535219235149	1038.5609334932	717.083244519348	680.957780747014	693.02653159639	650.608459532487	815.078312793909	984.924244767693	751.423540973858	896.709439986369	910.121634133223	948.56206689397	759.562219489504	775.55759681826	643.070543727355	879.565468361562	715.71525394069	833.034686337299	795.73276082357	890.745855723161	716.167430065868	788.424447165892	762.297930010571	678.78672782499	774.757779046167	790.607815353479	892.908177012738	771.530522815415	822.948518688216	1069.05476887443	741.890892496411	621.883213102034	658.975231768955	760.702023642761	651.479892494507	940.661471608234	920.361030181696	799.947540751064	500.43256895875	612.532513256417	569.984541438936	646.07855276419	856.391580962933	930.740484931246	885.624301126356	744.383043089937	639.311251462787	845.954965861962	773.109523178793	724.744156986207	726.391675668452	726.986599873199	734.130045021713	851.105730657556	860.654708723603	640.156990429265	797.772850767673	629.463746820752	894.78895621761	735.737254442609	686.400154120057	924.583033825641	778.173168567123	1161.43045840141	718.938189947216	864.717484412885	717.495994320689	659.936944484607	727.31699927546	979.101412171106	647.757914762004	877.144509547756	934.56693951436	665.916155277067	788.532749432114	910.934488067824	898.622525314199	1034.30878416306	829.894258266946	904.550194882572	748.467827576549	833.215415670188	769.367701382074	733.815247226382	582.037566896234	707.765761936778	688.91982612402
2018.17259351628	918.079209901868	834.188064507983	722.221574754251	695.659780265382	854.961210391969	1108.6537869772	719.657227318783	822.120616022885	823.65836820441	590.951553170678	676.703708405026	834.706832374874	902.594269442132	651.679311181181	1118.64696572054	779.876635054825	763.894664906312	770.465193357871	734.184016351838	890.441498230613	1039.82950672729	821.359632248307	947.43880090918	980.132397858309	974.984026879418	825.957499502742	840.964316425423	711.020292374072	951.667849746582	715.71525394069	923.268141831823	847.029136262567	952.796548751948	783.352183623663	852.654039257767	828.500092500088	702.288262688817	794.463573641769	868.43046334397	960.107618044311	847.111801297545	899.846714100728	1145.51457077152	772.751665208691	671.248450026815	702.384546489681	828.435744183423	679.661653596964	997.87528176938	920.361030181696	866.183495091313	552.07640382388	696.633899022649	621.716485979266	646.07855276419	923.368426739602	979.588527945614	885.624301126356	790.781694220035	704.922950721529	877.012637836766	856.656977698125	724.744156986207	816.781007997818	821.569774447203	809.745514211416	931.723707971815	970.060409036257	644.866801055652	876.981069106233	688.28573356093	994.454775036263	776.819349568815	779.742400902812	1026.2444502215	836.803836146496	1245.83989273945	808.59708467464	937.50303764576	825.603971638682	735.036873855496	802.49960249304	1062.43771272292	691.533343662645	975.612128789931	934.56693951436	764.477178110425	872.648568056533	994.511399734898	986.400839774327	1107.93450067895	906.234915207162	966.281137066878	822.224101854569	897.324136857048	769.367701382074	790.818777529369	638.189668843113	810.951168767234	734.952495797367
2018.27282254896	985.231795415113	865.049108356953	791.114965194278	761.082711136139	925.912890959128	1186.71881631796	781.828387932265	894.720222457572	897.901960178822	657.168642853179	768.467140475421	903.703471206608	972.592360879353	712.846074788838	1198.76794064811	842.696600506402	846.878741419189	855.587408322106	817.807806219217	965.840811438518	1094.7539352088	891.326905960976	998.183260229888	1051.54856338707	1035.72368753566	892.382629201933	906.399800112053	779.000777347168	1023.80533197567	715.71525394069	1013.54962109532	898.341844428104	1014.87224602187	850.56681368926	916.911430808453	894.731334617695	767.621455357202	853.884297032516	946.296264323045	1027.27739722903	922.731689746702	976.785064602667	1222.01599508445	851.969131203887	753.818314679659	833.720580773698	896.149811363236	750.1586593176	1055.11032946785	986.138872514258	932.392229416218	603.705691883769	780.782103145744	673.463969162962	646.07855276419	990.375758796927	1028.45188556999	917.175058193009	858.165807896779	782.227620369478	922.642606318972	940.164453249932	795.609217569384	907.117902282305	925.668218985284	885.397892668439	1012.38636804314	1091.1394239739	726.767480157087	956.231800692457	759.4407627762	1094.18489133785	840.214970693244	873.141162050952	1127.9768874451	895.413236010139	1330.29763436843	898.312172400142	1010.32399135851	933.78950437329	810.175339979781	877.719989330865	1145.82092417986	773.671728057718	1074.14551765622	934.56693951436	863.105158645229	956.81120499826	1078.04395005976	1074.23425717932	1181.59703906262	982.616111647004	1040.11375400454	896.017083620741	961.452430228743	782.444784554915	847.844632374733	694.359641217422	916.721862376566	780.999059843121
2018.37305158164	1052.41357623992	910.093964081684	860.036855182516	826.533756851431	996.896189439399	1264.81966230285	844.024769085528	967.285178558394	972.181331246108	723.359109002257	860.173193086011	972.73111599139	1042.55608088025	780.050600810198	1278.92089765329	905.54163741563	929.906536174739	940.753018436858	901.476271104792	1041.27361051568	1149.69651756076	961.323251601721	1048.94201443488	1122.99826599143	1096.48504004216	958.835807541831	971.862327135296	847.010115450784	1095.97570692255	761.945383942262	1084.96535483291	949.670199748224	1076.97153284538	917.809753366599	981.194984436729	960.989918485798	832.980183070042	913.32752148726	1024.20246836433	1094.41620307343	998.387538093365	1053.76083396126	1298.55639028343	931.143012719166	837.827132923135	884.419692610284	963.843791116674	820.687279898141	1114.29014572526	1055.34067991829	998.572756924556	655.320117337514	864.973466632658	725.226387431618	686.856613410425	1057.41171966295	1077.329844352	989.797349742711	925.579124022398	859.569210015235	968.260983001927	1023.63026499292	872.21922753856	997.398758839901	1029.83652951082	961.08453720894	1093.09057857268	1202.86631034343	808.711087637156	1035.52240866237	830.627261226752	1193.9736492182	903.633398798159	966.591435461187	1229.77436719502	954.664659352326	1414.80047195313	988.079164974446	1083.17801805332	1042.0450876522	885.34997397879	952.97566537408	1229.24772951578	855.85248898573	1172.7388451137	934.56693951436	961.794302215051	1041.01712286986	1161.52977438588	1162.1188498841	1255.2942951636	1059.03529181679	1113.97969849915	969.844301834732	1025.59888067811	854.567917929045	904.89172913497	750.546812556967	1022.56524818474	827.058990461702
2018.47328061432	1119.62271791311	955.150295279953	928.985236147504	892.011348861962	1067.90897500083	1342.95339756673	906.244911789191	1039.81401653568	1046.49396962223	723.359109002257	860.173193086011	1041.78774987337	1112.48370116596	835.243507226582	1359.10287929072	968.410244545245	1012.9745819063	1025.95908441624	985.185860150665	1116.73725748287	1204.65624229584	1031.34656162948	1099.71426077903	1194.47939877171	1157.26670762946	1025.3152362724	1037.35017934654	915.046426560338	1168.17677046796	826.190478996349	1114.55821305662	1001.0135176653	1139.09299663069	985.079438967199	1045.50306516103	1027.27410899917	898.362894378593	972.792108074294	1102.14633144434	1161.52271978647	1074.07670086185	1130.7712911154	1375.13311030945	931.143012719166	921.786590029694	935.109980864653	1031.51724691932	891.245358693027	1169.63951798377	1124.51746977363	998.572756924556	655.320117337514	948.149767899306	777.003138252278	747.156629774316	1124.47445474323	1126.22169161623	1062.45112438417	993.019771477956	936.944915318896	1013.86754874404	1023.63026499292	948.866155863843	997.398758839901	1134.06795986295	1036.80280883691	1173.83321355408	1229.50672019927	890.694322268967	1114.85026239098	901.843055254319	1268.13026061777	967.073493574632	1060.08822817328	1331.63092710347	1028.94452923531	1499.34520194943	1077.89378407309	1156.0627941525	1121.60404856077	960.558411998076	1028.26414091618	1312.71481888783	938.07278360289	1271.38629279263	998.927696657976	1060.53882762929	1125.26279118602	1161.52977438588	1250.05069983697	1329.02416951384	1135.48990527487	1187.87705289001	1043.7032896241	1089.76207413283	926.722201761188	961.958986853139	806.750512795886	1128.47441091519	873.131760571608
2018.573509647	1187.41879464974	1026.00023199959	1032.84713445814	957.513921320265	1142.60377305829	1421.68412872855	968.487359084786	1039.81401653568	1120.83736748443	759.937709578825	860.173193086011	1110.87135900715	1112.48370116596	896.472126222367	1466.33944616876	1031.30092262986	1074.86878311138	1107.37853366497	1073.76282175857	1192.22911764807	1259.63209896186	1104.94676686948	1152.01263425639	1286.21315484653	1218.06731495043	1091.81911960367	1102.86164088054	986.193373892966	1250.81279944218	890.458553789548	1144.15492604968	1083.49623232901	1218.46545419405	1088.71523412307	1109.83404011443	1090.35995468953	971.708247443463	1032.27691967958	1174.98215132592	1161.52271978647	1149.79653653118	1207.56318889346	1451.74351392714	931.143012719166	921.786590029694	1026.92005244346	1031.51724691932	961.830742135094	1226.93135242728	1148.6204616411	998.572756924556	706.908759905024	1000.71701860034	851.526910149125	834.491452504568	1191.56211196921	1175.12671539206	1136.83093363886	1060.4858818089	1008.79242152734	1013.86754874404	1023.63026499292	1025.54753982667	1040.01195781389	1228.0535392606	1095.87820949194	1257.76789621948	1256.14358790398	975.270859097099	1194.21273682006	973.085974301921	1309.93303309946	1035.58606669102	1118.24973228717	1402.7093186243	1103.25470244317	1589.11232592951	1173.75393628856	1228.97599948034	1163.2482129519	1035.79829465738	1105.95208799213	1402.63055344061	1020.32977554785	1343.53314296683	1092.51137949999	1142.16796967078	1208.75606805811	1161.52977438588	1344.83217235829	1402.78456686439	1219.65816382836	1261.80390370549	1117.59158371649	1178.05118293053	998.905380430594	1019.04532609678	863.665212674778	1223.43754609189	919.216843763935
2018.67373867968	1187.41879464974	1026.00023199959	1032.84713445814	957.513921320265	1142.60377305829	1421.68412872855	968.487359084786	1039.81401653568	1120.83736748443	759.937709578825	860.173193086011	1110.87135900715	1112.48370116596	896.472126222367	1466.33944616876	1031.30092262986	1074.86878311138	1107.37853366497	1073.76282175857	1192.22911764807	1259.63209896186	1104.94676686948	1152.01263425639	1286.21315484653	1218.06731495043	1091.81911960367	1102.86164088054	986.193373892966	1250.81279944218	890.458553789548	1144.15492604968	1083.49623232901	1218.46545419405	1088.71523412307	1109.83404011443	1090.35995468953	971.708247443463	1032.27691967958	1174.98215132592	1161.52271978647	1149.79653653118	1207.56318889346	1451.74351392714	931.143012719166	921.786590029694	1036.46297025499	1031.51724691932	961.830742135094	1226.93135242728	1148.6204616411	998.572756924556	706.908759905024	1000.71701860034	851.526910149125	834.491452504568	1191.56211196921	1175.12671539206	1136.83093363886	1060.4858818089	1008.79242152734	1013.86754874404	1023.63026499292	1025.54753982667	1040.01195781389	1228.0535392606	1095.87820949194	1257.76789621948	1256.14358790398	975.270859097099	1194.21273682006	973.085974301921	1309.93303309946	1035.58606669102	1118.24973228717	1402.7093186243	1103.25470244317	1589.11232592951	1173.75393628856	1228.97599948034	1163.2482129519	1035.79829465738	1105.95208799213	1402.63055344061	1020.32977554785	1343.53314296683	1092.51137949999	1142.16796967078	1208.75606805811	1161.52977438588	1344.83217235829	1402.78456686439	1219.65816382836	1261.80390370549	1117.59158371649	1178.05118293053	998.905380430594	1019.04532609678	863.665212674778	1223.43754609189	919.216843763935
2018.77396771236	1187.41879464974	1026.00023199959	1032.84713445814	957.513921320265	1142.60377305829	1421.68412872855	968.487359084786	1039.81401653568	1120.83736748443	759.937709578825	860.173193086011	1110.87135900715	1112.48370116596	896.472126222367	1466.33944616876	1031.30092262986	1074.86878311138	1107.37853366497	1073.76282175857	1192.22911764807	1259.63209896186	1104.94676686948	1152.01263425639	1286.21315484653	1218.06731495043	1091.81911960367	1102.86164088054	986.193373892966	1250.81279944218	890.458553789548	1144.15492604968	1083.49623232901	1218.46545419405	1088.71523412307	1109.83404011443	1090.35995468953	971.708247443463	1032.27691967958	1174.98215132592	1161.52271978647	1149.79653653118	1207.56318889346	1451.74351392714	931.143012719166	921.786590029694	1087.12511159386	1031.51724691932	961.830742135094	1226.93135242728	1148.6204616411	998.572756924556	706.908759905024	1000.71701860034	851.526910149125	834.491452504568	1191.56211196921	1175.12671539206	1136.83093363886	1060.4858818089	1008.79242152734	1013.86754874404	1023.63026499292	1025.54753982667	1040.01195781389	1228.0535392606	1095.87820949194	1257.76789621948	1256.14358790398	975.270859097099	1194.21273682006	973.085974301921	1309.93303309946	1035.58606669102	1118.24973228717	1402.7093186243	1103.25470244317	1589.11232592951	1173.75393628856	1228.97599948034	1163.2482129519	1035.79829465738	1105.95208799213	1402.63055344061	1020.32977554785	1343.53314296683	1092.51137949999	1142.16796967078	1208.75606805811	1161.52977438588	1344.83217235829	1402.78456686439	1219.65816382836	1261.80390370549	1117.59158371649	1178.05118293053	998.905380430594	1019.04532609678	863.665212674778	1223.43754609189	919.216843763935
2018.87419674505	1187.41879464974	1026.00023199959	1032.84713445814	957.513921320265	1142.60377305829	1421.68412872855	968.487359084786	1039.81401653568	1120.83736748443	759.937709578825	860.173193086011	1110.87135900715	1112.48370116596	896.472126222367	1466.33944616876	1031.30092262986	1074.86878311138	1107.37853366497	1073.76282175857	1192.22911764807	1259.63209896186	1104.94676686948	1152.01263425639	1286.21315484653	1218.06731495043	1091.81911960367	1102.86164088054	986.193373892966	1250.81279944218	890.458553789548	1144.15492604968	1083.49623232901	1218.46545419405	1088.71523412307	1109.83404011443	1090.35995468953	971.708247443463	1032.27691967958	1174.98215132592	1161.52271978647	1149.79653653118	1207.56318889346	1451.74351392714	931.143012719166	921.786590029694	1137.77730970483	1031.51724691932	961.830742135094	1226.93135242728	1148.6204616411	998.572756924556	706.908759905024	1000.71701860034	851.526910149125	834.491452504568	1191.56211196921	1175.12671539206	1136.83093363886	1060.4858818089	1008.79242152734	1013.86754874404	1023.63026499292	1025.54753982667	1040.01195781389	1228.0535392606	1095.87820949194	1257.76789621948	1256.14358790398	975.270859097099	1194.21273682006	973.085974301921	1309.93303309946	1035.58606669102	1118.24973228717	1402.7093186243	1103.25470244317	1589.11232592951	1173.75393628856	1228.97599948034	1163.2482129519	1035.79829465738	1105.95208799213	1402.63055344061	1020.32977554785	1343.53314296683	1092.51137949999	1142.16796967078	1208.75606805811	1161.52977438588	1344.83217235829	1402.78456686439	1219.65816382836	1261.80390370549	1117.59158371649	1178.05118293053	998.905380430594	1019.04532609678	863.665212674778	1223.43754609189	919.216843763935
2018.97442577773	1187.41879464974	1026.00023199959	1032.84713445814	957.513921320265	1142.60377305829	1421.68412872855	968.487359084786	1039.81401653568	1120.83736748443	759.937709578825	860.173193086011	1110.87135900715	1112.48370116596	896.472126222367	1466.33944616876	1031.30092262986	1074.86878311138	1107.37853366497	1073.76282175857	1192.22911764807	1259.63209896186	1104.94676686948	1152.01263425639	1286.21315484653	1218.06731495043	1091.81911960367	1102.86164088054	986.193373892966	1250.81279944218	905.266278345086	1144.15492604968	1083.49623232901	1218.46545419405	1088.71523412307	1109.83404011443	1090.35995468953	971.708247443463	1032.27691967958	1174.98215132592	1161.52271978647	1149.79653653118	1207.56318889346	1451.74351392714	931.143012719166	921.786590029694	1153.78037476655	1031.51724691932	961.830742135094	1226.93135242728	1148.6204616411	998.572756924556	706.908759905024	1000.71701860034	851.526910149125	834.491452504568	1191.56211196921	1175.12671539206	1136.83093363886	1060.4858818089	1008.79242152734	1013.86754874404	1023.63026499292	1025.54753982667	1040.01195781389	1228.0535392606	1095.87820949194	1257.76789621948	1256.14358790398	975.270859097099	1194.21273682006	973.085974301921	1309.93303309946	1035.58606669102	1118.24973228717	1402.7093186243	1103.25470244317	1589.11232592951	1173.75393628856	1228.97599948034	1163.2482129519	1035.79829465738	1105.95208799213	1402.63055344061	1020.32977554785	1343.53314296683	1092.51137949999	1142.16796967078	1208.75606805811	1161.52977438588	1344.83217235829	1402.78456686439	1219.65816382836	1261.80390370549	1117.59158371649	1178.05118293053	998.905380430594	1019.04532609678	863.665212674778	1223.43754609189	919.216843763935
2019.07465481041	1187.41879464974	1026.00023199959	1032.84713445814	957.513921320265	1142.60377305829	1421.68412872855	968.487359084786	1039.81401653568	1120.83736748443	759.937709578825	860.173193086011	1110.87135900715	1112.48370116596	896.472126222367	1466.33944616876	1031.30092262986	1074.86878311138	1107.37853366497	1073.76282175857	1192.22911764807	1259.63209896186	1104.94676686948	1152.01263425639	1286.21315484653	1218.06731495043	1091.81911960367	1102.86164088054	986.193373892966	1250.81279944218	911.399740175366	1144.15492604968	1083.49623232901	1218.46545419405	1088.71523412307	1109.83404011443	1090.35995468953	971.708247443463	1032.27691967958	1174.98215132592	1161.52271978647	1149.79653653118	1207.56318889346	1451.74351392714	931.143012719166	921.786590029694	1165.53721327325	1031.51724691932	961.830742135094	1226.93135242728	1175.78998986065	998.572756924556	706.908759905024	1000.71701860034	851.526910149125	834.491452504568	1191.56211196921	1175.12671539206	1136.83093363886	1060.4858818089	1008.79242152734	1013.86754874404	1023.63026499292	1025.54753982667	1040.01195781389	1228.0535392606	1095.87820949194	1257.76789621948	1256.14358790398	975.270859097099	1194.21273682006	973.085974301921	1309.93303309946	1035.58606669102	1118.24973228717	1402.7093186243	1103.25470244317	1589.11232592951	1173.75393628856	1228.97599948034	1163.2482129519	1035.79829465738	1105.95208799213	1402.63055344061	1020.32977554785	1343.53314296683	1092.51137949999	1142.16796967078	1208.75606805811	1161.52977438588	1344.83217235829	1402.78456686439	1219.65816382836	1261.80390370549	1117.59158371649	1178.05118293053	998.905380430594	1019.04532609678	863.665212674778	1223.43754609189	919.216843763935
2019.17488384309	1187.41879464974	1026.00023199959	1032.84713445814	957.513921320265	1142.60377305829	1421.68412872855	968.487359084786	1039.81401653568	1120.83736748443	760.624171618138	894.593490082258	1110.87135900715	1116.37856987472	896.472126222367	1466.33944616876	1031.30092262986	1074.86878311138	1107.37853366497	1073.76282175857	1192.22911764807	1259.63209896186	1104.94676686948	1152.01263425639	1286.21315484653	1218.06731495043	1091.81911960367	1102.86164088054	986.193373892966	1250.81279944218	917.533317139792	1144.15492604968	1083.49623232901	1218.46545419405	1088.71523412307	1109.83404011443	1090.35995468953	971.708247443463	1032.27691967958	1174.98215132592	1161.52271978647	1149.79653653118	1207.56318889346	1451.74351392714	931.143012719166	921.786590029694	1167.00906328798	1031.51724691932	961.830742135094	1226.93135242728	1178.37477128722	998.572756924556	706.908759905024	1000.71701860034	851.526910149125	834.491452504568	1191.56211196921	1175.12671539206	1136.83093363886	1060.4858818089	1008.79242152734	1030.29631346737	1023.63026499292	1025.54753982667	1040.01195781389	1228.0535392606	1095.87820949194	1257.76789621948	1256.14358790398	975.270859097099	1194.21273682006	973.085974301921	1309.93303309946	1035.58606669102	1118.24973228717	1402.7093186243	1103.25470244317	1589.11232592951	1173.75393628856	1228.97599948034	1163.2482129519	1035.79829465738	1105.95208799213	1402.63055344061	1020.32977554785	1343.53314296683	1092.51137949999	1142.16796967078	1208.75606805811	1167.69304724088	1344.83217235829	1402.78456686439	1219.65816382836	1261.80390370549	1117.59158371649	1178.05118293053	998.905380430594	1019.04532609678	863.665212674778	1223.43754609189	919.216843763935
2019.27511287577	1187.41879464974	1026.00023199959	1032.84713445814	957.513921320265	1142.60377305829	1421.68412872855	968.487359084786	1039.81401653568	1120.83736748443	773.143534649032	905.96418324398	1110.87135900715	1128.23845973832	896.472126222367	1466.33944616876	1031.30092262986	1074.86878311138	1107.37853366497	1073.76282175857	1192.22911764807	1259.63209896186	1104.94676686948	1152.01263425639	1286.21315484653	1218.06731495043	1091.81911960367	1102.86164088054	986.193373892966	1250.81279944218	919.450113282811	1144.15492604968	1083.49623232901	1218.46545419405	1088.71523412307	1109.83404011443	1090.35995468953	971.708247443463	1032.27691967958	1174.98215132592	1161.52271978647	1149.79653653118	1207.56318889346	1451.74351392714	931.143012719166	921.786590029694	1175.00878505826	1031.51724691932	961.830742135094	1226.93135242728	1178.37477128722	998.572756924556	706.908759905024	1000.71701860034	851.526910149125	834.491452504568	1191.56211196921	1175.12671539206	1136.83093363886	1060.4858818089	1008.79242152734	1030.29631346737	1023.63026499292	1025.54753982667	1040.01195781389	1228.0535392606	1095.87820949194	1257.76789621948	1256.14358790398	975.270859097099	1194.21273682006	973.085974301921	1309.93303309946	1035.58606669102	1118.24973228717	1402.7093186243	1103.25470244317	1589.11232592951	1173.75393628856	1228.97599948034	1163.2482129519	1035.79829465738	1105.95208799213	1402.63055344061	1020.32977554785	1343.53314296683	1092.51137949999	1142.16796967078	1208.75606805811	1168.43667140828	1344.83217235829	1402.78456686439	1219.65816382836	1261.80390370549	1117.59158371649	1178.05118293053	998.905380430594	1019.04532609678	863.665212674778	1223.43754609189	919.216843763935
2019.37534190845	1187.41879464974	1026.00023199959	1032.84713445814	957.513921320265	1142.60377305829	1421.68412872855	968.487359084786	1039.81401653568	1120.83736748443	773.143534649032	905.96418324398	1110.87135900715	1128.23845973832	896.472126222367	1466.33944616876	1031.30092262986	1074.86878311138	1107.37853366497	1073.76282175857	1192.22911764807	1259.63209896186	1104.94676686948	1152.01263425639	1286.21315484653	1218.06731495043	1091.81911960367	1102.86164088054	986.193373892966	1250.81279944218	919.450113282811	1144.15492604968	1083.49623232901	1218.46545419405	1088.71523412307	1109.83404011443	1090.35995468953	971.708247443463	1032.27691967958	1174.98215132592	1161.52271978647	1149.79653653118	1207.56318889346	1451.74351392714	931.143012719166	921.786590029694	1183.00883435421	1031.51724691932	961.830742135094	1226.93135242728	1178.37477128722	998.572756924556	706.908759905024	1000.71701860034	851.526910149125	834.491452504568	1191.56211196921	1175.12671539206	1136.83093363886	1060.4858818089	1008.79242152734	1030.29631346737	1023.63026499292	1025.54753982667	1040.01195781389	1228.0535392606	1095.87820949194	1257.76789621948	1256.14358790398	975.270859097099	1194.21273682006	973.085974301921	1309.93303309946	1035.58606669102	1118.24973228717	1402.7093186243	1103.25470244317	1589.11232592951	1173.75393628856	1228.97599948034	1163.2482129519	1035.79829465738	1105.95208799213	1402.63055344061	1020.32977554785	1343.53314296683	1092.51137949999	1142.16796967078	1208.75606805811	1168.43667140828	1344.83217235829	1402.78456686439	1219.65816382836	1261.80390370549	1117.59158371649	1178.05118293053	998.905380430594	1019.04532609678	863.665212674778	1223.43754609189	919.216843763935
2019.47557094113	1187.41879464974	1026.00023199959	1032.84713445814	957.513921320265	1142.60377305829	1421.68412872855	968.487359084786	1039.81401653568	1120.83736748443	773.143534649032	905.96418324398	1110.87135900715	1128.23845973832	896.472126222367	1466.33944616876	1031.30092262986	1074.86878311138	1107.37853366497	1073.76282175857	1192.22911764807	1259.63209896186	1104.94676686948	1152.01263425639	1286.21315484653	1218.06731495043	1091.81911960367	1102.86164088054	986.193373892966	1250.81279944218	919.450113282811	1144.15492604968	1083.49623232901	1218.46545419405	1088.71523412307	1109.83404011443	1090.35995468953	971.708247443463	1032.27691967958	1174.98215132592	1161.52271978647	1149.79653653118	1207.56318889346	1451.74351392714	931.143012719166	921.786590029694	1191.00920805549	1031.51724691932	961.830742135094	1226.93135242728	1178.37477128722	998.572756924556	706.908759905024	1000.71701860034	851.526910149125	834.491452504568	1191.56211196921	1175.12671539206	1136.83093363886	1060.4858818089	1008.79242152734	1030.29631346737	1023.63026499292	1025.54753982667	1040.01195781389	1228.0535392606	1095.87820949194	1257.76789621948	1256.14358790398	975.270859097099	1194.21273682006	973.085974301921	1309.93303309946	1035.58606669102	1118.24973228717	1402.7093186243	1103.25470244317	1589.11232592951	1173.75393628856	1228.97599948034	1163.2482129519	1035.79829465738	1105.95208799213	1402.63055344061	1020.32977554785	1343.53314296683	1092.51137949999	1142.16796967078	1208.75606805811	1168.43667140828	1344.83217235829	1402.78456686439	1219.65816382836	1261.80390370549	1117.59158371649	1178.05118293053	998.905380430594	1019.04532609678	863.665212674778	1223.43754609189	919.216843763935
2019.57579997381	1187.41879464974	1026.00023199959	1032.84713445814	957.513921320265	1142.60377305829	1421.68412872855	968.487359084786	1039.81401653568	1120.83736748443	773.143534649032	905.96418324398	1110.87135900715	1128.23845973832	896.472126222367	1466.33944616876	1031.30092262986	1074.86878311138	1107.37853366497	1073.76282175857	1192.22911764807	1259.63209896186	1104.94676686948	1152.01263425639	1286.21315484653	1218.06731495043	1091.81911960367	1102.86164088054	986.193373892966	1250.81279944218	919.450113282811	1144.15492604968	1083.49623232901	1218.46545419405	1088.71523412307	1109.83404011443	1090.35995468953	971.708247443463	1032.27691967958	1174.98215132592	1161.52271978647	1149.79653653118	1207.56318889346	1451.74351392714	931.143012719166	921.786590029694	1199.00990304287	1031.51724691932	961.830742135094	1226.93135242728	1178.37477128722	998.572756924556	706.908759905024	1000.71701860034	851.526910149125	834.491452504568	1191.56211196921	1209.74436349014	1136.83093363886	1060.4858818089	1008.79242152734	1030.29631346737	1023.63026499292	1025.54753982667	1040.01195781389	1228.0535392606	1095.87820949194	1257.76789621948	1256.14358790398	975.270859097099	1194.21273682006	973.085974301921	1309.93303309946	1035.58606669102	1118.24973228717	1402.7093186243	1103.25470244317	1589.11232592951	1173.75393628856	1228.97599948034	1163.2482129519	1035.79829465738	1105.95208799213	1402.63055344061	1020.32977554785	1343.53314296683	1092.51137949999	1142.16796967078	1208.75606805811	1168.43667140828	1344.83217235829	1402.78456686439	1219.65816382836	1261.80390370549	1117.59158371649	1178.05118293053	998.905380430594	1019.04532609678	863.665212674778	1223.43754609189	919.216843763935
2019.67602900649	1187.41879464974	1026.00023199959	1032.84713445814	957.513921320265	1142.60377305829	1421.68412872855	968.487359084786	1039.81401653568	1120.83736748443	773.143534649032	905.96418324398	1110.87135900715	1128.23845973832	896.472126222367	1466.33944616876	1031.30092262986	1074.86878311138	1107.37853366497	1073.76282175857	1192.22911764807	1259.63209896186	1104.94676686948	1152.01263425639	1286.21315484653	1218.06731495043	1091.81911960367	1102.86164088054	986.193373892966	1250.81279944218	919.450113282811	1144.15492604968	1083.49623232901	1218.46545419405	1088.71523412307	1109.83404011443	1090.35995468953	971.708247443463	1032.27691967958	1174.98215132592	1161.52271978647	1149.79653653118	1207.56318889346	1451.74351392714	931.143012719166	921.786590029694	1207.01091619741	1031.51724691932	961.830742135094	1226.93135242728	1178.37477128722	998.572756924556	706.908759905024	1000.71701860034	851.526910149125	834.491452504568	1191.56211196921	1250.83322886788	1136.83093363886	1060.4858818089	1008.79242152734	1030.29631346737	1023.63026499292	1025.54753982667	1040.01195781389	1228.0535392606	1095.87820949194	1257.76789621948	1256.14358790398	975.270859097099	1194.21273682006	973.085974301921	1309.93303309946	1035.58606669102	1118.24973228717	1402.7093186243	1103.25470244317	1589.11232592951	1173.75393628856	1228.97599948034	1163.2482129519	1035.79829465738	1105.95208799213	1402.63055344061	1020.32977554785	1343.53314296683	1092.51137949999	1142.16796967078	1208.75606805811	1168.43667140828	1344.83217235829	1402.78456686439	1219.65816382836	1261.80390370549	1117.59158371649	1178.05118293053	998.905380430594	1019.04532609678	863.665212674778	1223.43754609189	919.216843763935
2019.77625803917	1187.41879464974	1026.00023199959	1032.84713445814	957.513921320265	1142.60377305829	1421.68412872855	968.487359084786	1039.81401653568	1120.83736748443	773.143534649032	905.96418324398	1110.87135900715	1128.23845973832	896.472126222367	1466.33944616876	1031.30092262986	1074.86878311138	1107.37853366497	1073.76282175857	1192.22911764807	1259.63209896186	1104.94676686948	1152.01263425639	1286.21315484653	1218.06731495043	1091.81911960367	1102.86164088054	986.193373892966	1250.81279944218	919.450113282811	1144.15492604968	1083.49623232901	1218.46545419405	1088.71523412307	1109.83404011443	1090.35995468953	971.708247443463	1032.27691967958	1174.98215132592	1161.52271978647	1149.79653653118	1207.56318889346	1451.74351392714	931.143012719166	921.786590029694	1215.01224440033	1031.51724691932	961.830742135094	1226.93135242728	1178.37477128722	998.572756924556	706.908759905024	1000.71701860034	851.526910149125	834.491452504568	1191.56211196921	1250.83322886788	1136.83093363886	1060.4858818089	1008.79242152734	1030.29631346737	1023.63026499292	1025.54753982667	1040.01195781389	1228.0535392606	1095.87820949194	1257.76789621948	1256.14358790398	975.270859097099	1194.21273682006	973.085974301921	1309.93303309946	1035.58606669102	1118.24973228717	1402.7093186243	1103.25470244317	1589.11232592951	1173.75393628856	1228.97599948034	1163.2482129519	1035.79829465738	1105.95208799213	1402.63055344061	1020.32977554785	1343.53314296683	1092.51137949999	1142.16796967078	1208.75606805811	1168.43667140828	1344.83217235829	1402.78456686439	1219.65816382836	1261.80390370549	1117.59158371649	1178.05118293053	998.905380430594	1019.04532609678	863.665212674778	1223.43754609189	919.216843763935
2019.87648707185	1187.41879464974	1026.00023199959	1032.84713445814	957.513921320265	1142.60377305829	1421.68412872855	968.487359084786	1039.81401653568	1120.83736748443	773.143534649032	905.96418324398	1110.87135900715	1128.23845973832	896.472126222367	1466.33944616876	1031.30092262986	1074.86878311138	1107.37853366497	1073.76282175857	1192.22911764807	1259.63209896186	1104.94676686948	1152.01263425639	1286.21315484653	1218.06731495043	1091.81911960367	1102.86164088054	986.193373892966	1250.81279944218	919.450113282811	1144.15492604968	1083.49623232901	1218.46545419405	1088.71523412307	1109.83404011443	1090.35995468953	971.708247443463	1032.27691967958	1174.98215132592	1161.52271978647	1149.79653653118	1207.56318889346	1451.74351392714	931.143012719166	921.786590029694	1215.01224440033	1031.51724691932	961.830742135094	1226.93135242728	1178.37477128722	998.572756924556	706.908759905024	1000.71701860034	851.526910149125	834.491452504568	1191.56211196921	1250.83322886788	1136.83093363886	1060.4858818089	1008.79242152734	1030.29631346737	1023.63026499292	1025.54753982667	1040.01195781389	1228.0535392606	1095.87820949194	1257.76789621948	1256.14358790398	975.270859097099	1194.21273682006	973.085974301921	1309.93303309946	1035.58606669102	1118.24973228717	1402.7093186243	1103.25470244317	1589.11232592951	1173.75393628856	1228.97599948034	1163.2482129519	1035.79829465738	1105.95208799213	1402.63055344061	1020.32977554785	1343.53314296683	1092.51137949999	1142.16796967078	1208.75606805811	1168.43667140828	1344.83217235829	1402.78456686439	1219.65816382836	1261.80390370549	1117.59158371649	1178.05118293053	998.905380430594	1019.04532609678	863.665212674778	1223.43754609189	919.216843763935
2019.97671610453	1187.41879464974	1026.00023199959	1032.84713445814	957.513921320265	1142.60377305829	1421.68412872855	968.487359084786	1039.81401653568	1120.83736748443	773.143534649032	905.96418324398	1110.87135900715	1128.23845973832	896.472126222367	1466.33944616876	1031.30092262986	1074.86878311138	1107.37853366497	1073.76282175857	1192.22911764807	1259.63209896186	1104.94676686948	1152.01263425639	1286.21315484653	1218.06731495043	1091.81911960367	1102.86164088054	986.193373892966	1250.81279944218	919.450113282811	1144.15492604968	1083.49623232901	1218.46545419405	1088.71523412307	1109.83404011443	1090.35995468953	971.708247443463	1032.27691967958	1174.98215132592	1161.52271978647	1149.79653653118	1207.56318889346	1451.74351392714	931.143012719166	921.786590029694	1215.01224440033	1031.51724691932	961.830742135094	1226.93135242728	1178.37477128722	998.572756924556	706.908759905024	1000.71701860034	851.526910149125	834.491452504568	1191.56211196921	1250.83322886788	1136.83093363886	1060.4858818089	1008.79242152734	1030.29631346737	1023.63026499292	1025.54753982667	1040.01195781389	1228.0535392606	1095.87820949194	1257.76789621948	1256.14358790398	975.270859097099	1194.21273682006	973.085974301921	1309.93303309946	1035.58606669102	1118.24973228717	1402.7093186243	1103.25470244317	1589.11232592951	1173.75393628856	1228.97599948034	1163.2482129519	1035.79829465738	1105.95208799213	1402.63055344061	1020.32977554785	1343.53314296683	1092.51137949999	1142.16796967078	1208.75606805811	1168.43667140828	1344.83217235829	1402.78456686439	1219.65816382836	1261.80390370549	1117.59158371649	1178.05118293053	998.905380430594	1019.04532609678	863.665212674778	1223.43754609189	919.216843763935
2020.07694513721	1187.41879464974	1026.00023199959	1032.84713445814	957.513921320265	1142.60377305829	1421.68412872855	968.487359084786	1039.81401653568	1120.83736748443	773.143534649032	905.96418324398	1110.87135900715	1128.23845973832	896.472126222367	1466.33944616876	1031.30092262986	1074.86878311138	1107.37853366497	1073.76282175857	1192.22911764807	1259.63209896186	1104.94676686948	1152.01263425639	1286.21315484653	1218.06731495043	1091.81911960367	1102.86164088054	986.193373892966	1250.81279944218	919.450113282811	1144.15492604968	1083.49623232901	1218.46545419405	1088.71523412307	1109.83404011443	1090.35995468953	971.708247443463	1032.27691967958	1174.98215132592	1161.52271978647	1149.79653653118	1207.56318889346	1451.74351392714	931.143012719166	921.786590029694	1215.01224440033	1031.51724691932	961.830742135094	1226.93135242728	1178.37477128722	998.572756924556	706.908759905024	1000.71701860034	851.526910149125	834.491452504568	1191.56211196921	1250.83322886788	1136.83093363886	1060.4858818089	1008.79242152734	1030.29631346737	1023.63026499292	1025.54753982667	1040.01195781389	1228.0535392606	1095.87820949194	1257.76789621948	1256.14358790398	975.270859097099	1194.21273682006	973.085974301921	1309.93303309946	1035.58606669102	1118.24973228717	1402.7093186243	1103.25470244317	1589.11232592951	1173.75393628856	1228.97599948034	1163.2482129519	1035.79829465738	1105.95208799213	1402.63055344061	1020.32977554785	1343.53314296683	1092.51137949999	1142.16796967078	1208.75606805811	1168.43667140828	1344.83217235829	1402.78456686439	1219.65816382836	1261.80390370549	1117.59158371649	1178.05118293053	998.905380430594	1019.04532609678	863.665212674778	1223.43754609189	919.216843763935
2020.17717416989	1187.41879464974	1026.00023199959	1032.84713445814	957.513921320265	1142.60377305829	1421.68412872855	968.487359084786	1039.81401653568	1120.83736748443	773.143534649032	905.96418324398	1110.87135900715	1128.23845973832	896.472126222367	1466.33944616876	1031.30092262986	1074.86878311138	1107.37853366497	1073.76282175857	1192.22911764807	1259.63209896186	1104.94676686948	1152.01263425639	1286.21315484653	1218.06731495043	1091.81911960367	1102.86164088054	986.193373892966	1250.81279944218	919.450113282811	1144.15492604968	1083.49623232901	1218.46545419405	1088.71523412307	1109.83404011443	1090.35995468953	971.708247443463	1032.27691967958	1174.98215132592	1161.52271978647	1149.79653653118	1207.56318889346	1451.74351392714	931.143012719166	921.786590029694	1215.01224440033	1031.51724691932	961.830742135094	1226.93135242728	1178.37477128722	998.572756924556	706.908759905024	1000.71701860034	851.526910149125	834.491452504568	1191.56211196921	1250.83322886788	1136.83093363886	1060.4858818089	1008.79242152734	1030.29631346737	1023.63026499292	1025.54753982667	1040.01195781389	1228.0535392606	1095.87820949194	1257.76789621948	1256.14358790398	975.270859097099	1194.21273682006	973.085974301921	1309.93303309946	1035.58606669102	1118.24973228717	1402.7093186243	1103.25470244317	1589.11232592951	1173.75393628856	1228.97599948034	1163.2482129519	1035.79829465738	1105.95208799213	1402.63055344061	1020.32977554785	1343.53314296683	1092.51137949999	1142.16796967078	1208.75606805811	1168.43667140828	1344.83217235829	1402.78456686439	1219.65816382836	1261.80390370549	1117.59158371649	1178.05118293053	998.905380430594	1019.04532609678	863.665212674778	1223.43754609189	919.216843763935
2020.27740320257	1187.41879464974	1026.00023199959	1032.84713445814	957.513921320265	1142.60377305829	1421.68412872855	968.487359084786	1039.81401653568	1120.83736748443	773.143534649032	905.96418324398	1110.87135900715	1128.23845973832	896.472126222367	1466.33944616876	1031.30092262986	1074.86878311138	1107.37853366497	1073.76282175857	1192.22911764807	1259.63209896186	1104.94676686948	1152.01263425639	1286.21315484653	1218.06731495043	1091.81911960367	1102.86164088054	986.193373892966	1250.81279944218	919.450113282811	1144.15492604968	1083.49623232901	1218.46545419405	1088.71523412307	1109.83404011443	1090.35995468953	971.708247443463	1032.27691967958	1174.98215132592	1161.52271978647	1149.79653653118	1207.56318889346	1451.74351392714	931.143012719166	921.786590029694	1215.01224440033	1031.51724691932	961.830742135094	1226.93135242728	1178.37477128722	998.572756924556	706.908759905024	1000.71701860034	851.526910149125	834.491452504568	1191.56211196921	1250.83322886788	1136.83093363886	1060.4858818089	1008.79242152734	1030.29631346737	1023.63026499292	1025.54753982667	1040.01195781389	1228.0535392606	1095.87820949194	1257.76789621948	1256.14358790398	975.270859097099	1194.21273682006	973.085974301921	1309.93303309946	1035.58606669102	1118.24973228717	1402.7093186243	1103.25470244317	1589.11232592951	1173.75393628856	1228.97599948034	1163.2482129519	1035.79829465738	1105.95208799213	1402.63055344061	1020.32977554785	1343.53314296683	1092.51137949999	1142.16796967078	1208.75606805811	1168.43667140828	1344.83217235829	1402.78456686439	1219.65816382836	1261.80390370549	1117.59158371649	1178.05118293053	998.905380430594	1019.04532609678	863.665212674778	1223.43754609189	919.216843763935
2020.37763223525	1187.41879464974	1026.00023199959	1032.84713445814	957.513921320265	1142.60377305829	1421.68412872855	968.487359084786	1039.81401653568	1120.83736748443	773.143534649032	905.96418324398	1110.87135900715	1128.23845973832	896.472126222367	1466.33944616876	1031.30092262986	1074.86878311138	1107.37853366497	1073.76282175857	1192.22911764807	1259.63209896186	1104.94676686948	1152.01263425639	1286.21315484653	1218.06731495043	1091.81911960367	1102.86164088054	986.193373892966	1250.81279944218	919.450113282811	1144.15492604968	1083.49623232901	1218.46545419405	1088.71523412307	1109.83404011443	1090.35995468953	971.708247443463	1032.27691967958	1174.98215132592	1161.52271978647	1149.79653653118	1207.56318889346	1451.74351392714	931.143012719166	921.786590029694	1215.01224440033	1031.51724691932	961.830742135094	1226.93135242728	1178.37477128722	998.572756924556	706.908759905024	1000.71701860034	851.526910149125	834.491452504568	1191.56211196921	1250.83322886788	1136.83093363886	1060.4858818089	1008.79242152734	1030.29631346737	1023.63026499292	1025.54753982667	1040.01195781389	1228.0535392606	1095.87820949194	1257.76789621948	1256.14358790398	975.270859097099	1194.21273682006	973.085974301921	1309.93303309946	1035.58606669102	1118.24973228717	1402.7093186243	1103.25470244317	1589.11232592951	1173.75393628856	1228.97599948034	1163.2482129519	1035.79829465738	1105.95208799213	1402.63055344061	1020.32977554785	1343.53314296683	1092.51137949999	1142.16796967078	1208.75606805811	1168.43667140828	1344.83217235829	1402.78456686439	1219.65816382836	1261.80390370549	1117.59158371649	1178.05118293053	998.905380430594	1019.04532609678	863.665212674778	1223.43754609189	919.216843763935
2020.47786126793	1187.41879464974	1026.00023199959	1032.84713445814	957.513921320265	1142.60377305829	1421.68412872855	968.487359084786	1039.81401653568	1120.83736748443	773.143534649032	905.96418324398	1110.87135900715	1128.23845973832	896.472126222367	1466.33944616876	1031.30092262986	1074.86878311138	1107.37853366497	1073.76282175857	1192.22911764807	1259.63209896186	1104.94676686948	1152.01263425639	1286.21315484653	1218.06731495043	1091.81911960367	1102.86164088054	986.193373892966	1250.81279944218	919.450113282811	1144.15492604968	1083.49623232901	1218.46545419405	1088.71523412307	1109.83404011443	1090.35995468953	971.708247443463	1032.27691967958	1174.98215132592	1161.52271978647	1149.79653653118	1207.56318889346	1451.74351392714	931.143012719166	921.786590029694	1215.01224440033	1031.51724691932	961.830742135094	1226.93135242728	1178.37477128722	998.572756924556	706.908759905024	1000.71701860034	851.526910149125	834.491452504568	1191.56211196921	1250.83322886788	1136.83093363886	1060.4858818089	1008.79242152734	1030.29631346737	1023.63026499292	1025.54753982667	1040.01195781389	1228.0535392606	1095.87820949194	1257.76789621948	1256.14358790398	975.270859097099	1194.21273682006	973.085974301921	1309.93303309946	1035.58606669102	1118.24973228717	1402.7093186243	1103.25470244317	1589.11232592951	1173.75393628856	1228.97599948034	1163.2482129519	1035.79829465738	1105.95208799213	1402.63055344061	1020.32977554785	1343.53314296683	1092.51137949999	1142.16796967078	1208.75606805811	1168.43667140828	1344.83217235829	1402.78456686439	1219.65816382836	1261.80390370549	1117.59158371649	1178.05118293053	998.905380430594	1019.04532609678	863.665212674778	1223.43754609189	919.216843763935
2020.57809030061	1187.41879464974	1026.00023199959	1032.84713445814	957.513921320265	1142.60377305829	1421.68412872855	968.487359084786	1039.81401653568	1120.83736748443	773.143534649032	905.96418324398	1110.87135900715	1128.23845973832	896.472126222367	1466.33944616876	1031.30092262986	1074.86878311138	1107.37853366497	1073.76282175857	1192.22911764807	1259.63209896186	1104.94676686948	1152.01263425639	1286.21315484653	1218.06731495043	1091.81911960367	1102.86164088054	986.193373892966	1250.81279944218	919.450113282811	1144.15492604968	1083.49623232901	1218.46545419405	1088.71523412307	1109.83404011443	1090.35995468953	971.708247443463	1032.27691967958	1174.98215132592	1161.52271978647	1149.79653653118	1207.56318889346	1451.74351392714	931.143012719166	921.786590029694	1215.01224440033	1031.51724691932	961.830742135094	1226.93135242728	1178.37477128722	998.572756924556	706.908759905024	1000.71701860034	851.526910149125	834.491452504568	1191.56211196921	1250.83322886788	1136.83093363886	1060.4858818089	1008.79242152734	1030.29631346737	1023.63026499292	1025.54753982667	1040.01195781389	1228.0535392606	1095.87820949194	1257.76789621948	1256.14358790398	975.270859097099	1194.21273682006	973.085974301921	1309.93303309946	1035.58606669102	1118.24973228717	1402.7093186243	1103.25470244317	1589.11232592951	1173.75393628856	1228.97599948034	1163.2482129519	1035.79829465738	1105.95208799213	1402.63055344061	1020.32977554785	1343.53314296683	1092.51137949999	1142.16796967078	1208.75606805811	1168.43667140828	1344.83217235829	1402.78456686439	1219.65816382836	1261.80390370549	1117.59158371649	1178.05118293053	998.905380430594	1019.04532609678	863.665212674778	1223.43754609189	919.216843763935
2020.67831933329	1187.41879464974	1026.00023199959	1032.84713445814	957.513921320265	1142.60377305829	1421.68412872855	968.487359084786	1039.81401653568	1120.83736748443	773.143534649032	905.96418324398	1110.87135900715	1128.23845973832	896.472126222367	1466.33944616876	1031.30092262986	1074.86878311138	1107.37853366497	1073.76282175857	1192.22911764807	1259.63209896186	1104.94676686948	1152.01263425639	1286.21315484653	1218.06731495043	1091.81911960367	1102.86164088054	986.193373892966	1250.81279944218	919.450113282811	1144.15492604968	1083.49623232901	1218.46545419405	1088.71523412307	1109.83404011443	1090.35995468953	971.708247443463	1032.27691967958	1174.98215132592	1161.52271978647	1149.79653653118	1207.56318889346	1451.74351392714	931.143012719166	921.786590029694	1215.01224440033	1031.51724691932	961.830742135094	1226.93135242728	1178.37477128722	998.572756924556	706.908759905024	1000.71701860034	851.526910149125	834.491452504568	1191.56211196921	1250.83322886788	1136.83093363886	1060.4858818089	1008.79242152734	1030.29631346737	1023.63026499292	1025.54753982667	1040.01195781389	1228.0535392606	1095.87820949194	1257.76789621948	1256.14358790398	975.270859097099	1194.21273682006	973.085974301921	1309.93303309946	1035.58606669102	1118.24973228717	1402.7093186243	1103.25470244317	1589.11232592951	1173.75393628856	1228.97599948034	1163.2482129519	1035.79829465738	1105.95208799213	1402.63055344061	1020.32977554785	1343.53314296683	1092.51137949999	1142.16796967078	1208.75606805811	1168.43667140828	1344.83217235829	1402.78456686439	1219.65816382836	1261.80390370549	1117.59158371649	1178.05118293053	998.905380430594	1019.04532609678	863.665212674778	1223.43754609189	919.216843763935
2020.77854836597	1187.41879464974	1026.00023199959	1032.84713445814	957.513921320265	1142.60377305829	1421.68412872855	968.487359084786	1039.81401653568	1120.83736748443	773.143534649032	905.96418324398	1110.87135900715	1128.23845973832	896.472126222367	1466.33944616876	1031.30092262986	1074.86878311138	1107.37853366497	1073.76282175857	1192.22911764807	1259.63209896186	1104.94676686948	1152.01263425639	1286.21315484653	1218.06731495043	1091.81911960367	1102.86164088054	986.193373892966	1250.81279944218	919.450113282811	1144.15492604968	1083.49623232901	1218.46545419405	1088.71523412307	1109.83404011443	1090.35995468953	971.708247443463	1032.27691967958	1174.98215132592	1161.52271978647	1149.79653653118	1207.56318889346	1451.74351392714	931.143012719166	921.786590029694	1215.01224440033	1031.51724691932	961.830742135094	1226.93135242728	1178.37477128722	998.572756924556	706.908759905024	1000.71701860034	851.526910149125	834.491452504568	1191.56211196921	1250.83322886788	1136.83093363886	1060.4858818089	1008.79242152734	1030.29631346737	1023.63026499292	1025.54753982667	1040.01195781389	1228.0535392606	1095.87820949194	1257.76789621948	1256.14358790398	975.270859097099	1194.21273682006	973.085974301921	1309.93303309946	1035.58606669102	1118.24973228717	1402.7093186243	1103.25470244317	1589.11232592951	1173.75393628856	1228.97599948034	1163.2482129519	1035.79829465738	1105.95208799213	1402.63055344061	1020.32977554785	1343.53314296683	1092.51137949999	1142.16796967078	1208.75606805811	1168.43667140828	1344.83217235829	1402.78456686439	1219.65816382836	1261.80390370549	1117.59158371649	1178.05118293053	998.905380430594	1019.04532609678	863.665212674778	1223.43754609189	919.216843763935
2020.87877739866	1187.41879464974	1026.00023199959	1032.84713445814	957.513921320265	1142.60377305829	1421.68412872855	968.487359084786	1039.81401653568	1120.83736748443	773.143534649032	905.96418324398	1110.87135900715	1128.23845973832	896.472126222367	1466.33944616876	1031.30092262986	1074.86878311138	1107.37853366497	1073.76282175857	1192.22911764807	1259.63209896186	1104.94676686948	1152.01263425639	1286.21315484653	1218.06731495043	1091.81911960367	1102.86164088054	986.193373892966	1250.81279944218	919.450113282811	1144.15492604968	1083.49623232901	1218.46545419405	1088.71523412307	1109.83404011443	1090.35995468953	971.708247443463	1032.27691967958	1174.98215132592	1161.52271978647	1149.79653653118	1207.56318889346	1451.74351392714	931.143012719166	921.786590029694	1215.01224440033	1031.51724691932	961.830742135094	1226.93135242728	1178.37477128722	998.572756924556	706.908759905024	1000.71701860034	851.526910149125	834.491452504568	1191.56211196921	1250.83322886788	1136.83093363886	1060.4858818089	1008.79242152734	1030.29631346737	1023.63026499292	1025.54753982667	1040.01195781389	1228.0535392606	1095.87820949194	1257.76789621948	1256.14358790398	975.270859097099	1194.21273682006	973.085974301921	1309.93303309946	1035.58606669102	1118.24973228717	1402.7093186243	1103.25470244317	1589.11232592951	1173.75393628856	1228.97599948034	1163.2482129519	1035.79829465738	1105.95208799213	1402.63055344061	1020.32977554785	1343.53314296683	1092.51137949999	1142.16796967078	1208.75606805811	1168.43667140828	1344.83217235829	1402.78456686439	1219.65816382836	1261.80390370549	1117.59158371649	1178.05118293053	998.905380430594	1019.04532609678	863.665212674778	1223.43754609189	919.216843763935
2020.97900643134	1187.41879464974	1026.00023199959	1032.84713445814	957.513921320265	1142.60377305829	1421.68412872855	968.487359084786	1039.81401653568	1120.83736748443	773.143534649032	905.96418324398	1110.87135900715	1128.23845973832	896.472126222367	1466.33944616876	1031.30092262986	1074.86878311138	1107.37853366497	1073.76282175857	1192.22911764807	1259.63209896186	1104.94676686948	1152.01263425639	1286.21315484653	1218.06731495043	1091.81911960367	1102.86164088054	986.193373892966	1250.81279944218	919.450113282811	1144.15492604968	1083.49623232901	1218.46545419405	1088.71523412307	1109.83404011443	1090.35995468953	971.708247443463	1032.27691967958	1174.98215132592	1161.52271978647	1149.79653653118	1207.56318889346	1451.74351392714	931.143012719166	921.786590029694	1215.01224440033	1031.51724691932	961.830742135094	1226.93135242728	1178.37477128722	998.572756924556	706.908759905024	1000.71701860034	851.526910149125	834.491452504568	1191.56211196921	1250.83322886788	1136.83093363886	1060.4858818089	1008.79242152734	1030.29631346737	1023.63026499292	1025.54753982667	1040.01195781389	1228.0535392606	1095.87820949194	1257.76789621948	1256.14358790398	975.270859097099	1194.21273682006	973.085974301921	1309.93303309946	1035.58606669102	1118.24973228717	1402.7093186243	1103.25470244317	1589.11232592951	1173.75393628856	1228.97599948034	1163.2482129519	1035.79829465738	1105.95208799213	1402.63055344061	1020.32977554785	1343.53314296683	1092.51137949999	1142.16796967078	1208.75606805811	1168.43667140828	1344.83217235829	1402.78456686439	1219.65816382836	1261.80390370549	1117.59158371649	1178.05118293053	998.905380430594	1019.04532609678	863.665212674778	1223.43754609189	919.216843763935
2021.07923546402	1187.41879464974	1026.00023199959	1032.84713445814	957.513921320265	1142.60377305829	1421.68412872855	968.487359084786	1039.81401653568	1120.83736748443	787.595693921224	905.96418324398	1110.87135900715	1128.23845973832	896.472126222367	1466.33944616876	1031.30092262986	1074.86878311138	1107.37853366497	1073.76282175857	1192.22911764807	1259.63209896186	1104.94676686948	1152.01263425639	1286.21315484653	1218.06731495043	1091.81911960367	1102.86164088054	986.193373892966	1250.81279944218	919.450113282811	1144.15492604968	1083.49623232901	1218.46545419405	1088.71523412307	1109.83404011443	1090.35995468953	971.708247443463	1032.27691967958	1174.98215132592	1161.52271978647	1149.79653653118	1207.56318889346	1451.74351392714	931.143012719166	921.786590029694	1215.01224440033	1031.51724691932	961.830742135094	1226.93135242728	1178.37477128722	998.572756924556	706.908759905024	1000.71701860034	851.526910149125	834.491452504568	1191.56211196921	1250.83322886788	1136.83093363886	1060.4858818089	1008.79242152734	1030.29631346737	1023.63026499292	1025.54753982667	1040.01195781389	1228.0535392606	1095.87820949194	1257.76789621948	1256.14358790398	975.270859097099	1194.21273682006	973.085974301921	1309.93303309946	1035.58606669102	1118.24973228717	1402.7093186243	1103.25470244317	1589.11232592951	1173.75393628856	1228.97599948034	1163.2482129519	1035.79829465738	1105.95208799213	1402.63055344061	1020.32977554785	1343.53314296683	1092.51137949999	1142.16796967078	1208.75606805811	1168.43667140828	1344.83217235829	1402.78456686439	1219.65816382836	1261.80390370549	1117.59158371649	1178.05118293053	998.905380430594	1019.04532609678	863.665212674778	1223.43754609189	919.216843763935
2021.1794644967	1187.41879464974	1026.00023199959	1032.84713445814	957.513921320265	1142.60377305829	1421.68412872855	968.487359084786	1039.81401653568	1120.83736748443	811.279171427409	905.96418324398	1110.87135900715	1128.23845973832	896.472126222367	1466.33944616876	1031.30092262986	1074.86878311138	1107.37853366497	1073.76282175857	1192.22911764807	1259.63209896186	1104.94676686948	1152.01263425639	1286.21315484653	1218.06731495043	1091.81911960367	1102.86164088054	986.193373892966	1250.81279944218	919.450113282811	1144.15492604968	1083.49623232901	1218.46545419405	1088.71523412307	1109.83404011443	1090.35995468953	971.708247443463	1032.27691967958	1174.98215132592	1161.52271978647	1149.79653653118	1207.56318889346	1451.74351392714	931.143012719166	921.786590029694	1215.01224440033	1031.51724691932	961.830742135094	1226.93135242728	1178.37477128722	998.572756924556	706.908759905024	1000.71701860034	851.526910149125	834.491452504568	1191.56211196921	1250.83322886788	1136.83093363886	1060.4858818089	1008.79242152734	1030.29631346737	1023.63026499292	1025.54753982667	1040.01195781389	1228.0535392606	1095.87820949194	1257.76789621948	1256.14358790398	975.270859097099	1194.21273682006	973.085974301921	1309.93303309946	1035.58606669102	1118.24973228717	1402.7093186243	1103.25470244317	1589.11232592951	1173.75393628856	1228.97599948034	1163.2482129519	1035.79829465738	1105.95208799213	1402.63055344061	1020.32977554785	1343.53314296683	1092.51137949999	1142.16796967078	1208.75606805811	1168.43667140828	1344.83217235829	1402.78456686439	1219.65816382836	1261.80390370549	1117.59158371649	1178.05118293053	998.905380430594	1019.04532609678	863.665212674778	1223.43754609189	919.216843763935
2021.27969352938	1187.41879464974	1026.00023199959	1032.84713445814	957.513921320265	1142.60377305829	1421.68412872855	968.487359084786	1039.81401653568	1120.83736748443	834.961758075853	905.96418324398	1110.87135900715	1128.23845973832	896.472126222367	1466.33944616876	1031.30092262986	1074.86878311138	1107.37853366497	1073.76282175857	1192.22911764807	1259.63209896186	1104.94676686948	1152.01263425639	1286.21315484653	1218.06731495043	1091.81911960367	1102.86164088054	986.193373892966	1250.81279944218	919.450113282811	1144.15492604968	1083.49623232901	1218.46545419405	1088.71523412307	1109.83404011443	1090.35995468953	971.708247443463	1032.27691967958	1174.98215132592	1161.52271978647	1149.79653653118	1207.56318889346	1451.74351392714	931.143012719166	921.786590029694	1215.01224440033	1031.51724691932	961.830742135094	1226.93135242728	1178.37477128722	998.572756924556	706.908759905024	1000.71701860034	851.526910149125	834.491452504568	1191.56211196921	1250.83322886788	1136.83093363886	1060.4858818089	1008.79242152734	1030.29631346737	1023.63026499292	1025.54753982667	1040.01195781389	1228.0535392606	1095.87820949194	1257.76789621948	1256.14358790398	975.270859097099	1194.21273682006	973.085974301921	1309.93303309946	1035.58606669102	1118.24973228717	1402.7093186243	1103.25470244317	1589.11232592951	1173.75393628856	1228.97599948034	1163.2482129519	1035.79829465738	1105.95208799213	1402.63055344061	1020.32977554785	1343.53314296683	1092.51137949999	1142.16796967078	1208.75606805811	1168.43667140828	1344.83217235829	1402.78456686439	1219.65816382836	1261.80390370549	1117.59158371649	1178.05118293053	998.905380430594	1019.04532609678	873.325027191582	1223.43754609189	919.216843763935
2021.37992256206	1187.41879464974	1026.00023199959	1032.84713445814	957.513921320265	1142.60377305829	1421.68412872855	968.487359084786	1039.81401653568	1120.83736748443	858.643431368995	905.96418324398	1110.87135900715	1128.23845973832	896.472126222367	1466.33944616876	1031.30092262986	1074.86878311138	1107.37853366497	1073.76282175857	1192.22911764807	1259.63209896186	1104.94676686948	1152.01263425639	1286.21315484653	1218.06731495043	1091.81911960367	1102.86164088054	986.193373892966	1250.81279944218	919.450113282811	1144.15492604968	1083.49623232901	1218.46545419405	1088.71523412307	1109.83404011443	1090.35995468953	971.708247443463	1032.27691967958	1174.98215132592	1161.52271978647	1149.79653653118	1207.56318889346	1451.74351392714	931.143012719166	921.786590029694	1215.01224440033	1031.51724691932	961.830742135094	1226.93135242728	1178.37477128722	998.572756924556	706.908759905024	1000.71701860034	851.526910149125	834.491452504568	1191.56211196921	1250.83322886788	1136.83093363886	1060.4858818089	1008.79242152734	1030.29631346737	1023.63026499292	1025.54753982667	1040.01195781389	1228.0535392606	1095.87820949194	1257.76789621948	1256.14358790398	975.270859097099	1194.21273682006	1037.90827933185	1309.93303309946	1035.58606669102	1118.24973228717	1402.7093186243	1103.25470244317	1589.11232592951	1173.75393628856	1228.97599948034	1163.2482129519	1035.79829465738	1105.95208799213	1402.63055344061	1020.32977554785	1343.53314296683	1092.51137949999	1142.16796967078	1208.75606805811	1168.43667140828	1344.83217235829	1402.78456686439	1219.65816382836	1261.80390370549	1117.59158371649	1178.05118293053	998.905380430594	1019.04532609678	892.238772912092	1223.43754609189	919.216843763935
2021.48015159474	1187.41879464974	1026.00023199959	1032.84713445814	957.513921320265	1142.60377305829	1421.68412872855	968.487359084786	1039.81401653568	1120.83736748443	882.324168801024	905.96418324398	1110.87135900715	1128.23845973832	896.472126222367	1466.33944616876	1031.30092262986	1074.86878311138	1107.37853366497	1073.76282175857	1192.22911764807	1259.63209896186	1104.94676686948	1152.01263425639	1286.21315484653	1218.06731495043	1091.81911960367	1102.86164088054	986.193373892966	1250.81279944218	919.450113282811	1144.15492604968	1083.49623232901	1218.46545419405	1088.71523412307	1109.83404011443	1090.35995468953	971.708247443463	1032.27691967958	1174.98215132592	1161.52271978647	1149.79653653118	1207.56318889346	1451.74351392714	931.143012719166	921.786590029694	1215.01224440033	1031.51724691932	961.830742135094	1226.93135242728	1178.37477128722	998.572756924556	706.908759905024	1000.71701860034	851.526910149125	834.491452504568	1191.56211196921	1250.83322886788	1136.83093363886	1060.4858818089	1008.79242152734	1030.29631346737	1066.25739321092	1035.03271831819	1102.33580449649	1228.0535392606	1095.87820949194	1257.76789621948	1256.14358790398	975.270859097099	1194.21273682006	1089.56220776261	1309.93303309946	1035.58606669102	1118.24973228717	1402.7093186243	1105.54527872812	1589.11232592951	1173.75393628856	1228.97599948034	1163.2482129519	1035.79829465738	1105.95208799213	1402.63055344061	1020.32977554785	1343.53314296683	1092.51137949999	1142.16796967078	1208.75606805811	1168.43667140828	1344.83217235829	1402.78456686439	1219.65816382836	1261.80390370549	1117.59158371649	1178.05118293053	998.905380430594	1019.04532609678	911.151296709483	1223.43754609189	919.216843763935
2021.58038062742	1187.41879464974	1026.00023199959	1032.84713445814	957.513921320265	1142.60377305829	1421.68412872855	968.487359084786	1039.81401653568	1120.83736748443	906.003947857302	905.96418324398	1110.87135900715	1128.23845973832	896.472126222367	1466.33944616876	1031.30092262986	1074.86878311138	1107.37853366497	1073.76282175857	1192.22911764807	1259.63209896186	1104.94676686948	1152.01263425639	1286.21315484653	1218.06731495043	1091.81911960367	1102.86164088054	986.193373892966	1250.81279944218	919.450113282811	1144.15492604968	1083.49623232901	1218.46545419405	1088.71523412307	1109.83404011443	1090.35995468953	971.708247443463	1032.27691967958	1174.98215132592	1161.52271978647	1149.79653653118	1207.56318889346	1451.74351392714	931.143012719166	921.786590029694	1215.01224440033	1031.51724691932	961.830742135094	1226.93135242728	1178.37477128722	998.572756924556	706.908759905024	1000.71701860034	851.526910149125	834.491452504568	1191.56211196921	1250.83322886788	1136.83093363886	1060.4858818089	1008.79242152734	1035.89395768417	1187.5179686648	1068.90116957729	1235.8859845695	1228.0535392606	1095.87820949194	1257.76789621948	1256.14358790398	975.270859097099	1194.21273682006	1109.1137280031	1309.93303309946	1035.58606669102	1118.24973228717	1402.7093186243	1219.54585707527	1589.11232592951	1173.75393628856	1228.97599948034	1163.2482129519	1035.79829465738	1105.95208799213	1402.63055344061	1020.32977554785	1343.53314296683	1092.51137949999	1142.16796967078	1208.75606805811	1168.43667140828	1344.83217235829	1402.78456686439	1219.65816382836	1261.80390370549	1117.59158371649	1178.05118293053	998.905380430594	1019.04532609678	930.062577265496	1223.43754609189	919.216843763935
2021.6806096601	1187.41879464974	1026.00023199959	1042.29669617863	957.513921320265	1142.60377305829	1421.68412872855	968.487359084786	1039.81401653568	1120.83736748443	936.653961272357	905.96418324398	1110.87135900715	1128.23845973832	896.472126222367	1466.33944616876	1031.30092262986	1074.86878311138	1107.37853366497	1073.76282175857	1192.22911764807	1259.63209896186	1104.94676686948	1152.01263425639	1286.21315484653	1218.06731495043	1091.81911960367	1102.86164088054	986.193373892966	1250.81279944218	924.954109870417	1144.15492604968	1083.49623232901	1218.46545419405	1088.71523412307	1109.83404011443	1090.35995468953	971.708247443463	1032.27691967958	1174.98215132592	1161.52271978647	1149.79653653118	1207.56318889346	1451.74351392714	931.143012719166	921.786590029694	1215.01224440033	1031.51724691932	961.830742135094	1226.93135242728	1178.37477128722	998.572756924556	706.908759905024	1000.71701860034	851.526910149125	834.491452504568	1191.56211196921	1250.83322886788	1136.83093363886	1060.4858818089	1008.79242152734	1102.4113884152	1394.76217499392	1103.07561752825	1299.14980350259	1228.0535392606	1095.87820949194	1257.76789621948	1256.14358790398	975.270859097099	1194.21273682006	1128.66524175472	1309.93303309946	1035.58606669102	1118.24973228717	1402.7093186243	1333.45326547498	1589.11232592951	1173.75393628856	1228.97599948034	1163.2482129519	1035.79829465738	1105.95208799213	1402.63055344061	1020.32977554785	1343.53314296683	1092.51137949999	1142.16796967078	1208.75606805811	1168.43667140828	1344.83217235829	1402.78456686439	1219.65816382836	1261.80390370549	1117.59158371649	1178.05118293053	998.905380430594	1019.04532609678	948.972593253296	1224.11366754076	919.216843763935
2021.78083869278	1187.41879464974	1026.00023199959	1073.59312964156	957.513921320265	1142.60377305829	1421.68412872855	968.487359084786	1044.03102331364	1120.83736748443	996.401819741439	905.96418324398	1110.87135900715	1128.23845973832	896.472126222367	1466.33944616876	1031.30092262986	1074.86878311138	1107.37853366497	1073.76282175857	1192.22911764807	1259.63209896186	1104.94676686948	1152.01263425639	1286.21315484653	1218.06731495043	1091.81911960367	1102.86164088054	986.193373892966	1250.81279944218	952.117116825519	1144.15492604968	1083.49623232901	1218.46545419405	1088.71523412307	1109.83404011443	1090.35995468953	971.708247443463	1032.27691967958	1174.98215132592	1161.52271978647	1149.79653653118	1207.56318889346	1451.74351392714	931.143012719166	921.786590029694	1215.01224440033	1031.51724691932	961.830742135094	1226.93135242728	1178.37477128722	998.572756924556	706.908759905024	1000.71701860034	851.526910149125	876.18440513646	1191.56211196921	1250.83322886788	1136.83093363886	1060.4858818089	1008.79242152734	1242.79289747679	1601.70123647796	1144.46228817714	1362.38830265748	1228.0535392606	1095.87820949194	1257.76789621948	1256.14358790398	975.270859097099	1194.21273682006	1310.32465169348	1309.93303309946	1198.07837413139	1232.233979831	1402.7093186243	1447.25847172822	1589.11232592951	1173.75393628856	1228.97599948034	1163.2482129519	1035.79829465738	1105.95208799213	1402.63055344061	1020.32977554785	1343.53314296683	1092.51137949999	1142.16796967078	1208.75606805811	1168.43667140828	1344.83217235829	1402.78456686439	1219.65816382836	1261.80390370549	1117.59158371649	1178.05118293053	1051.51496712595	1019.04532609678	967.881323336944	1276.82436887866	919.216843763935
2021.88106772546	1187.41879464974	1026.00023199959	1104.89142802957	1159.80998654611	1142.60377305829	1421.68412872855	1047.32071798444	1185.84367915705	1120.83736748443	1346.18208408367	905.96418324398	1110.87135900715	1278.14950675112	1070.80741977513	1538.85653442898	1031.30092262986	1074.86878311138	1107.37853366497	1073.76282175857	1282.29227638562	1259.63209896186	1104.94676686948	1152.01263425639	1286.21315484653	1218.06731495043	1102.0856188667	1184.45105652383	986.193373892966	1250.81279944218	981.033309296377	1250.62209775514	1200.93448327419	1218.46545419405	1268.51124089522	1109.83404011443	1090.35995468953	971.708247443463	1135.52317032848	1174.98215132592	1165.06646225869	1149.79653653118	1207.56318889346	1451.74351392714	1142.63531573899	921.786590029694	1215.01224440033	1031.51724691932	966.68548096448	1361.16438836802	1289.04730982792	1271.73652942916	759.140629473565	1000.71701860034	851.526910149125	928.374569671309	1191.56211196921	1250.83322886788	1223.74982745247	1060.4858818089	1008.79242152734	1539.81898442426	1808.27942702443	1497.95092556862	1425.59997275556	1439.19746404004	1095.87820949194	1257.76789621948	1302.84933598806	1262.0078287122	1253.46634847169	1599.67332268736	1311.44305623832	1432.71481669039	1506.23124654526	1402.7093186243	1704.437229344	1589.11232592951	1173.75393628856	1228.97599948034	1163.2482129519	1035.79829465738	1131.5822588889	1550.27681686833	1195.39665160798	1343.53314296683	1092.51137949999	1142.16796967078	1208.75606805811	1168.43667140828	1344.83217235829	1402.78456686439	1219.65816382836	1318.66781173942	1117.59158371649	1275.67267888678	1302.30367332607	1119.18232583587	1048.2119125107	1645.90138576489	1176.60391777635
2021.98129675814	1664.55679840147	1512.78055312562	1349.33548171134	1629.74584758949	1306.03858257257	1491.05426207309	1326.56792545268	1739.97640056878	1561.8360485079	1756.55919658898	1151.74737881844	1478.74521734848	1553.51576980251	1624.03456941523	1919.71906518088	1209.5326622793	1278.67809696825	1441.24165099834	1200.3912681759	1602.62191634642	1259.63209896186	1361.07164588052	1307.23009529105	1445.60334455914	1391.47000189264	1489.7672005041	1547.02006083455	1283.96302277518	1321.6906551009	1436.13665667726	1563.77243269761	1596.67040038954	1461.7974013181	1604.37185429512	1345.08105896336	1284.44563150398	1291.22600503896	1535.39996884326	1423.4162747731	1506.13230236002	1253.91859143237	1552.85856690919	1490.2232984603	1439.02160494527	1176.95329668	1483.63402369461	1412.24120849012	1385.63789903729	1815.88850803688	1676.83106262491	1622.87270814713	1188.31683704132	1337.89461220851	1205.01306770931	1260.56461149544	1383.64162523907	1644.80468503286	1616.23395741236	1347.63875415363	1304.37101051037	1835.95127646501	2014.44055301904	1998.08875394395	1795.60992467991	1675.81864154528	1347.04363247662	1496.18910464409	1656.3398012973	1560.20288230493	1654.31505385712	1888.14233174445	1596.66785374858	1749.84613244447	1779.4791317808	1830.27750675579	1997.12079331477	1589.11232592951	1519.45288665315	1340.24355035665	1455.12916987519	1111.79744060315	1441.18689435821	2078.06788395146	1516.51301080517	1343.53314296683	1150.68145307015	1344.99977586578	1208.75606805811	1498.56689963231	1705.39821399458	1550.62619031355	1328.24818947526	1726.31244420723	1264.98934317036	1730.16904148409	1552.44482443003	1578.85064719828	1365.2628302902	2013.80122362247	1633.33420610245
2022.08152579082	1664.55679840147	1512.78055312562	1349.33548171134	1629.74584758949	1306.03858257257	1491.05426207309	1326.56792545268	1739.97640056878	1561.8360485079	1756.55919658898	1151.74737881844	1478.74521734848	1553.51576980251	1624.03456941523	1919.71906518088	1209.5326622793	1278.67809696825	1441.24165099834	1200.3912681759	1602.62191634642	1259.63209896186	1361.07164588052	1307.23009529105	1445.60334455914	1391.47000189264	1489.7672005041	1547.02006083455	1283.96302277518	1321.6906551009	1436.13665667726	1563.77243269761	1596.67040038954	1461.7974013181	1604.37185429512	1345.08105896336	1284.44563150398	1291.22600503896	1535.39996884326	1423.4162747731	1506.13230236002	1253.91859143237	1552.85856690919	1490.2232984603	1439.02160494527	1176.95329668	1483.63402369461	1412.24120849012	1385.63789903729	1815.88850803688	1676.83106262491	1622.87270814713	1188.31683704132	1337.89461220851	1205.01306770931	1260.56461149544	1383.64162523907	1644.80468503286	1616.23395741236	1347.63875415363	1304.37101051037	1835.95127646501	2014.44055301904	1998.08875394395	1795.60992467991	1675.81864154528	1347.04363247662	1496.18910464409	1656.3398012973	1560.20288230493	1654.31505385712	1888.14233174445	1596.66785374858	1749.84613244447	1779.4791317808	1830.27750675579	1997.12079331477	1589.11232592951	1519.45288665315	1340.24355035665	1455.12916987519	1111.79744060315	1441.18689435821	2078.06788395146	1516.51301080517	1343.53314296683	1150.68145307015	1344.99977586578	1208.75606805811	1498.56689963231	1705.39821399458	1550.62619031355	1328.24818947526	1726.31244420723	1264.98934317036	1730.16904148409	1552.44482443003	1578.85064719828	1365.2628302902	2013.80122362247	1633.33420610245
2022.1817548235	1664.55679840147	1512.78055312562	1349.33548171134	1629.74584758949	1306.03858257257	1491.05426207309	1326.56792545268	1739.97640056878	1561.8360485079	1756.55919658898	1151.74737881844	1478.74521734848	1553.51576980251	1624.03456941523	1919.71906518088	1209.5326622793	1278.67809696825	1441.24165099834	1200.3912681759	1602.62191634642	1259.63209896186	1361.07164588052	1307.23009529105	1445.60334455914	1391.47000189264	1489.7672005041	1547.02006083455	1283.96302277518	1321.6906551009	1436.13665667726	1563.77243269761	1596.67040038954	1461.7974013181	1604.37185429512	1345.08105896336	1284.44563150398	1291.22600503896	1535.39996884326	1423.4162747731	1506.13230236002	1253.91859143237	1552.85856690919	1490.2232984603	1439.02160494527	1176.95329668	1483.63402369461	1412.24120849012	1385.63789903729	1815.88850803688	1676.83106262491	1622.87270814713	1188.31683704132	1337.89461220851	1205.01306770931	1260.56461149544	1383.64162523907	1644.80468503286	1616.23395741236	1347.63875415363	1304.37101051037	1835.95127646501	2014.44055301904	1998.08875394395	1795.60992467991	1675.81864154528	1347.04363247662	1496.18910464409	1656.3398012973	1560.20288230493	1654.31505385712	1888.14233174445	1596.66785374858	1749.84613244447	1779.4791317808	1830.27750675579	1997.12079331477	1589.11232592951	1519.45288665315	1340.24355035665	1455.12916987519	1111.79744060315	1441.18689435821	2078.06788395146	1516.51301080517	1343.53314296683	1150.68145307015	1344.99977586578	1208.75606805811	1498.56689963231	1705.39821399458	1550.62619031355	1328.24818947526	1726.31244420723	1264.98934317036	1730.16904148409	1552.44482443003	1578.85064719828	1365.2628302902	2013.80122362247	1633.33420610245
2022.28198385618	1664.55679840147	1512.78055312562	1349.33548171134	1629.74584758949	1306.03858257257	1491.05426207309	1326.56792545268	1739.97640056878	1561.8360485079	1756.55919658898	1151.74737881844	1478.74521734848	1553.51576980251	1624.03456941523	1919.71906518088	1209.5326622793	1278.67809696825	1441.24165099834	1200.3912681759	1602.62191634642	1259.63209896186	1361.07164588052	1307.23009529105	1445.60334455914	1391.47000189264	1489.7672005041	1547.02006083455	1283.96302277518	1321.6906551009	1436.13665667726	1563.77243269761	1596.67040038954	1461.7974013181	1604.37185429512	1345.08105896336	1284.44563150398	1291.22600503896	1535.39996884326	1423.4162747731	1506.13230236002	1273.36490070253	1552.85856690919	1490.2232984603	1439.02160494527	1176.95329668	1483.63402369461	1412.24120849012	1385.63789903729	1815.88850803688	1676.83106262491	1622.87270814713	1188.31683704132	1337.89461220851	1205.01306770931	1260.56461149544	1383.64162523907	1644.80468503286	1616.23395741236	1347.63875415363	1304.37101051037	1835.95127646501	2014.44055301904	1998.08875394395	1795.60992467991	1675.81864154528	1347.04363247662	1496.18910464409	1656.3398012973	1560.20288230493	1654.31505385712	1888.14233174445	1596.66785374858	1749.84613244447	1779.4791317808	1830.27750675579	1997.12079331477	1589.11232592951	1519.45288665315	1340.24355035665	1455.12916987519	1111.79744060315	1441.18689435821	2078.06788395146	1516.51301080517	1343.53314296683	1150.68145307015	1344.99977586578	1208.75606805811	1498.56689963231	1705.39821399458	1550.62619031355	1328.24818947526	1726.31244420723	1264.98934317036	1730.16904148409	1552.44482443003	1578.85064719828	1365.2628302902	2013.80122362247	1633.33420610245
2022.38221288886	1664.55679840147	1512.78055312562	1383.52551175084	1629.74584758949	1306.03858257257	1491.05426207309	1326.56792545268	1739.97640056878	1561.8360485079	1756.55919658898	1151.74737881844	1478.74521734848	1553.51576980251	1624.03456941523	1919.71906518088	1209.5326622793	1278.67809696825	1441.24165099834	1200.3912681759	1602.62191634642	1259.63209896186	1361.07164588052	1307.23009529105	1445.60334455914	1391.47000189264	1489.7672005041	1547.02006083455	1283.96302277518	1321.6906551009	1436.13665667726	1563.77243269761	1596.67040038954	1461.7974013181	1604.37185429512	1345.08105896336	1284.44563150398	1291.22600503896	1535.39996884326	1423.4162747731	1506.13230236002	1344.91652368037	1552.85856690919	1490.2232984603	1439.02160494527	1176.95329668	1483.63402369461	1412.24120849012	1385.63789903729	1815.88850803688	1676.83106262491	1622.87270814713	1188.31683704132	1337.89461220851	1205.01306770931	1260.56461149544	1383.64162523907	1644.80468503286	1616.23395741236	1347.63875415363	1304.37101051037	1835.95127646501	2014.44055301904	1998.08875394395	1795.60992467991	1675.81864154528	1347.04363247662	1496.18910464409	1656.3398012973	1560.20288230493	1654.31505385712	1888.14233174445	1596.66785374858	1749.84613244447	1779.4791317808	1830.27750675579	1997.12079331477	1589.11232592951	1519.45288665315	1340.24355035665	1455.12916987519	1133.16759398184	1441.18689435821	2078.06788395146	1516.51301080517	1343.53314296683	1150.68145307015	1344.99977586578	1208.75606805811	1498.56689963231	1705.39821399458	1550.62619031355	1328.24818947526	1726.31244420723	1284.1895164058	1730.16904148409	1552.44482443003	1578.85064719828	1365.2628302902	2013.80122362247	1633.33420610245
2022.48244192154	1664.55679840147	1512.78055312562	1437.46542206905	1629.74584758949	1306.03858257257	1491.05426207309	1326.56792545268	1739.97640056878	1561.8360485079	1756.55919658898	1151.74737881844	1478.74521734848	1553.51576980251	1624.03456941523	1919.71906518088	1209.5326622793	1278.67809696825	1441.24165099834	1200.3912681759	1602.62191634642	1326.24396061795	1361.07164588052	1307.23009529105	1445.60334455914	1391.47000189264	1489.7672005041	1547.02006083455	1283.96302277518	1321.6906551009	1436.13665667726	1563.77243269761	1596.67040038954	1461.7974013181	1604.37185429512	1345.08105896336	1284.44563150398	1419.32828526624	1535.39996884326	1423.4162747731	1662.76574223108	1499.31620173236	1552.85856690919	1568.30525427275	1439.02160494527	1176.95329668	1483.63402369461	1412.24120849012	1385.63789903729	1815.88850803688	1676.83106262491	1622.87270814713	1188.31683704132	1337.89461220851	1205.01306770931	1260.56461149544	1383.64162523907	1644.80468503286	1616.23395741236	1347.63875415363	1304.37101051037	1835.95127646501	2014.44055301904	1998.08875394395	1936.03806669217	1675.81864154528	1347.04363247662	1496.18910464409	1656.3398012973	1560.20288230493	1654.31505385712	1888.14233174445	1596.66785374858	1749.84613244447	1779.4791317808	1830.27750675579	1997.12079331477	1589.11232592951	1519.45288665315	1340.24355035665	1455.12916987519	1170.24583168856	1441.18689435821	2078.06788395146	1516.51301080517	1343.53314296683	1150.68145307015	1344.99977586578	1208.75606805811	1498.56689963231	1705.39821399458	1550.62619031355	1330.61058000574	1726.31244420723	1321.91399274426	1730.16904148409	1552.44482443003	1578.85064719828	1455.26141872917	2013.80122362247	1633.33420610245
2022.58267095422	1664.55679840147	1512.78055312562	1491.389671951	1629.74584758949	1306.03858257257	1523.95826498284	1438.72641689991	1739.97640056878	1561.8360485079	1756.55919658898	1151.74737881844	1478.74521734848	1553.51576980251	1624.03456941523	1919.71906518088	1209.5326622793	1278.67809696825	1515.25465981537	1257.3517684482	1602.62191634642	1496.64811237247	1476.12308599462	1337.71532090868	1445.60334455914	1391.47000189264	1489.7672005041	1547.02006083455	1283.96302277518	1321.6906551009	1606.71639399748	1630.68824390291	1614.99284314503	1518.34684494604	1604.37185429512	1345.08105896336	1430.73201016807	1612.52646062539	1622.76967519118	1432.52400571975	1821.79126111832	1666.26293569173	1552.85856690919	1750.65218292647	1470.87261821724	1311.77578709854	1483.63402369461	1434.04849825326	1385.63789903729	1815.88850803688	1676.83106262491	1622.87270814713	1188.31683704132	1337.89461220851	1205.01306770931	1355.65510245508	1383.64162523907	1644.80468503286	1616.23395741236	1347.63875415363	1304.37101051037	1835.95127646501	2014.44055301904	2212.60204034858	2080.36011633118	1675.81864154528	1347.04363247662	1608.15925437963	1659.42632011759	1632.04689442634	1654.31505385712	1888.14233174445	1596.66785374858	1749.84613244447	1779.4791317808	1830.27750675579	1997.12079331477	1589.11232592951	1519.45288665315	1340.24355035665	1455.12916987519	1207.32388526695	1441.18689435821	2078.06788395146	1516.51301080517	1343.53314296683	1250.95453454238	1344.99977586578	1208.75606805811	1498.56689963231	1705.39821399458	1550.62619031355	1443.99693774958	1726.31244420723	1334.30926373485	1730.16904148409	1552.44482443003	1578.85064719828	1630.50228979989	2013.80122362247	1633.33420610245
2022.6828999869	1664.55679840147	1576.26854063961	1545.29742837335	1656.82099848547	1429.88981525961	1724.48192292132	1778.42216670737	1739.97640056878	1917.63899495212	2023.09200694243	1355.91672522847	1547.2781915769	1621.54946474986	1648.80851747961	1920.27194989369	1472.76725643069	1376.03002733491	1680.29137875451	1589.56267026536	1640.62878305161	1667.27556894209	1680.02684483203	1538.9943352284	1445.60334455914	1516.88366283184	1489.7672005041	1625.19088022073	1383.05838264337	1321.6906551009	1887.41992300099	1815.7200597024	1784.69843430127	1880.23427303435	1747.35839424299	1345.08105896336	1715.24393780753	1806.03442579214	1707.66754935577	1669.08879193215	1981.01972330267	1833.394418045	1642.72943712176	1933.25964154054	1639.63198150082	1332.58115324605	1537.12604095386	1656.30487083303	1385.63789903729	1815.88850803688	1676.83106262491	1651.98470015791	1188.31683704132	1424.87953545709	1296.88795243318	1574.75276709943	1383.64162523907	1651.09040343534	1651.32310214964	1347.63875415363	1304.37101051037	1835.95127646501	2014.44055301904	2475.16589165327	2224.84216140043	1793.81157194732	1505.58902524062	1750.22534965023	1702.06733890951	1779.0816454086	1742.03066478066	1934.15036213215	1619.46944822789	1863.40822692262	1779.4791317808	1957.94888410973	1997.12079331477	1589.11232592951	1519.45288665315	1340.24355035665	1455.12916987519	1244.40174885021	1580.16409330146	2078.06788395146	1516.51301080517	1343.53314296683	1402.88761239803	1344.99977586578	1208.75606805811	1498.56689963231	1705.39821399458	1550.62619031355	1695.65333211113	1726.60983746825	1409.74057521096	1993.08128763965	1571.15986423301	1680.86445158741	1811.89127019549	2195.11267592048	1671.33899820805
2022.78312901958	1727.01655391853	1576.26854063961	1545.58074885214	1656.82099848547	1429.88981525961	1724.48192292132	1778.42216670737	1739.97640056878	1917.63899495212	2023.09200694243	1401.60445452073	1823.99562108033	1762.35654252957	1648.80851747961	2078.35544378793	1472.76725643069	1378.02680073129	1680.29137875451	1589.56267026536	1777.76483506347	1667.27556894209	1767.59228241849	1538.9943352284	1535.0752627765	1717.99746414741	1489.7672005041	1684.67728885152	1555.00083722478	1361.90783198861	1887.41992300099	1815.7200597024	1884.69471416451	1880.23427303435	1747.35839424299	1345.08105896336	1715.24393780753	1806.03442579214	1748.69939129631	1669.08879193215	1981.01972330267	1833.394418045	1642.72943712176	1933.25964154054	1639.63198150082	1332.58115324605	1651.01489428244	1656.30487083303	1385.63789903729	1815.88850803688	1774.79189615441	1681.800991996	1205.47455861262	1460.6113954732	1398.40102244897	1574.75276709943	1571.89128436297	1665.21184180966	1815.0747679936	1380.25283447464	1396.87178311111	1838.4401068261	2014.44055301904	2475.16589165327	2369.46575937365	1793.81157194732	1672.75655744341	1892.37894989589	1744.71428822348	1926.21962448902	1846.51955353387	2085.07154556686	1800.09226947151	2033.01443824716	1794.77229728135	2036.50634188273	1997.12079331477	1589.11232592951	1519.45288665315	1375.64975126247	1455.12916987519	1281.47941656865	1580.16409330146	2078.06788395146	1516.51301080517	1369.49690272618	1554.84175745326	1389.59048980872	1208.75606805811	1682.93478516805	1705.39821399458	1642.87903241502	1695.65333211113	1726.60983746825	1409.74057521096	1993.08128763965	1659.01177187422	1759.38221661006	1811.89127019549	2195.11267592048	1671.33899820805
2022.88335805227	1788.35470583279	1681.33057773879	1545.58074885214	1656.82099848547	1429.88981525961	1724.48192292132	1778.42216670737	1829.8396224799	1917.63899495212	2023.09200694243	1462.75673506593	1992.42970544615	1903.16355168638	1648.80851747961	2189.15544633955	1472.76725643069	1496.49284197445	1680.29137875451	1589.56267026536	1919.61731034926	1667.27556894209	1772.53642734021	1647.09350818716	1760.46516611863	1918.77200833126	1574.26759858879	1805.62904991255	1733.82612809817	1628.36298390716	1887.41992300099	1822.15887283419	2115.67732840137	1880.23427303435	1747.35839424299	1362.75742633922	1715.24393780753	1806.03442579214	1811.5949353203	1669.08879193215	1981.01972330267	1833.394418045	1713.69535543388	1933.25964154054	1639.63198150082	1389.89482689968	1780.07881667697	1663.9665940197	1591.92749810914	1919.1477901195	1982.66092337281	1773.77437077783	1357.93243875275	1472.90940542465	1403.0078024234	1574.75276709943	1801.65508316171	1849.64611669521	1917.65356447266	1550.53056830379	1540.09934222685	1982.40206182176	2014.44055301904	2475.16589165327	2369.46575937365	1793.81157194732	1672.75655744341	1892.37894989589	1883.98859141613	1926.21962448902	1846.51955353387	2205.81381751847	1980.37428927441	2138.66180546145	1938.45728506771	2114.98920941638	1997.12079331477	1589.11232592951	1554.43008957766	1511.26290079103	1537.36211235015	1369.9979358576	1715.20881418431	2280.21122123356	1659.83431953591	1369.49690272618	1693.04201932262	1500.24322628681	1296.0211206693	1891.46414262836	1880.92191160313	1800.576397831	1695.65333211113	1860.71700223064	1409.74057521096	2095.08141050166	1746.78487973938	1837.82293744827	1811.89127019549	2195.11267592048	1797.03549339332
2022.98358708495	1796.19594630242	1691.87106847024	1565.94593419323	1704.91748603295	1429.88981525961	1732.05765065443	1778.42216670737	1938.50438850189	1917.63899495212	2023.09200694243	1534.71226822512	2013.93674434842	2043.96988170564	1755.45005730335	2201.42904816439	1472.76725643069	1587.55571061693	1680.29137875451	1621.6441630818	1986.7545591384	1675.07048826104	1777.48037253262	1754.34462986958	1767.67958970167	1975.61312086721	1582.22375301117	1841.11422498114	1739.95549510212	1828.99336876759	1887.41992300099	1834.12981197664	2131.68221876719	1880.23427303435	1747.35839424299	1388.24020947797	1715.24393780753	1806.03442579214	1844.06345138045	1669.08879193215	1981.01972330267	1833.394418045	1805.96058283453	1933.25964154054	1737.10678318512	1408.35067155739	1870.96039018131	1766.63732631843	1720.67040152664	2080.31988931388	2030.81197111352	1793.29699314122	1470.75540158613	1518.13728149384	1431.27471880106	1574.75276709943	1838.10647879823	1950.72580483614	1974.09700470944	1581.76080884621	1665.33763024085	1987.20241747313	2024.30350551122	2475.16589165327	2369.46575937365	1838.92891099912	1672.75655744341	1892.37894989589	1919.76460584446	1926.21962448902	1846.51955353387	2261.66776236666	2059.50066401023	2144.24373556603	1975.50507106526	2190.67803699116	1997.12079331477	1589.11232592951	1623.97333948184	1593.92782998019	1589.96309666305	1379.4266482034	1727.3910316889	2376.79912881881	1729.27074672014	1421.17603031015	1709.14136058361	1510.46681806026	1308.88746275319	1954.25649295381	1967.34042475902	1810.54317956693	1695.65333211113	1876.37075758383	1454.08664746735	2104.63795045041	1796.51860474417	1910.38501352887	1811.89127019549	2231.37510171011	1831.58119631619
2023.08381611763	1796.19594630242	1691.87106847024	1565.94593419323	1704.91748603295	1429.88981525961	1732.05765065443	1778.42216670737	1938.50438850189	1917.63899495212	2023.09200694243	1534.71226822512	2013.93674434842	2043.96988170564	1755.45005730335	2201.42904816439	1472.76725643069	1587.55571061693	1680.29137875451	1621.6441630818	1986.7545591384	1675.07048826104	1777.48037253262	1754.34462986958	1767.67958970167	1975.61312086721	1582.22375301117	1841.11422498114	1739.95549510212	1828.99336876759	1887.41992300099	1834.12981197664	2131.68221876719	1880.23427303435	1747.35839424299	1388.24020947797	1715.24393780753	1806.03442579214	1844.06345138045	1669.08879193215	1981.01972330267	1833.394418045	1805.96058283453	1933.25964154054	1737.10678318512	1408.35067155739	1870.96039018131	1766.63732631843	1720.67040152664	2080.31988931388	2030.81197111352	1793.29699314122	1470.75540158613	1518.13728149384	1431.27471880106	1574.75276709943	1838.10647879823	1950.72580483614	1974.09700470944	1581.76080884621	1665.33763024085	1987.20241747313	2024.30350551122	2475.16589165327	2369.46575937365	1838.92891099912	1672.75655744341	1892.37894989589	1919.76460584446	1926.21962448902	1846.51955353387	2261.66776236666	2059.50066401023	2144.24373556603	1975.50507106526	2190.67803699116	1997.12079331477	1589.11232592951	1623.97333948184	1593.92782998019	1589.96309666305	1379.4266482034	1727.3910316889	2376.79912881881	1729.27074672014	1421.17603031015	1709.14136058361	1510.46681806026	1308.88746275319	1954.25649295381	1967.34042475902	1810.54317956693	1695.65333211113	1876.37075758383	1454.08664746735	2104.63795045041	1796.51860474417	1910.38501352887	1811.89127019549	2231.37510171011	1831.58119631619
2023.18404515031	1796.19594630242	1691.87106847024	1565.94593419323	1704.91748603295	1429.88981525961	1732.05765065443	1778.42216670737	1938.50438850189	1917.63899495212	2023.09200694243	1534.71226822512	2013.93674434842	2043.96988170564	1755.45005730335	2201.42904816439	1472.76725643069	1587.55571061693	1680.29137875451	1621.6441630818	1986.7545591384	1675.07048826104	1777.48037253262	1754.34462986958	1767.67958970167	1975.61312086721	1582.22375301117	1841.11422498114	1739.95549510212	1828.99336876759	1887.41992300099	1834.12981197664	2131.68221876719	1880.23427303435	1747.35839424299	1388.24020947797	1715.24393780753	1806.03442579214	1844.06345138045	1669.08879193215	1981.01972330267	1833.394418045	1805.96058283453	1933.25964154054	1737.10678318512	1408.35067155739	1870.96039018131	1766.63732631843	1720.67040152664	2080.31988931388	2030.81197111352	1793.29699314122	1470.75540158613	1518.13728149384	1431.27471880106	1574.75276709943	1838.10647879823	1950.72580483614	1974.09700470944	1581.76080884621	1665.33763024085	1987.20241747313	2024.30350551122	2475.16589165327	2369.46575937365	1838.92891099912	1672.75655744341	1892.37894989589	1919.76460584446	1926.21962448902	1846.51955353387	2261.66776236666	2059.50066401023	2144.24373556603	1975.50507106526	2190.67803699116	1997.12079331477	1589.11232592951	1623.97333948184	1593.92782998019	1589.96309666305	1379.4266482034	1727.3910316889	2376.79912881881	1729.27074672014	1421.17603031015	1709.14136058361	1510.46681806026	1308.88746275319	1954.25649295381	1967.34042475902	1810.54317956693	1695.65333211113	1876.37075758383	1454.08664746735	2104.63795045041	1796.51860474417	1910.38501352887	1811.89127019549	2231.37510171011	1831.58119631619
2023.28427418299	1796.19594630242	1691.87106847024	1565.94593419323	1704.91748603295	1429.88981525961	1732.05765065443	1778.42216670737	1938.50438850189	1917.63899495212	2023.09200694243	1534.71226822512	2013.93674434842	2043.96988170564	1755.45005730335	2201.42904816439	1472.76725643069	1587.55571061693	1680.29137875451	1621.6441630818	1986.7545591384	1675.07048826104	1777.48037253262	1754.34462986958	1767.67958970167	1975.61312086721	1582.22375301117	1841.11422498114	1739.95549510212	1828.99336876759	1887.41992300099	1834.12981197664	2131.68221876719	1880.23427303435	1747.35839424299	1388.24020947797	1715.24393780753	1806.03442579214	1844.06345138045	1669.08879193215	1981.01972330267	1833.394418045	1805.96058283453	1933.25964154054	1737.10678318512	1408.35067155739	1870.96039018131	1766.63732631843	1720.67040152664	2080.31988931388	2030.81197111352	1793.29699314122	1470.75540158613	1518.13728149384	1431.27471880106	1574.75276709943	1838.10647879823	1950.72580483614	1974.09700470944	1581.76080884621	1665.33763024085	1987.20241747313	2024.30350551122	2475.16589165327	2369.46575937365	1838.92891099912	1672.75655744341	1892.37894989589	1919.76460584446	1926.21962448902	1846.51955353387	2261.66776236666	2059.50066401023	2144.24373556603	1975.50507106526	2190.67803699116	1997.12079331477	1589.11232592951	1623.97333948184	1593.92782998019	1589.96309666305	1379.4266482034	1727.3910316889	2376.79912881881	1729.27074672014	1421.17603031015	1709.14136058361	1510.46681806026	1308.88746275319	1954.25649295381	1967.34042475902	1810.54317956693	1695.65333211113	1876.37075758383	1454.08664746735	2104.63795045041	1796.51860474417	1910.38501352887	1811.89127019549	2231.37510171011	1831.58119631619
2023.38450321567	1796.19594630242	1691.87106847024	1565.94593419323	1704.91748603295	1429.88981525961	1732.05765065443	1778.42216670737	1938.50438850189	1917.63899495212	2023.09200694243	1534.71226822512	2013.93674434842	2043.96988170564	1755.45005730335	2201.42904816439	1472.76725643069	1587.55571061693	1680.29137875451	1621.6441630818	1986.7545591384	1675.07048826104	1777.48037253262	1754.34462986958	1767.67958970167	1975.61312086721	1582.22375301117	1841.11422498114	1739.95549510212	1828.99336876759	1887.41992300099	1834.12981197664	2131.68221876719	1880.23427303435	1747.35839424299	1388.24020947797	1715.24393780753	1806.03442579214	1844.06345138045	1669.08879193215	1981.01972330267	1833.394418045	1805.96058283453	1933.25964154054	1737.10678318512	1408.35067155739	1870.96039018131	1766.63732631843	1720.67040152664	2080.31988931388	2030.81197111352	1793.29699314122	1470.75540158613	1518.13728149384	1431.27471880106	1574.75276709943	1838.10647879823	1950.72580483614	1974.09700470944	1581.76080884621	1665.33763024085	1987.20241747313	2024.30350551122	2475.16589165327	2369.46575937365	1838.92891099912	1672.75655744341	1892.37894989589	1919.76460584446	1926.21962448902	1846.51955353387	2261.66776236666	2059.50066401023	2144.24373556603	1975.50507106526	2190.67803699116	1997.12079331477	1589.11232592951	1623.97333948184	1593.92782998019	1589.96309666305	1379.4266482034	1727.3910316889	2376.79912881881	1729.27074672014	1421.17603031015	1709.14136058361	1510.46681806026	1308.88746275319	1954.25649295381	1967.34042475902	1810.54317956693	1695.65333211113	1876.37075758383	1454.08664746735	2104.63795045041	1796.51860474417	1910.38501352887	1811.89127019549	2231.37510171011	1831.58119631619
2023.48473224835	1796.19594630242	1691.87106847024	1565.94593419323	1704.91748603295	1429.88981525961	1732.05765065443	1778.42216670737	1938.50438850189	1917.63899495212	2023.09200694243	1534.71226822512	2013.93674434842	2043.96988170564	1755.45005730335	2201.42904816439	1472.76725643069	1587.55571061693	1680.29137875451	1621.6441630818	1986.7545591384	1675.07048826104	1777.48037253262	1754.34462986958	1767.67958970167	1975.61312086721	1582.22375301117	1841.11422498114	1739.95549510212	1828.99336876759	1887.41992300099	1834.12981197664	2131.68221876719	1880.23427303435	1747.35839424299	1388.24020947797	1715.24393780753	1806.03442579214	1844.06345138045	1669.08879193215	1981.01972330267	1833.394418045	1805.96058283453	1933.25964154054	1737.10678318512	1408.35067155739	1870.96039018131	1766.63732631843	1720.67040152664	2080.31988931388	2030.81197111352	1793.29699314122	1470.75540158613	1518.13728149384	1431.27471880106	1574.75276709943	1838.10647879823	1950.72580483614	1974.09700470944	1581.76080884621	1665.33763024085	1987.20241747313	2024.30350551122	2475.16589165327	2369.46575937365	1838.92891099912	1672.75655744341	1892.37894989589	1919.76460584446	1926.21962448902	1846.51955353387	2261.66776236666	2059.50066401023	2144.24373556603	1975.50507106526	2190.67803699116	1997.12079331477	1589.11232592951	1623.97333948184	1593.92782998019	1589.96309666305	1379.4266482034	1727.3910316889	2376.79912881881	1729.27074672014	1421.17603031015	1709.14136058361	1510.46681806026	1308.88746275319	1954.25649295381	1967.34042475902	1810.54317956693	1695.65333211113	1876.37075758383	1454.08664746735	2104.63795045041	1796.51860474417	1910.38501352887	1811.89127019549	2231.37510171011	1831.58119631619
2023.58496128103	1796.19594630242	1691.87106847024	1565.94593419323	1704.91748603295	1429.88981525961	1732.05765065443	1778.42216670737	1938.50438850189	1917.63899495212	2023.09200694243	1534.71226822512	2013.93674434842	2043.96988170564	1755.45005730335	2201.42904816439	1472.76725643069	1587.55571061693	1680.29137875451	1621.6441630818	1986.7545591384	1675.07048826104	1777.48037253262	1754.34462986958	1767.67958970167	1975.61312086721	1582.22375301117	1841.11422498114	1739.95549510212	1828.99336876759	1887.41992300099	1834.12981197664	2131.68221876719	1880.23427303435	1747.35839424299	1388.24020947797	1715.24393780753	1806.03442579214	1844.06345138045	1669.08879193215	1981.01972330267	1833.394418045	1805.96058283453	1933.25964154054	1737.10678318512	1408.35067155739	1870.96039018131	1766.63732631843	1720.67040152664	2080.31988931388	2030.81197111352	1793.29699314122	1470.75540158613	1518.13728149384	1431.27471880106	1640.01809389278	1838.10647879823	1950.72580483614	1974.09700470944	1581.76080884621	1665.33763024085	1987.20241747313	2024.30350551122	2475.16589165327	2369.46575937365	1838.92891099912	1672.75655744341	1892.37894989589	1919.76460584446	1926.21962448902	1846.51955353387	2261.66776236666	2059.50066401023	2144.24373556603	1975.50507106526	2190.67803699116	1997.12079331477	1589.11232592951	1623.97333948184	1593.92782998019	1589.96309666305	1379.4266482034	1727.3910316889	2376.79912881881	1729.27074672014	1421.17603031015	1709.14136058361	1510.46681806026	1308.88746275319	1954.25649295381	1967.34042475902	1810.54317956693	1695.65333211113	1876.37075758383	1454.08664746735	2104.63795045041	1796.51860474417	1910.38501352887	1811.89127019549	2231.37510171011	1831.58119631619
2023.68519031371	1796.19594630242	1691.87106847024	1565.94593419323	1704.91748603295	1429.88981525961	1732.05765065443	1778.42216670737	1938.50438850189	1917.63899495212	2023.09200694243	1534.71226822512	2013.93674434842	2043.96988170564	1755.45005730335	2201.42904816439	1472.76725643069	1587.55571061693	1680.29137875451	1621.6441630818	1986.7545591384	1675.07048826104	1777.48037253262	1754.34462986958	1767.67958970167	1975.61312086721	1582.22375301117	1841.11422498114	1739.95549510212	1828.99336876759	1887.41992300099	1834.12981197664	2131.68221876719	1880.23427303435	1747.35839424299	1388.24020947797	1715.24393780753	1806.03442579214	1844.06345138045	1669.08879193215	1981.01972330267	1833.394418045	1805.96058283453	1933.25964154054	1737.10678318512	1408.35067155739	1870.96039018131	1766.63732631843	1720.67040152664	2080.31988931388	2030.81197111352	1793.29699314122	1470.75540158613	1518.13728149384	1431.27471880106	1670.50716238606	1838.10647879823	1950.72580483614	1974.09700470944	1581.76080884621	1665.33763024085	1987.20241747313	2024.30350551122	2475.16589165327	2369.46575937365	1838.92891099912	1672.75655744341	1892.37894989589	1919.76460584446	1926.21962448902	1846.51955353387	2261.66776236666	2059.50066401023	2144.24373556603	1975.50507106526	2190.67803699116	1997.12079331477	1589.11232592951	1623.97333948184	1593.92782998019	1589.96309666305	1379.4266482034	1727.3910316889	2376.79912881881	1729.27074672014	1421.17603031015	1709.14136058361	1510.46681806026	1308.88746275319	1954.25649295381	1967.34042475902	1810.54317956693	1695.65333211113	1876.37075758383	1454.08664746735	2104.63795045041	1796.51860474417	1910.38501352887	1811.89127019549	2231.37510171011	1831.58119631619
2023.78541934639	1796.19594630242	1691.87106847024	1565.94593419323	1704.91748603295	1429.88981525961	1732.05765065443	1778.42216670737	1938.50438850189	1917.63899495212	2023.09200694243	1534.71226822512	2013.93674434842	2043.96988170564	1755.45005730335	2201.42904816439	1472.76725643069	1587.55571061693	1680.29137875451	1621.6441630818	1986.7545591384	1675.07048826104	1777.48037253262	1754.34462986958	1767.67958970167	1975.61312086721	1582.22375301117	1841.11422498114	1739.95549510212	1828.99336876759	1887.41992300099	1834.12981197664	2131.68221876719	1880.23427303435	1747.35839424299	1388.24020947797	1715.24393780753	1806.03442579214	1844.06345138045	1669.08879193215	1981.01972330267	1833.394418045	1805.96058283453	1933.25964154054	1737.10678318512	1408.35067155739	1870.96039018131	1766.63732631843	1720.67040152664	2080.31988931388	2030.81197111352	1793.29699314122	1470.75540158613	1518.13728149384	1431.27471880106	1700.99661057853	1838.10647879823	1950.72580483614	1974.09700470944	1581.76080884621	1665.33763024085	1987.20241747313	2024.30350551122	2475.16589165327	2369.46575937365	1838.92891099912	1672.75655744341	1892.37894989589	1919.76460584446	1926.21962448902	1846.51955353387	2261.66776236666	2059.50066401023	2144.24373556603	1975.50507106526	2190.67803699116	1997.12079331477	1589.11232592951	1623.97333948184	1593.92782998019	1589.96309666305	1379.4266482034	1727.3910316889	2376.79912881881	1729.27074672014	1421.17603031015	1709.14136058361	1510.46681806026	1308.88746275319	1954.25649295381	1967.34042475902	1810.54317956693	1695.65333211113	1876.37075758383	1454.08664746735	2104.63795045041	1796.51860474417	1910.38501352887	1811.89127019549	2231.37510171011	1831.58119631619
2023.88564837907	1796.19594630242	1691.87106847024	1565.94593419323	1704.91748603295	1429.88981525961	1732.05765065443	1778.42216670737	1938.50438850189	1917.63899495212	2023.09200694243	1534.71226822512	2013.93674434842	2043.96988170564	1755.45005730335	2201.42904816439	1472.76725643069	1587.55571061693	1680.29137875451	1621.6441630818	1986.7545591384	1675.07048826104	1777.48037253262	1754.34462986958	1767.67958970167	1975.61312086721	1582.22375301117	1841.11422498114	1739.95549510212	1828.99336876759	1887.41992300099	1834.12981197664	2131.68221876719	1880.23427303435	1747.35839424299	1388.24020947797	1715.24393780753	1806.03442579214	1844.06345138045	1669.08879193215	1981.01972330267	1833.394418045	1805.96058283453	1933.25964154054	1737.10678318512	1408.35067155739	1870.96039018131	1766.63732631843	1720.67040152664	2080.31988931388	2030.81197111352	1793.29699314122	1470.75540158613	1518.13728149384	1431.27471880106	1731.4864344861	1838.10647879823	1950.72580483614	1974.09700470944	1581.76080884621	1665.33763024085	1987.20241747313	2024.30350551122	2475.16589165327	2369.46575937365	1838.92891099912	1672.75655744341	1892.37894989589	1919.76460584446	1926.21962448902	1846.51955353387	2261.66776236666	2059.50066401023	2144.24373556603	1975.50507106526	2190.67803699116	1997.12079331477	1589.11232592951	1623.97333948184	1593.92782998019	1589.96309666305	1379.4266482034	1727.3910316889	2376.79912881881	1729.27074672014	1421.17603031015	1709.14136058361	1510.46681806026	1308.88746275319	1954.25649295381	1967.34042475902	1810.54317956693	1695.65333211113	1876.37075758383	1454.08664746735	2104.63795045041	1796.51860474417	1910.38501352887	1811.89127019549	2231.37510171011	1831.58119631619
2023.98587741175	1796.19594630242	1691.87106847024	1565.94593419323	1704.91748603295	1429.88981525961	1732.05765065443	1778.42216670737	1938.50438850189	1917.63899495212	2023.09200694243	1534.71226822512	2013.93674434842	2043.96988170564	1755.45005730335	2201.42904816439	1472.76725643069	1587.55571061693	1680.29137875451	1621.6441630818	1986.7545591384	1675.07048826104	1777.48037253262	1754.34462986958	1767.67958970167	1975.61312086721	1582.22375301117	1841.11422498114	1739.95549510212	1828.99336876759	1887.41992300099	1834.12981197664	2131.68221876719	1880.23427303435	1747.35839424299	1388.24020947797	1715.24393780753	1806.03442579214	1844.06345138045	1669.08879193215	1981.01972330267	1833.394418045	1805.96058283453	1933.25964154054	1737.10678318512	1415.58684810939	1870.96039018131	1766.63732631843	1720.67040152664	2080.31988931388	2030.81197111352	1793.29699314122	1470.75540158613	1518.13728149384	1431.27471880106	1761.97663013362	1838.10647879823	1950.72580483614	1974.09700470944	1581.76080884621	1665.33763024085	1987.20241747313	2024.30350551122	2475.16589165327	2369.46575937365	1838.92891099912	1672.75655744341	1892.37894989589	1919.76460584446	1926.21962448902	1846.51955353387	2261.66776236666	2059.50066401023	2144.24373556603	1975.50507106526	2190.67803699116	1997.12079331477	1589.11232592951	1623.97333948184	1593.92782998019	1589.96309666305	1379.4266482034	1727.3910316889	2376.79912881881	1729.27074672014	1421.17603031015	1709.14136058361	1510.46681806026	1308.88746275319	1954.25649295381	1967.34042475902	1810.54317956693	1695.65333211113	1876.37075758383	1454.08664746735	2104.63795045041	1796.51860474417	1910.38501352887	1811.89127019549	2231.37510171011	1831.58119631619
2024.08610644443	1796.19594630242	1691.87106847024	1565.94593419323	1704.91748603295	1429.88981525961	1732.05765065443	1778.42216670737	1938.50438850189	1917.63899495212	2023.09200694243	1534.71226822512	2013.93674434842	2043.96988170564	1755.45005730335	2201.42904816439	1472.76725643069	1587.55571061693	1680.29137875451	1621.6441630818	1986.7545591384	1675.07048826104	1777.48037253262	1754.34462986958	1767.67958970167	1975.61312086721	1582.22375301117	1841.11422498114	1739.95549510212	1828.99336876759	1887.41992300099	1834.12981197664	2131.68221876719	1880.23427303435	1747.35839424299	1388.24020947797	1715.24393780753	1806.03442579214	1844.06345138045	1669.08879193215	1981.01972330267	1833.394418045	1805.96058283453	1933.25964154054	1737.10678318512	1511.00088623068	1870.96039018131	1766.63732631843	1720.67040152664	2080.31988931388	2030.81197111352	1793.29699314122	1470.75540158613	1568.20948350439	1431.27471880106	1792.46719355368	1854.59891085857	1950.72580483614	1974.09700470944	1581.76080884621	1665.33763024085	1987.20241747313	2024.30350551122	2475.16589165327	2369.46575937365	1838.92891099912	1672.75655744341	1892.37894989589	1919.76460584446	1926.21962448902	1846.51955353387	2261.66776236666	2059.50066401023	2144.24373556603	1975.50507106526	2190.67803699116	1997.12079331477	1589.11232592951	1623.97333948184	1593.92782998019	1589.96309666305	1379.4266482034	1727.3910316889	2376.79912881881	1729.27074672014	1421.17603031015	1709.14136058361	1591.95219275814	1308.88746275319	1954.25649295381	1967.34042475902	1810.54317956693	1695.65333211113	1876.37075758383	1454.08664746735	2104.63795045041	1796.51860474417	1910.38501352887	1811.89127019549	2231.37510171011	1831.58119631619
2024.18633547711	1796.19594630242	1691.87106847024	1565.94593419323	1704.91748603295	1429.88981525961	1732.05765065443	1778.42216670737	1938.50438850189	1917.63899495212	2023.09200694243	1534.71226822512	2013.93674434842	2043.96988170564	1755.45005730335	2201.42904816439	1472.76725643069	1587.55571061693	1680.29137875451	1621.6441630818	1986.7545591384	1675.07048826104	1777.48037253262	1754.34462986958	1767.67958970167	1975.61312086721	1678.63897143438	1841.11422498114	1739.95549510212	1828.99336876759	1887.41992300099	1896.62280178551	2131.68221876719	1880.23427303435	1747.35839424299	1388.24020947797	1715.24393780753	1806.03442579214	1844.06345138045	1669.08879193215	1981.01972330267	1833.394418045	1805.96058283453	1933.25964154054	1737.10678318512	1606.35230893468	1870.96039018131	1766.63732631843	1720.67040152664	2080.31988931388	2030.81197111352	1793.29699314122	1470.75540158613	1770.64362612279	1431.27471880106	1822.95812078711	1900.5138418288	1950.72580483614	1974.09700470944	1581.76080884621	1665.33763024085	1987.20241747313	2024.30350551122	2475.16589165327	2369.46575937365	1838.92891099912	1672.75655744341	1892.37894989589	1919.76460584446	1926.21962448902	1846.51955353387	2261.66776236666	2059.50066401023	2144.24373556603	1975.50507106526	2190.67803699116	1997.12079331477	1589.11232592951	1623.97333948184	1593.92782998019	1589.96309666305	1379.4266482034	1727.3910316889	2481.27940736486	1729.27074672014	1421.17603031015	1709.14136058361	1671.31447279494	1308.88746275319	1954.25649295381	1967.34042475902	1810.54317956693	1695.65333211113	1876.37075758383	1553.65082376998	2104.63795045041	1796.51860474417	1910.38501352887	1811.89127019549	2231.37510171011	1831.58119631619
2024.28656450979	1796.19594630242	1691.87106847024	1565.94593419323	1731.2239545433	1429.88981525961	1732.05765065443	1778.42216670737	1938.50438850189	1917.63899495212	2023.09200694243	1534.71226822512	2013.93674434842	2043.96988170564	1755.45005730335	2201.42904816439	1472.76725643069	1587.55571061693	1680.29137875451	1621.6441630818	1986.7545591384	1701.92168753359	1777.48037253262	1754.34462986958	1767.67958970167	1975.61312086721	1778.74052792012	1841.11422498114	1739.95549510212	1828.99336876759	1887.41992300099	1981.7032806334	2131.68221876719	1880.23427303435	1747.35839424299	1388.24020947797	1715.24393780753	1806.03442579214	1844.06345138045	1669.08879193215	1981.01972330267	1833.394418045	1805.96058283453	1933.25964154054	1737.10678318512	1708.22553503701	1870.96039018131	1766.63732631843	1720.67040152664	2080.31988931388	2030.81197111352	1793.29699314122	1470.75540158613	1803.85090271317	1431.27471880106	2003.76367146612	1970.34984899025	1950.72580483614	1974.09700470944	1581.76080884621	1665.33763024085	2024.35629459797	2024.30350551122	2475.16589165327	2369.46575937365	1838.92891099912	1672.75655744341	1892.37894989589	1919.76460584446	1926.21962448902	1846.51955353387	2261.66776236666	2059.50066401023	2144.24373556603	2002.79098638811	2190.67803699116	1997.12079331477	1589.11232592951	1623.97333948184	1593.92782998019	1589.96309666305	1379.4266482034	1727.3910316889	2660.13947356849	1729.27074672014	1421.17603031015	1709.14136058361	1820.00473579283	1308.88746275319	1954.25649295381	1967.34042475902	1810.54317956693	1695.65333211113	1876.37075758383	1721.39112205477	2104.63795045041	1796.51860474417	1910.38501352887	1811.89127019549	2231.37510171011	1831.58119631619
2024.38679354247	1796.19594630242	1691.87106847024	1578.15199543719	1741.53053106899	1429.88981525961	1732.05765065443	1778.42216670737	1938.50438850189	1917.63899495212	2023.09200694243	1534.71226822512	2013.93674434842	2043.96988170564	1755.45005730335	2201.42904816439	1472.76725643069	1587.55571061693	1680.29137875451	1621.6441630818	1986.7545591384	1763.09683027043	1777.48037253262	1754.34462986958	1767.67958970167	1975.61312086721	1878.89269589885	1841.11422498114	1739.95549510212	1828.99336876759	1887.41992300099	2066.80984509316	2131.68221876719	1880.23427303435	1747.35839424299	1407.68299881524	1715.24393780753	1806.03442579214	1844.06345138045	1669.08879193215	1981.01972330267	1833.394418045	1805.96058283453	1933.25964154054	1737.10678318512	1763.30524991549	1870.96039018131	1766.63732631843	1720.67040152664	2080.31988931388	2030.81197111352	1793.29699314122	1470.75540158613	1849.2162911263	1490.54647010485	2357.78641002921	2040.92169576021	2048.9946841577	1974.09700470944	1581.76080884621	1665.33763024085	2195.4856207965	2024.30350551122	2475.16589165327	2369.46575937365	1838.92891099912	1672.75655744341	1892.37894989589	1925.23902292672	1926.21962448902	1846.51955353387	2261.66776236666	2059.50066401023	2144.24373556603	2042.61021948872	2190.67803699116	2053.11994612136	1589.11232592951	1623.97333948184	1593.92782998019	1589.96309666305	1379.4266482034	1727.3910316889	2957.66586072049	1729.27074672014	1421.17603031015	1709.14136058361	1973.53878400682	1308.88746275319	1954.25649295381	1967.34042475902	1810.54317956693	1695.65333211113	1876.37075758383	1727.44098339992	2104.63795045041	1796.51860474417	1910.38501352887	1811.89127019549	2231.37510171011	1831.58119631619
2024.48702257515	1796.19594630242	1702.01999502425	1612.7473437408	1873.72470768348	1474.70158178904	1732.05765065443	1778.42216670737	1938.50438850189	1917.63899495212	2023.09200694243	1534.71226822512	2013.93674434842	2043.96988170564	1755.45005730335	2201.42904816439	1472.76725643069	1643.70285563267	1680.29137875451	1632.1436312166	1986.7545591384	1815.75236650616	1777.48037253262	1754.34462986958	1767.67958970167	1975.61312086721	1979.0939120648	1841.11422498114	1739.95549510212	1828.99336876759	1923.8253811649	2151.94193586825	2131.68221876719	1880.23427303435	1747.35839424299	1517.4244921319	1715.24393780753	1806.03442579214	1844.06345138045	1685.52751649412	1981.01972330267	1833.394418045	1858.33573444475	1933.25964154054	1791.10296607416	1824.47565648019	1897.96690337363	1766.63732631843	1720.67040152664	2080.31988931388	2030.81197111352	1821.33399420254	1470.75540158613	1926.37946117645	1661.0190663975	2410.26609330479	2111.47632154698	2082.03799748065	1974.09700470944	1581.76080884621	1671.43048161343	2265.17530800363	2033.62479967468	2475.16589165327	2369.46575937365	1849.99200472836	1672.75655744341	1892.37894989589	1976.35035903251	1926.21962448902	1846.51955353387	2261.66776236666	2059.50066401023	2144.24373556603	2056.40833649752	2190.67803699116	2122.26736319679	1589.11232592951	1623.97333948184	1593.92782998019	1645.87176221263	1379.4266482034	1727.3910316889	2976.28054352259	1729.27074672014	1468.59835450053	1709.14136058361	2037.73717307764	1338.4355653174	1954.25649295381	1967.34042475902	1810.54317956693	1695.65333211113	1876.37075758383	1733.49068415628	2104.63795045041	1796.51860474417	1910.38501352887	1869.60087240275	2231.37510171011	1831.58119631619
2024.58725160783	1812.9040321229	1763.87435437765	1647.3482160726	1985.40426948667	1533.40516217021	1732.05765065443	1778.42216670737	2019.72863404352	1917.63899495212	2023.09200694243	1549.70752502585	2013.93674434842	2043.96988170564	1755.45005730335	2201.42904816439	1524.72250535637	1826.14381110193	1680.29137875451	1727.87993684662	1986.7545591384	1982.49659788843	1777.48037253262	1754.34462986958	1767.67958970167	1975.61312086721	2079.34262524099	1841.11422498114	1739.95549510212	1828.99336876759	2018.28499040732	2237.09899811617	2131.68221876719	1946.05524353073	1747.35839424299	1627.17860983718	1715.24393780753	1806.03442579214	1844.06345138045	1740.07085403242	2039.87397319171	1833.394418045	1949.82950078616	1962.81743425587	1902.95892515725	1885.60183176373	2049.16709299962	1766.63732631843	1720.67040152664	2080.31988931388	2030.81197111352	1978.42696090287	1569.61458536093	2003.57491550525	1828.40583318008	2462.74719768743	2182.01276674813	2257.39195462184	1974.09700470944	1601.11693406753	1769.53647861435	2334.89424107019	2068.00239920279	2475.16589165327	2369.46575937365	1918.0103203851	1696.31025557093	1892.37894989589	2041.60536347123	1926.21962448902	1846.51955353387	2261.66776236666	2059.50066401023	2144.24373556603	2070.20632764727	2190.67803699116	2164.21687628606	1589.11232592951	1656.57837413771	1605.50708101038	1766.16328257432	1481.65475584506	1752.88061395465	2994.89393615907	1729.27074672014	1543.00988768874	1709.14136058361	2164.80641611424	1529.74378963503	1954.25649295381	1967.34042475902	1810.54317956693	1714.81581121172	1876.37075758383	1739.54022414359	2104.63795045041	1975.92858348973	1910.38501352887	1964.36582117837	2231.37510171011	1831.58119631619
2024.68748064051	1901.62033684221	1825.72724362236	1681.95456265156	2162.18117047777	1592.10377185864	1732.05765065443	1778.42216670737	2135.3338901156	1917.63899495212	2023.09200694243	1616.58485284162	2013.93674434842	2043.96988170564	1755.45005730335	2201.42904816439	1656.41138499463	1826.14381110193	1744.72394356054	1967.80541408643	1986.7545591384	2033.33965557083	1777.48037253262	1754.34462986958	1805.13107371375	1975.61312086721	2179.63729585971	1841.11422498114	1739.95549510212	1828.99336876759	2112.78379422856	2322.28048131779	2131.68221876719	2035.77902722689	1747.35839424299	1736.94513504624	1715.24393780753	1806.03442579214	1844.06345138045	1805.38376261062	2156.28133940088	1833.394418045	2010.36419603697	2052.78413333218	2014.81260687301	1946.68233562941	2113.4214048144	1859.63035940778	1736.55609368655	2084.88793493686	2030.81197111352	2145.31205665542	1616.21804560995	2187.11170052711	1996.02620719243	2515.22963755044	2286.3422047713	2418.35923617521	2089.69613960338	1712.99107090891	1840.95789805497	2404.64073821036	2102.6627807526	2475.16589165327	2369.46575937365	1986.02915377479	1875.94505199881	1899.42939394964	2106.84830130418	1926.21962448902	1846.51955353387	2261.66776236666	2100.68326516535	2144.24373556603	2084.00419115832	2190.67803699116	2206.18243990309	1589.11232592951	1732.76104791682	1687.15382094121	1843.61972206443	1613.78332058782	1837.61169101625	3128.69082124896	1771.40017027964	1644.3826747581	1773.91962117842	2372.14533214077	1692.84234071966	1954.25649295381	1967.34042475902	1859.22444391855	1785.80526091502	1876.37075758383	1745.58960317575	2104.63795045041	2060.01907015795	1910.38501352887	2065.87636069592	2231.37510171011	1831.58119631619
2024.7877096732	1927.27145542702	1887.57864076152	1716.56633386098	2229.63244830059	1650.79736162469	1732.05765065443	1778.42216670737	2257.22011862992	1941.92124881126	2088.25259537061	1683.47480392895	2013.93674434842	2043.96988170564	1817.98257487762	2201.42904816439	1712.98332449789	1826.14381110193	1753.44123491586	2049.26546270564	1986.7545591384	2181.05537294233	1777.48037253262	1754.34462986958	1832.96854793195	1975.61312086721	2279.97639544601	1908.24356342613	1750.68988405356	1828.99336876759	2207.32059653483	2407.48583914667	2131.68221876719	2125.53674333996	1747.35839424299	1846.72385434387	1715.24393780753	1837.49222911238	1844.06345138045	1879.36912035013	2224.10681079877	1833.394418045	2070.92494388913	2142.8012367072	2126.66389315709	2007.71572331159	2177.66715706674	1959.214568256	1860.86806892744	2122.31115834997	2030.81197111352	2250.85324333161	1786.42451685714	2248.35080299211	2100.60051488438	2598.6246266906	2411.35006271155	2467.16008245337	2169.19287107083	1848.92821859206	1920.07081801714	2490.28029842691	2176.46459643831	2475.16589165327	2369.46575937365	2054.04847868787	1968.51142260411	1960.59576664434	2172.079046382	1926.21962448902	1846.51955353387	2261.66776236666	2145.91663602075	2144.24373556603	2097.80192525054	2298.78907824077	2248.16362960094	1589.11232592951	1808.9921685044	1768.72718849208	1913.15640887192	1668.56776207807	1884.16415959588	3213.00667257906	1856.50918647214	1677.29393423392	1963.85867233581	2579.82614980704	1745.30754173956	1954.25649295381	1975.16243447314	1974.1407009679	1882.659050204	1876.37075758383	1775.78440635527	2200.17564584346	2096.64159852586	1910.38501352887	2121.66069704626	2231.37510171011	1853.34073716645
2024.88793870588	1927.27145542702	1887.57864076152	1716.56633386098	2343.85709379319	1650.79736162469	1732.05765065443	1778.42216670737	2259.34108966426	1941.92124881126	2088.25259537061	1683.47480392895	2013.93674434842	2043.96988170564	1817.98257487762	2201.42904816439	1712.98332449789	1915.49559733551	1767.98950271346	2049.26546270564	1999.48766100802	2181.05537294233	1777.48037253262	1754.34462986958	1832.96854793195	1975.61312086721	2279.97639544601	1908.24356342613	1750.68988405356	1828.99336876759	2207.32059653483	2407.48583914667	2131.68221876719	2125.53674333996	1747.35839424299	1846.72385434387	1715.24393780753	1837.49222911238	1844.06345138045	1952.07410799927	2261.7817910985	1833.394418045	2151.73296938417	2142.8012367072	2126.66389315709	2068.70054519889	2241.90423673182	1968.29779268596	1860.86806892744	2178.68265292594	2030.81197111352	2250.85324333161	1786.42451685714	2309.58738306213	2182.64097730636	2730.54707851738	2411.35006271155	2467.16008245337	2169.19287107083	1984.95695062315	2011.92132267552	2490.28029842691	2176.46459643831	2475.16589165327	2369.46575937365	2054.04847868787	1968.51142260411	1960.59576664434	2226.99121200603	1926.21962448902	1846.51955353387	2261.66776236666	2145.91663602075	2144.24373556603	2097.80192525054	2298.78907824077	2248.16362960094	1686.74641146323	1808.9921685044	1850.22373859604	1913.15640887192	1733.65693216432	1930.71166011846	3235.58227845218	1866.08426055792	1688.67117332798	1963.85867233581	2579.82614980704	1745.30754173956	1954.25649295381	1975.16243447314	1974.1407009679	1882.659050204	1876.37075758383	1830.29702235456	2200.17564584346	2133.25699935147	1910.38501352887	2146.82898771552	2231.37510171011	1898.38138451024
2024.98816773856	2062.20685381678	1887.57864076152	1716.56633386098	2458.02019727624	1837.96896623265	1769.33432726374	1778.42216670737	2261.4620606869	1941.92124881126	2088.25259537061	1683.47480392895	2013.93674434842	2043.96988170564	1966.1770057881	2201.42904816439	1730.9038027126	2232.72641926839	1847.32292370329	2103.95237134107	2156.69778271318	2198.52059667092	1777.48037253262	1754.34462986958	1832.96854793195	1975.61312086721	2279.97639544601	1908.24356342613	1750.68988405356	1828.99336876759	2207.32059653483	2407.48583914667	2131.68221876719	2125.53674333996	1747.35839424299	1846.72385434387	1743.17217616453	1837.49222911238	1844.06345138045	1952.07410799927	2272.74098059399	1833.394418045	2177.29762884499	2188.95708754232	2126.66389315709	2110.03154224256	2306.13252988754	2050.67146379299	2106.320754291	2423.61934363947	2030.81197111352	2250.85324333161	1786.42451685714	2370.82141121755	2182.64097730636	2730.54707851738	2444.48904778594	2631.10812849238	2169.19287107083	2121.07069153844	2140.3452994294	2490.28029842691	2176.46459643831	2475.16589165327	2422.9234530694	2141.93498924432	1968.51142260411	1961.93261617801	2276.65155837223	1926.21962448902	1846.51955353387	2261.66776236666	2145.91663602075	2144.24373556603	2097.80192525054	2298.78907824077	2248.16362960094	1686.74641146323	1908.51403893996	1920.55484640461	1913.15640887192	1798.75378749886	1977.2541545092	3292.66955337225	1914.45681108834	1733.82758467261	1963.85867233581	2579.82614980704	1745.30754173956	1954.25649295381	2022.89098734271	1974.1407009679	1882.659050204	1892.17563073694	1889.80355039552	2200.17564584346	2169.86515336819	1912.82758629681	2193.84591273114	2231.37510171011	1943.42434003874
2025.08839677124	2062.20685381678	1887.57864076152	1716.56633386098	2458.02019727624	1837.96896623265	1769.33432726374	1778.42216670737	2268.6747095729	1941.92124881126	2088.25259537061	1683.47480392895	2013.93674434842	2043.96988170564	1966.1770057881	2201.42904816439	1782.75624694625	2232.72641926839	1868.43435201237	2124.67481243244	2156.69778271318	2260.25322263471	1777.48037253262	1754.34462986958	1832.96854793195	1975.61312086721	2279.97639544601	1908.24356342613	1750.68988405356	1828.99336876759	2207.32059653483	2407.48583914667	2131.68221876719	2125.53674333996	1747.35839424299	1846.72385434387	1743.17217616453	1837.49222911238	1844.06345138045	1952.07410799927	2272.74098059399	1833.394418045	2177.29762884499	2188.95708754232	2126.66389315709	2110.03154224256	2306.13252988754	2050.67146379299	2106.320754291	2423.61934363947	2030.81197111352	2250.85324333161	1786.42451685714	2432.05285769916	2182.64097730636	2730.54707851738	2444.48904778594	2631.10812849238	2169.19287107083	2121.07069153844	2140.3452994294	2490.28029842691	2176.46459643831	2475.16589165327	2422.9234530694	2180.6989192566	1968.51142260411	1961.93261617801	2276.65155837223	1926.21962448902	1846.51955353387	2261.66776236666	2145.91663602075	2144.24373556603	2097.80192525054	2298.78907824077	2248.16362960094	1686.74641146323	1908.51403893996	1930.72780843155	1952.64111387592	1863.85824705129	2012.7774901715	3349.76639182137	1962.83301634016	1778.98408620924	1963.85867233581	2579.82614980704	1745.30754173956	1954.25649295381	2089.46854264908	1974.1407009679	1882.659050204	1943.59468330053	1949.27909485448	2200.17564584346	2169.86515336819	1912.82758629681	2193.84591273114	2231.37510171011	1988.4694766551
2025.18862580392	2062.20685381678	1887.57864076152	1716.56633386098	2458.02019727624	1837.96896623265	1769.33432726374	1778.42216670737	2268.6747095729	1941.92124881126	2088.25259537061	1683.47480392895	2013.93674434842	2043.96988170564	1966.1770057881	2201.42904816439	1834.60479552257	2232.72641926839	1918.66287676708	2124.67481243244	2156.69778271318	2321.97734998068	1777.48037253262	1754.34462986958	1832.96854793195	1975.61312086721	2279.97639544601	1908.24356342613	1750.68988405356	1840.26788791777	2207.32059653483	2407.48583914667	2131.68221876719	2125.53674333996	1747.35839424299	1846.72385434387	1743.17217616453	1837.49222911238	1844.06345138045	1952.07410799927	2272.74098059399	1833.394418045	2177.29762884499	2188.95708754232	2126.66389315709	2110.03154224256	2306.13252988754	2050.67146379299	2106.320754291	2423.61934363947	2054.1454884518	2250.85324333161	1786.42451685714	2493.28169250484	2182.64097730636	2730.54707851738	2444.48904778594	2631.10812849238	2185.60963077547	2121.07069153844	2140.3452994294	2490.28029842691	2176.46459643831	2475.16589165327	2422.9234530694	2267.71305118501	1968.51142260411	1961.93261617801	2276.65155837223	1926.21962448902	1846.51955353387	2261.66776236666	2145.91663602075	2162.23550516254	2097.80192525054	2298.78907824077	2248.16362960094	1686.74641146323	1908.51403893996	1930.72780843155	1997.8386481242	1928.97023057055	2059.32837931564	3406.87268355636	2026.12804802924	1824.14066839323	1963.85867233581	2579.82614980704	1745.30754173956	1954.25649295381	2156.0535607358	1974.1407009679	1882.659050204	1994.98740244284	2008.72307000397	2200.17564584346	2169.86515336819	1929.00250587674	2193.84591273114	2231.37510171011	2033.51666726284
2025.2888548366	2062.20685381678	1887.57864076152	1716.56633386098	2458.02019727624	1837.96896623265	1769.33432726374	1778.42216670737	2268.6747095729	1941.92124881126	2097.33612182392	1683.47480392895	2013.93674434842	2043.96988170564	1966.1770057881	2201.42904816439	1886.4494162251	2232.72641926839	1968.89511548339	2139.59719728844	2156.69778271318	2383.69288041583	1777.48037253262	1772.59718993464	1832.96854793195	1975.61312086721	2279.97639544601	1908.24356342613	1750.68988405356	1880.68494117869	2207.32059653483	2407.48583914667	2131.68221876719	2125.53674333996	1747.35839424299	1846.72385434387	1743.17217616453	1837.49222911238	1844.06345138045	1952.07410799927	2272.74098059399	1833.394418045	2177.29762884499	2188.95708754232	2126.66389315709	2110.03154224256	2306.13252988754	2050.67146379299	2106.320754291	2423.61934363947	2097.40369173846	2250.85324333161	1786.42451685714	2554.50788538339	2182.64097730636	2730.54707851738	2506.22780617271	2631.10812849238	2235.13504247304	2121.07069153844	2140.3452994294	2490.28029842691	2176.46459643831	2475.16589165327	2422.9234530694	2419.87790996961	1968.51142260411	1961.93261617801	2276.65155837223	1926.21962448902	1846.51955353387	2261.66776236666	2155.84807170475	2162.23550516254	2097.80192525054	2298.78907824077	2248.16362960094	1686.74641146323	1908.51403893996	1930.72780843155	2043.01927524745	1994.08965857165	2105.88226626814	3463.9883190835	2091.26621115275	1869.29732168161	1994.92508445493	2579.82614980704	1745.30754173956	1954.25649295381	2222.64596196337	1974.1407009679	1882.659050204	1994.98740244284	2008.72307000397	2200.17564584346	2169.86515336819	1998.73729424771	2193.84591273114	2231.37510171011	2078.56578475673
2025.38908386928	2062.20685381678	1887.57864076152	1716.56633386098	2458.02019727624	1837.96896623265	1769.33432726374	1795.84553828242	2268.6747095729	1941.92124881126	2158.26302988873	1683.47480392895	2013.93674434842	2043.96988170564	1980.3926115225	2201.42904816439	1938.29007657123	2232.72641926839	2019.13080356669	2196.49592781378	2156.69778271318	2445.39971481497	1777.48037253262	1838.17395547366	1868.09095678392	1975.61312086721	2279.97639544601	1908.24356342613	1750.68988405356	1921.10479398344	2207.32059653483	2407.48583914667	2131.68221876719	2125.53674333996	1778.27080013892	1846.72385434387	1743.17217616453	1837.49222911238	1844.06345138045	1952.07410799927	2272.74098059399	1833.394418045	2177.29762884499	2188.95708754232	2126.66389315709	2110.03154224256	2306.13252988754	2050.67146379299	2106.320754291	2423.61934363947	2140.64501913688	2250.85324333161	1786.42451685714	2615.73140583017	2182.64097730636	2730.54707851738	2568.64710129489	2649.70257781284	2284.66347547499	2121.07069153844	2140.3452994294	2490.28029842691	2176.46459643831	2475.16589165327	2422.9234530694	2419.87790996961	1975.64444010567	1961.93261617801	2276.65155837223	1926.21962448902	1846.51955353387	2261.66776236666	2226.8286429678	2162.23550516254	2097.80192525054	2298.78907824077	2248.16362960094	1701.44023182509	1939.94127901882	1948.21177020089	2088.18281136192	2059.21645232421	2152.43912910185	3521.11318964671	2156.38264287232	1914.45403653294	2037.0510132219	2579.82614980704	1745.30754173956	1954.25649295381	2289.24566747324	1974.1407009679	1892.05780543442	1994.98740244284	2008.72307000397	2200.17564584346	2169.86515336819	2075.07578626256	2193.84591273114	2231.37510171011	2123.61670201398
2025.48931290196	2062.20685381678	1887.57864076152	1716.56633386098	2458.02019727624	1837.96896623265	1769.33432726374	1795.84553828242	2268.6747095729	1941.92124881126	2158.26302988873	1683.47480392895	2013.93674434842	2043.96988170564	1980.3926115225	2201.42904816439	1938.29007657123	2249.11652097116	2019.13080356669	2196.49592781378	2156.69778271318	2445.39971481497	1777.48037253262	1838.17395547366	1868.09095678392	1975.61312086721	2279.97639544601	1908.24356342613	1750.68988405356	1921.10479398344	2207.32059653483	2407.48583914667	2131.68221876719	2125.53674333996	1831.8723884369	1846.72385434387	1743.17217616453	1837.49222911238	1844.06345138045	1952.07410799927	2272.74098059399	1833.394418045	2177.29762884499	2188.95708754232	2126.66389315709	2162.28317439216	2306.13252988754	2050.67146379299	2106.320754291	2423.61934363947	2140.64501913688	2250.85324333161	1786.42451685714	2615.73140583017	2182.64097730636	2730.54707851738	2578.03669776667	2649.70257781284	2284.66347547499	2121.07069153844	2140.3452994294	2490.28029842691	2176.46459643831	2475.16589165327	2422.9234530694	2419.87790996961	1975.64444010567	1961.93261617801	2276.65155837223	1926.21962448902	1846.51955353387	2273.96562232291	2226.8286429678	2162.23550516254	2097.80192525054	2298.78907824077	2248.16362960094	1701.44023182509	1939.94127901882	1948.21177020089	2088.18281136192	2059.21645232421	2152.43912910185	3521.11318964671	2156.38264287232	1914.45403653294	2037.0510132219	2579.82614980704	1745.30754173956	1954.25649295381	2289.24566747324	1974.1407009679	1892.05780543442	1994.98740244284	2008.72307000397	2200.17564584346	2169.86515336819	2151.44642075413	2193.84591273114	2231.37510171011	2123.61670201398
2025.58954193464	2062.20685381678	1887.57864076152	1716.56633386098	2458.02019727624	1837.96896623265	1769.33432726374	1795.84553828242	2268.684926229	1941.92124881126	2158.26302988873	1683.47480392895	2013.93674434842	2043.96988170564	1980.3926115225	2201.42904816439	1938.29007657123	2330.16439239058	2019.13080356669	2208.75208712612	2156.69778271318	2445.39971481497	1777.48037253262	1838.17395547366	1868.09095678392	1975.61312086721	2279.97639544601	1908.24356342613	1750.68988405356	1921.10479398344	2207.32059653483	2407.48583914667	2131.68221876719	2125.53674333996	1885.47700799105	1846.72385434387	1743.17217616453	1837.49222911238	1844.06345138045	1952.07410799927	2272.74098059399	1833.394418045	2177.29762884499	2188.95708754232	2126.66389315709	2215.30882909071	2306.13252988754	2050.67146379299	2106.320754291	2423.61934363947	2140.64501913688	2250.85324333161	1791.99025929213	2615.73140583017	2182.64097730636	2730.54707851738	2587.42629424508	2649.70257781284	2284.66347547499	2121.07069153844	2140.3452994294	2490.28029842691	2176.46459643831	2475.16589165327	2422.9234530694	2419.87790996961	1975.64444010567	1961.93261617801	2276.65155837223	1926.21962448902	1846.51955353387	2347.80076772122	2239.44928262884	2162.23550516254	2097.80192525054	2298.78907824077	2248.16362960094	1701.44023182509	1939.94127901882	1948.21177020089	2088.18281136192	2059.21645232421	2152.43912910185	3521.11318964671	2156.38264287232	1914.45403653294	2037.0510132219	2579.82614980704	1745.30754173956	1954.25649295381	2289.24566747324	1974.1407009679	1892.05780543442	1994.98740244284	2008.72307000397	2200.17564584346	2169.86515336819	2227.84655966842	2193.84591273114	2231.37510171011	2123.61670201398
2025.68977096732	2062.20685381678	1887.57864076152	1716.56633386098	2458.02019727624	1837.96896623265	1769.33432726374	1795.84553828242	2268.684926229	1941.92124881126	2158.26302988873	1683.47480392895	2013.93674434842	2043.96988170564	1980.3926115225	2201.42904816439	1938.29007657123	2330.16439239058	2019.13080356669	2208.75208712612	2156.69778271318	2445.39971481497	1777.48037253262	1838.17395547366	1868.09095678392	1975.61312086721	2279.97639544601	1908.24356342613	1750.68988405356	1921.10479398344	2207.32059653483	2407.48583914667	2131.68221876719	2125.53674333996	1885.47700799105	1846.72385434387	1743.17217616453	1837.49222911238	1844.06345138045	1952.07410799927	2272.74098059399	1833.394418045	2177.29762884499	2188.95708754232	2126.66389315709	2215.30882909071	2306.13252988754	2050.67146379299	2106.320754291	2423.61934363947	2140.64501913688	2250.85324333161	1791.99025929213	2615.73140583017	2182.64097730636	2730.54707851738	2587.42629424508	2649.70257781284	2284.66347547499	2121.07069153844	2140.3452994294	2490.28029842691	2176.46459643831	2475.16589165327	2422.9234530694	2419.87790996961	1975.64444010567	1961.93261617801	2276.65155837223	1926.21962448902	1846.51955353387	2347.80076772122	2239.44928262884	2162.23550516254	2097.80192525054	2298.78907824077	2248.16362960094	1701.44023182509	1939.94127901882	1948.21177020089	2088.18281136192	2059.21645232421	2152.43912910185	3521.11318964671	2156.38264287232	1914.45403653294	2037.0510132219	2579.82614980704	1745.30754173956	1954.25649295381	2289.24566747324	1974.1407009679	1892.05780543442	1994.98740244284	2008.72307000397	2200.17564584346	2169.86515336819	2227.84655966842	2193.84591273114	2231.37510171011	2123.61670201398
2025.79	2062.20685381678	1887.57864076152	1716.56633386098	2458.02019727624	1837.96896623265	1769.33432726374	1795.84553828242	2268.684926229	1941.92124881126	2158.26302988873	1683.47480392895	2013.93674434842	2043.96988170564	1980.3926115225	2201.42904816439	1938.29007657123	2330.16439239058	2019.13080356669	2208.75208712612	2156.69778271318	2445.39971481497	1777.48037253262	1838.17395547366	1868.09095678392	1975.61312086721	2279.97639544601	1908.24356342613	1750.68988405356	1921.10479398344	2207.32059653483	2407.48583914667	2131.68221876719	2125.53674333996	1885.47700799105	1846.72385434387	1743.17217616453	1837.49222911238	1844.06345138045	1952.07410799927	2272.74098059399	1833.394418045	2177.29762884499	2188.95708754232	2126.66389315709	2215.30882909071	2306.13252988754	2050.67146379299	2106.320754291	2423.61934363947	2140.64501913688	2250.85324333161	1791.99025929213	2615.73140583017	2182.64097730636	2730.54707851738	2587.42629424508	2649.70257781284	2284.66347547499	2121.07069153844	2140.3452994294	2490.28029842691	2176.46459643831	2475.16589165327	2422.9234530694	2419.87790996961	1975.64444010567	1961.93261617801	2276.65155837223	1926.21962448902	1846.51955353387	2347.80076772122	2239.44928262884	2162.23550516254	2097.80192525054	2298.78907824077	2248.16362960094	1701.44023182509	1939.94127901882	1948.21177020089	2088.18281136192	2059.21645232421	2152.43912910185	3521.11318964671	2156.38264287232	1914.45403653294	2037.0510132219	2579.82614980704	1745.30754173956	1954.25649295381	2289.24566747324	1974.1407009679	1892.05780543442	1994.98740244284	2008.72307000397	2200.17564584346	2169.86515336819	2227.84655966842	2193.84591273114	2231.37510171011	2123.61670201398
