time	distance_tree10090000	distance_tree10180000	distance_tree10270000	distance_tree10360000	distance_tree10450000	distance_tree10540000	distance_tree10630000	distance_tree10720000	distance_tree10810000	distance_tree10900000	distance_tree10990000	distance_tree11080000	distance_tree11170000	distance_tree11260000	distance_tree11350000	distance_tree11440000	distance_tree11530000	distance_tree11620000	distance_tree11710000	distance_tree11800000	distance_tree11890000	distance_tree11980000	distance_tree12070000	distance_tree12160000	distance_tree12250000	distance_tree12340000	distance_tree12430000	distance_tree12520000	distance_tree12610000	distance_tree12700000	distance_tree12790000	distance_tree12880000	distance_tree12970000	distance_tree13060000	distance_tree13150000	distance_tree13240000	distance_tree13330000	distance_tree13420000	distance_tree13510000	distance_tree13600000	distance_tree13690000	distance_tree13780000	distance_tree13870000	distance_tree13960000	distance_tree14050000	distance_tree14140000	distance_tree14230000	distance_tree14320000	distance_tree14410000	distance_tree14500000	distance_tree14590000	distance_tree14680000	distance_tree14770000	distance_tree14860000	distance_tree14950000	distance_tree15040000	distance_tree15130000	distance_tree15220000	distance_tree15310000	distance_tree15400000	distance_tree15490000	distance_tree15580000	distance_tree15670000	distance_tree15760000	distance_tree15850000	distance_tree15940000	distance_tree16030000	distance_tree16120000	distance_tree16210000	distance_tree16300000	distance_tree16390000	distance_tree16480000	distance_tree16570000	distance_tree16660000	distance_tree16750000	distance_tree16840000	distance_tree16930000	distance_tree17020000	distance_tree17110000	distance_tree17200000	distance_tree17290000	distance_tree17380000	distance_tree17470000	distance_tree17560000	distance_tree17650000	distance_tree17740000	distance_tree17830000	distance_tree17920000	distance_tree18010000	distance_tree18100000	distance_tree18190000	distance_tree18280000	distance_tree18370000	distance_tree18460000	distance_tree18550000	distance_tree18640000	distance_tree18730000	distance_tree18820000	distance_tree18910000	distance_tree19000000
2015.76709673195	0	0	0	0	0	0	0	0	0	0	0	0	0	0	0	0	0	0	0	0	0	0	0	0	0	0	0	0	0	0	0	0	0	0	0	0	0	0	0	0	0	0	0	0	0	0	0	0	0	0	0	0	0	0	0	0	0	0	0	0	0	0	0	0	0	0	0	0	0	0	0	0	0	0	0	0	0	0	0	0	0	0	0	0	0	0	0	0	0	0	0	0	0	0	0	0	0	0	0	0
2015.86732576463	0	0	0	0	0	0	0	0	0	0	0	0	0	0	0	0	0	0	0	0	0	0	0	0	0	0	0	0	0	0	0	0	0	0	0	0	0	0	0	0	0	0	0	0	0	0	0	0	0	0	0	0	0	0	1.28404942970076	0	0	0	0	0	0	0	0	0	0	0	0	0	0	0	0	0	0	0	24.2660975916775	0	0	0	0	0	0	0	0	0	0	0	0	0	0	0	0	0	3.24261361386719	0	0	0	0	0	0	0
2015.96755479731	0	0	0	0	0	0	0	0	0	0	0	0	0	0	0	0	0	0	0	0	0	0	0	0	13.1369144781427	0	0	0	12.9324158164512	0	0	0	0	0	0	0	0	0	0	0	0	0	0	0	0	0	3.73106833986369	0	0	0	0	0	0	0	10.8306390506265	0	0	0	0	0	3.53203902231692	0	0	0	0	0	0	0	0	0	0	0	0	0	48.5320919473576	0	0	0	0	0	0	0	76.6727880742142	0	0	0	0	0	0	0	0	8.71663386908777	16.3099132185558	0	0	0	0	0	0	0
2016.06778382999	0	0	0	0	0	0	0	0	0	0	0	0	0	0	0	0	0	0	0	11.2129549550663	0	0	0	0	40.0458070560595	0	0	0	29.9702211603225	0	0	0	0	0	0	0	0	0	48.9266274555418	0	0	0	0	0	0	0	27.5411281774407	0	0	0	0	0	0	0	20.3777725380808	0	0	0	0	0	10.0478175810984	30.1500082654657	0	0	0	5.25262104939342	0	0	0	3.27971903049559	0	18.3037579851764	0	0	72.7979790918214	0.548762372694031	0	0	0	0	0	0	162.317840719506	0	0	30.4587706801765	0	0	0	0	0	19.6239529530927	29.3783994853706	0	3.50171790404553	0	0	12.1397455703831	14.7945058367249	0
2016.16801286267	13.4158233143508	0	0	0	0	0	0	0	0	0	0	0	0	0	0	0	0	0	0	25.5303774305456	0	0	33.3803378026323	12.4276706433469	66.9544862818547	0	0	3.96347796724035	47.0096604665573	0.0267925176403697	0	18.4448801168781	0	4.37467242468483	42.4813444788357	0	6.8497444390001	0	76.2008760655371	0	0	0	0	6.34861814971499	0	0	51.3479074141202	3.95456703577338	0	0	0	0	0	0	29.9254456625503	0	0	0	0	0	20.2943456625192	78.3178597049559	0	0	0	11.9780363588197	9.17141423993233	0	0	17.3885828248433	0	53.6434783293917	0	0	97.0637550496113	10.6407956744485	0	0	0	0	0	0	247.92454712293	0	0	32.8468151917602	0	0	2.3313149624428	0	0	30.5312283181304	42.4480601314861	0	11.8684105960065	4.66608942411761	0	41.317910973789	45.4930620203373	0
2016.26824189535	47.8654833523737	16.9099907541043	0	5.45258352744132	0	0	0	10.4363853688225	9.21676368113741	0	0	36.1894425248495	8.3390142711379	0	28.1568345942946	0	0	2.84931420088581	0	39.8473844462511	23.798134931711	0	57.7917345821861	55.1954771287023	93.8629414323369	0	0	22.9718995680149	64.0507032856428	21.3550658973235	14.1151370425202	44.7353261326771	0	27.2464218585649	88.9666345489303	0	17.724386827393	0	100.176298265578	0	0	0	25.6377482499625	24.4538280341298	8.28736576346999	0	75.1513426280373	14.62710612608	0	29.0417698721225	0	5.11774338375547	0	0.458093182963647	39.4736541986184	0	57.4943838822061	0	0	0	62.2300912174527	78.3178597049559	8.38006379266513	0	24.3282916447004	18.7036063491311	35.3034744596397	0	0	31.4969296044998	0	88.9790541735317	0	9.98895333906666	121.329415845386	20.733203177041	0	0	0	0	17.9351905192176	6.8861756736961	268.089477342026	0	0	39.3838631036542	0	3.59267793230981	56.4670119866025	0	0	41.4384598600086	56.5260629242786	58.2047942171189	20.2351520609538	12.0602562964576	6.2781433752328	79.0989367660899	76.194980743947	0
2016.36847092803	96.1460032163122	35.7135410596684	0	22.1797285892344	16.5189761541525	0	9.27585612675416	44.8117834798178	28.501401125412	0	0	38.6558632821333	41.2509922420818	6.02525992038614	58.0871285131025	0	5.43373946383033	7.98684896071258	0	54.1639744953985	47.7512525935114	0	117.324804831681	69.1512546457837	120.771161784001	0	0	47.8730275659146	81.0933191796769	52.2456756834659	52.6975132808962	62.1960484437633	0	34.8424277791631	110.478191234718	1.98616533142665	30.500270504384	2.85700442691703	101.540296700948	39.0815090272692	8.04629855018186	45.5572494035317	51.508398242721	42.5601400127204	27.9219976994904	0	98.9513703444734	25.3003479668355	96.2584110729374	88.512176325328	39.1634839579928	14.8271837059064	5.3284399145808	7.28084207843707	49.0223939220535	82.3194847300345	179.539823893738	0	0	5.44296963472844	107.923522295992	78.3178597049559	55.4975857796724	0	45.1195166885168	25.4293304784109	35.3034744596397	0	0	45.6047570054842	2.74999020218767	123.540583363935	0	72.9563422474161	129.633502727479	28.6734460777363	0	0	7.29767607969947	26.8502878534013	53.6389755929838	18.914636537309	274.298376992079	71.8553215706876	0	48.3237874664378	7.08967965294203	20.6732536796274	110.616911992225	0	0	52.3456474762389	98.0626048030009	58.2047942171189	28.6019422335417	17.5195710161891	29.8465905453419	118.374141894172	77.6005133304328	0
2016.46869996071	107.667593201967	92.7074468510188	13.1877321899153	54.2590723738349	71.0207177547577	37.1131208305396	36.2489609658563	76.757889140168	33.5902261182916	0	0	41.2748255553274	74.1676696686421	20.2973703281456	139.128821269146	94.6885470445818	11.6996163868227	18.0083459054187	14.616310893822	68.4801460697795	71.7025309744257	0	118.117028644398	72.1066882700684	147.679136612325	0	48.5713489329824	104.558113688412	93.3145183571289	83.1659882963833	60.6333084541298	77.8586379098144	0	43.3065981164822	118.359324417718	4.50116575265745	45.6116955263097	19.2891272088203	102.938148691999	79.5632454552345	38.5799118777859	127.958237353244	62.5829967551722	60.667545679651	62.2316121395891	106.696927195853	122.747927034411	107.9126619305	139.095799792978	186.199461246057	147.055290435293	29.3657308018676	55.7914115644926	14.1036654243259	58.5716606102438	191.73008582365	301.539696827416	19.110336888666	19.2553867213535	106.347589839922	154.066764929809	78.3178597049559	55.4975857796724	0	54.8982428627033	32.1552082015	35.3034744596397	50.3108891311074	33.0445689205996	55.6835591620189	13.7393230016623	123.540583363935	0	87.438483039378	134.591064650849	30.0043758283853	10.1885687859709	0.328456013239466	91.0638102319661	64.2049926953518	118.968815818697	30.9507708177267	280.61431951148	71.8553215706876	17.2975359784578	58.5760878709523	35.6154903753696	37.7544471594347	164.780086356561	37.859245690235	0	63.2527910632914	146.84217442659	75.2471955524646	34.9359075930096	101.015518267375	40.9051577336176	158.026572089028	79.8110422417221	0
2016.56892899339	112.604657303901	96.0235036761673	43.5844871311227	88.3547139103118	119.291156406854	54.000707173888	42.7429111352136	125.520771356357	33.5902261182916	46.2391053105688	0	59.4132100329241	122.378506721216	34.0023720074804	146.483277871347	108.104828365482	17.9655076228454	34.026690399542	27.4408712774767	77.9937629140429	95.6519065666614	101.245244209265	119.088316264718	75.1503817613299	156.038916067641	11.2988337979782	51.5626529700542	165.241655803284	111.118354299875	114.091794259497	68.8886219572157	94.5959150840814	179.66789377987	69.2172438796237	126.478263308321	7.01613900534221	61.4542625430586	27.6959537298688	131.722060794666	97.2527262096922	82.6970210309667	127.958237353244	86.4652507336015	78.7760366379836	89.9497317094289	106.696927195853	146.540949112544	110.141338778226	140.042513785666	186.199461246057	252.719622716969	36.68787531884	66.6650520440645	20.9265624505108	68.1214500417667	194.662512087954	357.107092222497	40.68482901599	33.1838462893132	106.72188307409	268.844475120806	101.114748865601	75.8466339592057	72.1483673565821	70.2181834882903	56.9735788458976	47.8277205623036	76.143533754936	110.538649907717	61.3956420263327	114.077575414012	123.540583363935	25.481563376536	89.8738851325991	139.65607960778	32.0068783116108	45.9092538389889	19.3535786935928	99.4630583975886	101.553469899981	184.531884984143	42.98812989796	286.979813628914	102.407806220134	21.8550158197377	69.5625040482936	38.4764832519657	54.8351786404814	176.200843913722	59.1603159645159	146.964621736669	74.159890518267	192.535916574992	88.046361854012	75.1603859548287	198.638185873507	41.6964753148364	197.823856039163	96.8528964021659	29.1838480041689
2016.66915802607	152.156390925909	97.5197215814702	49.998501080667	122.792612939774	156.230065842879	71.0461694218293	73.0748052928907	166.400974776428	33.5902261182916	79.411190831251	73.6020481250053	76.2565293236531	172.888849525919	43.5002032277781	152.422385314488	171.078169715358	25.4047810717212	92.9831996068367	29.5047662008534	79.491069332236	103.976697393281	101.245244209265	120.234332200509	80.7332659514163	164.924663950671	33.8618918694141	53.4402447626927	226.717538765813	130.167348929676	145.019527179722	88.1466076254382	111.925849311788	184.324232177514	97.5317259929293	134.791929781763	9.5310849876078	80.2867958148678	52.0604768715844	131.722060794666	131.429283508316	85.5644079261105	133.86989126149	111.067385045241	100.616199373904	102.16367707801	106.696927195853	168.359564076069	112.546504367385	141.043320022295	191.355364293241	252.719622716969	65.4673193769274	71.4323001018741	33.5714186367042	77.6717579967676	197.617396394795	357.107092222497	152.907138009855	47.113909324922	119.3621516267	283.831016369793	126.504946306415	162.992760278331	136.718734104395	85.5444947017774	122.17551268539	84.1313883799024	82.0275538692527	188.399160657985	61.3956420263327	129.592869704275	131.184559243158	47.4632143429544	92.8810980387302	144.817240879214	45.4711140225929	143.630060388125	36.1521389921596	108.743424249271	101.553469899981	215.50253148031	55.0259069973764	293.33469124606	115.558440643898	47.28820083801	80.984463935701	49.6309737632983	71.915380173548	211.776077595439	72.6907728679526	146.964621736669	85.0669457374656	198.393754416348	99.9592552989044	78.5509248774642	303.114820715008	50.2055566806243	237.688347584758	122.689963780866	61.7458470324205
2016.76938705876	207.690702044654	116.804374618135	55.5824200922641	157.343401675437	206.621233729595	98.2258429103094	118.253100727317	166.400974776428	37.222060154005	136.341785682162	89.012457229898	94.4542459090452	179.885983483112	55.1052556342379	152.422385314488	235.481489145715	37.1018404379398	157.395338291521	115.218949712723	88.019999222915	105.633990519161	101.245244209265	121.550138281104	95.9719932538501	173.936841716357	55.9886721144194	55.7423188063621	288.464685570951	146.052982917627	175.948125701423	118.593391492512	129.610091586843	189.312432248211	117.705684401812	143.266319678344	81.471181276885	92.7873812592354	72.9141649798595	131.722060794666	168.510212406254	88.4401540303085	152.565928094082	135.816430534839	112.350540056588	103.553360641656	152.034397177728	168.359564076069	119.728806164008	142.097073371957	262.98771854985	255.391594993389	114.831672226298	85.4981323551638	42.4676198822207	87.2225802560786	200.593743100252	357.107092222497	152.907138009855	91.6511759121081	186.516912782988	285.708586845131	144.671725003374	252.51340384974	202.829436621968	100.874108060143	168.730541185418	84.1313883799024	112.457275464075	222.356373474085	85.0397856296817	193.497222323278	153.180958640744	57.4838677393791	96.3804472469196	150.064596836552	65.0898566618992	241.966250397978	50.2940694409282	177.882989001429	116.679331129273	233.48816329807	79.7092863098872	334.653325923146	115.558440643898	77.792126538542	101.731863771028	64.9385524050773	143.60145357808	266.400238706663	104.412336591918	157.401261729532	106.862445336321	211.441179681285	112.045452155999	119.887088603134	393.77496009606	74.840914538583	277.586746603438	152.923883236478	94.30242730254
2016.86961609144	268.159750155904	124.85775163273	66.3395507106262	191.942003402963	260.465901039945	110.709696846665	165.613684826566	166.400974776428	53.1285619849016	195.907044011244	133.9016139713	114.233010904835	186.886327795049	153.058268950533	152.422385314488	300.379675416699	64.5641263504235	224.920056977719	209.119014407103	94.5193674487358	107.776430756771	101.245244209265	157.702807201044	111.265334065028	183.056698494437	139.770045266593	205.508856525353	350.326745026503	146.052982917627	206.877161159657	119.671454914548	147.520521367939	194.606965000582	132.58176424742	151.874427334489	117.325758973395	146.780688054093	95.6445513767247	131.722060794666	206.933294207046	91.3234643211647	155.349268436403	160.642674957094	124.307103040278	104.995363249717	202.780916905408	178.093626982458	150.49668027568	143.202602813639	345.967047308046	286.753487749468	164.201826302067	130.361677454756	64.1063203884422	96.7739126022802	218.525754124028	357.107092222497	152.907138009855	200.696901786333	253.655385836911	294.293187021588	144.986899592371	342.512188494126	269.328480134022	170.759988827765	224.202535718159	84.1313883799024	184.662686169616	232.175810664312	85.0397856296817	194.396384518724	203.479374226906	69.6351887585447	108.494089705826	155.389384721273	166.296626367135	340.326665242249	71.6528790569474	280.125903767803	156.932114972915	252.365737115128	81.0747447465521	408.060945003348	156.855241767464	104.759190620008	161.93597719553	82.109406753957	216.687589861861	330.745781002737	207.162250477952	213.945749854701	161.87402592533	224.239119590328	136.760570277096	203.8509193688	393.77496009606	110.930011822064	317.502336618493	185.412947058535	126.853377885974
2016.96984512412	330.857480061939	142.854911687607	86.3366265669965	226.562861705558	315.989567300129	110.709696846665	213.700929823934	174.158676408506	69.872583809189	256.260237032168	224.594958533028	174.499662014338	193.889544925322	300.65352471625	287.33857030548	365.494606056011	146.714973456278	293.402499368869	303.029627509496	191.782011319984	110.375707924659	134.249279255494	247.151853387285	126.593266286164	196.027366667228	247.318715172224	368.197716738844	365.544537871927	146.052982917627	237.806426165324	147.862816519971	246.899740139272	200.183514445732	147.517527991155	160.5946525298	197.296371993464	212.69059191998	192.349611857908	149.457077372461	246.064642794383	114.379222320371	173.485456850514	185.513494542771	146.57949529104	106.487556799315	253.568847113421	189.849419890765	195.941228031029	144.358716627675	433.811398811376	288.152277018663	213.562197279968	175.239880823577	96.8727837616392	125.658192585957	259.594957274102	357.107092222497	152.907138009855	253.884170658685	320.772672783824	309.028754766576	181.218503818919	400.814893466906	335.968031465723	243.611373674092	283.385616001755	185.77987135942	257.039419886209	242.464909395744	85.4407303753102	197.445588357043	254.448604460969	135.92288579254	166.478594668592	160.784364108735	176.778540954642	438.644499809338	159.635258503494	385.73584976614	205.89925480398	271.949285834287	181.33621032584	483.038000073346	250.600170131472	107.766094336972	238.708722949167	187.99304581271	289.865848005903	382.335714691617	330.28498367098	277.854901632902	232.543806143941	239.024065766678	175.765518496135	203.8509193688	393.77496009606	173.004027885926	357.425744624969	219.153646780215	198.788338542004
2017.0700741568	394.71336593118	160.85365274366	117.228395514762	261.193820331041	372.429369671255	213.510150849621	262.107013355886	203.820918916656	86.9711503311084	284.107371758483	318.143266679857	235.26478204825	200.895344250458	433.375527611674	379.449827260243	430.714882550546	228.84419158514	362.288447168738	396.90745989927	318.826954465714	129.840327661918	228.86720422321	340.212281330492	141.944373338373	265.069958653609	357.729820143766	446.226277237916	369.534798225376	146.052982917627	308.729341461109	193.514577946711	276.202496151338	206.019169654978	190.774534982243	169.409587343115	286.933901256727	282.26313548596	322.769636917133	182.85296605007	266.477807786778	145.753187440401	180.984710130289	210.411598102065	186.379157682849	108.027858787478	304.372808974138	201.80527471931	248.106353296771	234.000259536504	497.552162296945	293.24090637819	262.908462506894	220.116225944152	160.310289362257	207.954488149942	304.812685851596	357.107092222497	188.125175760009	299.534345978087	378.4508207581	329.092274265853	261.342738138399	401.506857941076	402.662906393986	317.07519154574	344.35642971573	329.054909585023	286.18691792186	253.166142118907	98.5168374414256	219.259123930404	305.743181742991	223.292827899152	228.925951104069	314.857763883668	196.632073347533	536.897508341397	183.661105819384	474.086125554549	250.796226200373	292.096580223495	281.636404791455	558.945982869686	344.642618604933	152.616045212896	310.787611186193	342.12805461856	363.062100766678	385.046918880897	454.967394591889	345.052983969059	308.085615129872	239.771883263298	232.38183949023	216.145706271402	393.77496009606	237.578416442275	394.106012749267	314.898470807256	282.755483581847
2017.17030318948	459.235700393299	202.130280241897	148.333339744832	295.828291476678	393.742083830546	327.978522181532	310.675766414172	233.79355945816	166.228216540416	298.129876852154	350.459394041784	296.212249020134	207.903474197241	434.990222035276	379.450134755001	451.294327062504	310.939614640807	410.851409753222	432.842314396967	388.770663195905	230.147994702901	323.483314060155	434.536068085776	157.311675833793	338.302561675551	377.591947189229	446.57919955836	373.525784131091	146.052982917627	322.654200428488	240.930466507011	306.210238037345	212.092533071455	237.953139247813	178.305094016766	379.419101869193	306.08597790248	382.650623083042	195.997133079376	287.826871840876	184.499765644721	205.609584516469	235.326956960172	229.09127112504	123.709839597997	355.181849604301	213.927696778318	303.53035826382	339.616823089919	499.123043579692	299.851542865444	285.916990207799	264.985194477439	233.206436968999	268.307810348564	352.579751654954	357.107092222497	240.732472232336	350.516876936135	378.844779163662	353.579940648972	341.450303017201	402.245503426682	450.97398728378	390.783521257171	406.297091956209	474.373921570726	297.617323722782	264.229176246701	116.018111960502	241.367994028867	330.331216089641	312.302881467088	288.964390578767	427.992058645178	222.684035693352	635.073490925404	229.575000005469	474.19346740367	266.110960158764	312.698420206538	381.890910360828	635.444745759191	386.027785154229	228.809172919959	315.14653912919	399.982248295856	412.53483500234	387.793899248926	469.655464465583	413.934805501956	385.625550062758	239.771883263298	296.66478608072	303.750256790738	393.77496009606	303.044930405377	397.521628115546	361.495358930094	315.914263068743
2017.27053222216	469.316050476637	267.36274756797	272.0392588059	321.563429367648	414.226964009892	442.554316770114	335.313725076502	258.070977111103	265.887630931162	312.266761114337	351.019122178804	357.240620696975	214.913715906982	436.605549043683	379.451160505095	455.62506045219	392.997718100591	412.153236569615	432.842314396967	388.770663195905	332.502841420672	418.064456279076	527.245346924738	276.763209233079	392.43858429308	388.226463986078	446.94759717073	377.517469376298	198.227310981823	331.598341076131	289.235694748845	336.734295671171	239.233075150518	287.116256905539	310.986065608855	473.06013373014	315.879732881571	382.650623083042	210.783660712154	310.680121593418	226.173472423647	224.412589984134	340.045372855339	273.346897129283	146.25535835503	405.990420576502	226.189949526482	360.69952440284	445.251092369918	500.781850698824	306.466479427502	292.897427555523	309.844301502726	308.920391271752	277.328605802525	401.982326907982	368.670409980376	294.373305860208	404.826431387663	379.295998403992	361.265482834237	399.28755779447	403.030575129225	450.97398728378	410.933201865044	448.645783700884	482.670824037282	309.1415256959	275.610190603782	154.830517244433	263.696966755658	347.94618324307	336.798485106075	305.982553733553	427.992058645178	253.028151823254	635.073490925404	321.491062752532	474.481286196815	281.7294182854	333.670383645294	482.081826227304	666.807236602279	388.217152433675	305.836666955142	319.544895747053	402.307784100385	418.932199034283	390.575904465252	469.895107792346	437.32994028578	464.14462769485	282.899300968049	364.556325861451	391.759280348382	393.77496009606	368.916828719063	401.007634775608	361.495358930094	322.729751885954
2017.37076125484	469.316050476637	335.836415415465	402.10659330048	326.42952499329	435.327226735077	480.856801193709	346.393802010563	278.242914560941	297.386299493419	326.503060078513	351.588040678258	365.203293400292	236.395197379387	438.221501356717	379.45290450409	460.259202971041	423.899610010537	413.467146383734	432.842314396967	388.770663195905	386.441986628954	487.329382161872	527.245346924738	435.66094995042	413.522308796115	398.920637921412	447.331431925535	381.509828833021	264.75453536524	361.524078040342	328.271977499702	367.64585806643	249.005606503117	324.978172061859	340.626881494874	483.249524926522	330.332081239772	382.650623083042	229.250224341169	334.72962310712	269.133926695657	224.412589984134	371.478792803486	318.496811729168	193.140978875621	456.795372532802	242.930726284559	379.453082395137	461.744260379253	502.527718230569	313.085456485525	300.117910796546	346.428356573517	326.892753410716	287.078272659044	404.128317600817	384.879783435201	348.56740436519	461.293106462698	379.804274899267	365.028491196421	404.948826472003	403.861804144629	450.97398728378	416.018350853867	452.495939154341	483.952472735218	320.749385267664	287.271145074215	203.77934282696	286.193629259749	365.84527990334	344.411608878878	323.224502767125	427.992058645178	286.303921440898	635.073490925404	363.009139998333	474.949254104341	297.603738732195	354.946645755755	489.077986941651	670.798739672112	390.407799309308	383.178829707738	338.547064011021	404.634096259978	425.334776773116	393.392194948839	470.14181088569	443.353460309114	493.78019269325	337.499514597208	379.473933213147	421.776694200148	393.77496009606	426.380277682366	404.562222544698	361.495358930094	329.681505208745
2017.47099028752	469.316050476637	405.905193047957	402.10659330048	333.706033351284	456.958080047036	480.856801193709	357.745761004535	298.585944996998	325.141805006117	340.826212516821	352.166104945204	366.866638584827	236.707826674876	439.838071798067	379.455366741544	465.187691769292	425.790418675089	414.793024928235	432.842314396967	388.770663195905	393.296057852462	487.329382161872	527.245346924738	457.442921850909	434.654091380041	409.669800751508	447.730664204273	385.502838402641	331.570372396249	392.453438855782	357.777750899237	398.854625166389	252.330658478953	356.615081674728	344.4398611044	483.249524926522	343.032877827193	382.650623083042	249.651418579961	359.735548243406	312.846763349087	234.966094857523	371.478792803486	364.202601416912	250.966474817885	459.50400654792	265.165996328708	390.407237167139	471.082846285861	504.359747248313	319.708235720647	307.561600802213	348.18600139896	337.432641189311	297.485436839828	406.391156309794	401.44753043892	374.73033434892	475.154738961221	380.369380403752	369.312585915536	410.742543375999	404.738907903778	450.97398728378	421.20587164696	456.35185431631	485.23471652387	332.432111294645	299.17906481817	257.137198786295	308.820486717245	383.98891760823	353.982615061906	340.655841660612	427.992058645178	320.977874368442	635.073490925404	370.650268359518	475.596839407862	313.69503622827	376.475405058588	489.077986941651	674.795053194291	392.59970415122	399.378148765749	338.547064011021	406.961171341745	431.742320011678	396.242043102478	470.395562701296	449.37804083084	497.744210598528	393.023851531728	384.052691120599	421.776694200148	393.77496009606	426.380277682366	408.183609043526	361.495358930094	336.761110772172
2017.5712193202	469.316050476637	433.865480002193	402.10659330048	343.240817374124	479.048075148503	480.856801193709	369.344623966418	319.066837360519	352.895174955861	355.225612227482	352.753269962907	368.53164080505	262.469931351125	441.45525329339	379.458547202922	470.401279723614	427.695815304963	416.130758350247	432.842314396967	388.770663195905	400.197138744988	487.329382161872	527.245346924738	457.442921850909	455.826820548556	420.469738740539	448.145252939375	389.496474963413	360.971416453884	392.453438855782	387.2809495722	405.168151381533	289.060026123313	388.71435433255	348.257046935873	483.249524926522	346.116861634788	382.650623083042	271.550143865696	369.621459253143	357.031482422379	283.151405548575	371.478792803486	400.72052033825	308.906387403446	459.50400654792	297.60205177232	401.484147060825	480.505407198042	506.277007437757	332.627747404296	315.212749589567	350.375176928106	348.100587802178	308.48382720041	408.86785141968	418.331284949939	377.746968280234	482.434609582019	380.991062511553	374.099995843744	416.663209639593	405.661590632819	450.97398728378	426.492046985685	460.213380459104	486.517550698743	344.182053264239	311.305373332653	312.652796477437	331.550078061979	402.344150171777	365.358404882713	358.248522969122	427.992058645178	354.690459696114	635.073490925404	380.502714787983	476.423309508057	329.971526748428	398.215508404434	489.077986941651	678.796088754117	394.792845797497	404.047824009567	338.547064011021	409.288996214051	438.154594784227	399.124733508464	470.656351901166	455.403632639597	501.74269526858	393.023851531728	391.047674924696	421.776694200148	393.77496009606	426.380277682366	411.870041428405	361.495358930094	354.534648857342
2017.67144835288	469.316050476637	439.986898342108	402.10659330048	354.852932142185	501.536943512664	480.856801193709	381.167938720145	339.660171863444	380.645639436954	369.69225298834	353.858891654609	370.198277276	288.614188832346	443.073038868668	379.462445869542	475.890601257933	429.615606838475	417.48023323728	432.842314396967	388.770663195905	407.14281700717	487.329382161872	527.245346924738	457.442921850909	477.034628969905	431.316641213602	448.575155634591	390.669359140626	380.94319697004	392.453438855782	416.78124712188	405.196159463462	325.942910844556	421.170270662893	352.078301251966	483.249524926522	355.365305921802	382.650623083042	294.611303222416	371.17595185156	401.528447250418	331.436546430237	371.478792803486	400.82971940075	366.899349665808	459.50400654792	330.035626587847	412.673995884717	490.007122380201	508.278539230947	361.676913763233	323.056679847582	352.987881133973	358.885214409614	320.012744036614	411.554573733765	418.331284949939	380.804868915339	489.731210805802	381.669045210301	379.371793221299	422.70551653692	406.629543828285	450.97398728378	431.873272150318	464.080373581436	487.800970602693	383.302935695918	323.62529065653	369.352715070989	354.361866727971	420.883423124876	378.37690778415	375.979509329715	427.992058645178	388.404678023611	635.073490925404	392.399992176079	477.427735036135	346.815224068668	420.133955123473	489.077986941651	682.801759896258	396.987203541972	409.482483630696	338.547064011021	411.617558037976	444.571380365659	402.039563087869	470.924166856085	461.204438891256	505.774820291462	393.023851531728	398.183338506653	421.776694200148	393.77496009606	426.380277682366	415.61979788531	361.495358930094	368.939646581554
2017.77167738556	469.316050476637	443.933751264199	402.10659330048	365.994451113591	524.373741472181	480.856801193709	396.111871073924	360.34621119269	409.062627262487	384.218445747641	355.771985485614	371.866525598679	319.769984959598	444.691421648415	379.467062718746	481.646233269675	431.549602191774	418.841336642105	432.842314396967	388.770663195905	426.742681703227	487.329382161872	527.245346924738	457.442921850909	477.034628969905	442.207055565794	449.02032838636	390.669359140626	400.918654796498	392.453438855782	446.27839040915	405.225472292258	361.598353383918	440.747146815539	355.903492087099	483.249524926522	365.301395725377	382.650623083042	318.581271253515	372.731350562136	446.240670059289	379.780763720777	371.478792803486	400.940261289842	410.829761766816	459.50400654792	362.465061964713	423.9679075117	499.58349854244	510.363355948765	395.706507659263	331.079750176703	356.01481501849	369.776351490458	332.017166782579	414.447269659036	439.585047939738	383.903055061606	497.0438109057	397.988466315257	385.108208008417	428.864347755833	407.642446744737	450.97398728378	437.346056146222	468.293616656978	487.800970602693	440.384709199544	336.117301789241	426.763640985339	377.240206777187	464.940404986374	392.875472787342	395.943568580476	427.992058645178	422.117918772386	635.073490925404	395.423020990282	478.608995015393	372.057230423344	437.307579484867	489.077986941651	686.811982073521	399.182757122492	415.65212611233	342.074561796576	413.946844259546	459.390721252016	404.985841225625	471.198995648103	462.334680968032	505.774820291462	393.023851531728	403.669718926192	421.776694200148	393.77496009606	426.380277682366	419.431188901705	361.495358930094	370.665326531896
2017.87190641824	469.316050476637	447.916868506737	402.10659330048	368.524366226252	524.373741472181	480.856801193709	412.905436469722	378.031097797512	439.788265218186	398.797592067473	358.048100752965	373.536363752435	358.674324580105	446.310394853981	379.472397723733	486.113581647092	431.549602191774	426.273565557627	432.842314396967	388.770663195905	429.018165709586	487.329382161872	527.245346924738	457.442921850909	477.034628969905	469.189834705711	457.783578779834	390.669359140626	414.041273294173	392.453438855782	475.772176798138	426.142133669358	385.260483283349	441.927780055667	368.912499047701	483.249524926522	375.259120468668	382.650623083042	339.187341540322	379.534086615031	446.240670059289	414.785231080984	379.785169783864	401.052144911223	421.965421590944	459.50400654792	394.889178184206	435.357847285766	509.23034609232	512.530445942931	432.72165663754	339.269310317199	359.445537947042	380.764897547574	344.447611619889	480.727902727417	487.715033994304	387.040564122691	504.371719010182	422.579521590367	391.288924157301	435.13478005183	408.699966893879	450.97398728378	442.90702215391	471.830207330966	487.800970602693	440.384709199544	347.902473077786	430.83341729399	384.33888409704	514.535573277593	401.755027534641	416.793474960499	448.237923590543	437.752244613691	635.073490925404	395.423020990282	533.772336412825	399.663630877405	451.567247726542	489.077986941651	686.811982073521	401.37948670925	429.707132033929	346.507254097621	419.785016203629	491.977281375574	418.918820372974	496.247046325072	463.468405716897	505.774820291462	393.023851531728	403.669718926192	421.776694200148	393.77496009606	426.380277682366	419.447672280299	361.495358930094	372.396555797066
2017.97213545092	469.316050476637	451.935296761388	422.921248515013	404.949406579178	524.373741472181	480.856801193709	425.69071428557	398.620649712496	455.672739470653	413.424001587485	360.680402680268	375.207770087665	387.775903232552	447.929951801908	379.47845085364	486.113581647092	431.549602191774	438.681609149904	452.666940034796	403.240667784637	431.752514891243	487.329382161872	549.91661449848	457.442921850909	477.034628969905	502.209898196527	481.413444328201	390.669359140626	414.62933071265	400.935251241384	505.262439375648	440.496495581616	399.810082857465	466.047527068223	402.191263845315	483.249524926522	385.893688351897	383.680579353673	348.07459118817	408.154915435375	446.240670059289	443.230790762348	410.995459361744	401.052144911223	437.191879961622	459.50400654792	394.889178184206	446.836533745481	518.943756984223	517.774683925832	474.830642390509	347.613649840328	385.87283287395	391.842694487936	386.826341842504	485.557372840862	514.000063025852	390.216452342427	511.714282395391	422.579521590367	397.893350874764	462.084687989429	409.801760552814	465.137045721374	457.60046939555	475.712782023038	487.800970602693	440.384709199544	348.664548090551	430.83341729399	385.742143481973	518.811126018724	426.413385584214	455.423322594244	470.029405932661	441.273165756908	635.073490925404	398.166620609839	539.247721442308	402.335468103142	465.892511348274	489.077986941651	686.811982073521	403.577372893661	451.460947137457	365.002937906326	443.220120313667	498.364240686227	449.336250274024	518.551644795781	508.871255933959	505.774820291462	393.023851531728	403.669718926192	421.776694200148	411.007348795599	444.138452955803	424.221203470636	382.967987681848	387.443349740248
2018.0723644836	469.316050476637	455.20270678616	422.921248515013	404.949406579178	539.503636287256	480.856801193709	425.69071428557	398.620649712496	455.672739470653	413.424001587485	407.282050769057	375.207770087665	387.775903232552	447.929951801908	408.506570661251	486.113581647092	431.549602191774	458.211733105036	480.078921828467	403.240667784637	431.752514891243	507.116599876015	549.91661449848	457.442921850909	514.026662889619	502.209898196527	498.191712473348	390.669359140626	414.62933071265	423.829188361201	545.944653296991	440.496495581616	399.810082857465	466.047527068223	402.191263845315	483.249524926522	385.893688351897	433.434852300834	348.07459118817	408.154915435375	446.240670059289	446.653256791645	410.995459361744	401.052144911223	444.421213908765	459.50400654792	394.889178184206	446.836533745481	518.943756984223	517.774683925832	474.830642390509	397.988408247826	385.87283287395	391.842694487936	386.826341842504	485.557372840862	514.000063025852	418.552791704118	548.888153487218	422.579521590367	453.634522013965	462.084687989429	409.801760552814	465.137045721374	457.60046939555	475.712782023038	487.800970602693	440.384709199544	351.99068424466	456.605617334084	385.742143481973	518.811126018724	426.413385584214	477.511229467765	470.029405932661	441.273165756908	635.073490925404	398.166620609839	539.247721442308	402.335468103142	465.892511348274	489.077986941651	686.811982073521	456.234707425703	451.460947137457	365.002937906326	443.220120313667	498.364240686227	449.336250274024	518.551644795781	514.890888089156	505.774820291462	393.023851531728	403.669718926192	421.776694200148	411.007348795599	444.138452955803	424.221203470636	382.967987681848	387.443349740248
2018.17259351628	469.316050476637	455.20270678616	422.921248515013	404.949406579178	539.503636287256	480.856801193709	425.69071428557	398.620649712496	455.672739470653	413.424001587485	407.282050769057	375.207770087665	387.775903232552	447.929951801908	408.506570661251	486.113581647092	431.549602191774	458.211733105036	480.078921828467	403.240667784637	431.752514891243	507.116599876015	549.91661449848	457.442921850909	514.026662889619	502.209898196527	498.191712473348	390.669359140626	414.62933071265	423.829188361201	545.944653296991	440.496495581616	399.810082857465	466.047527068223	402.191263845315	483.249524926522	385.893688351897	433.434852300834	348.07459118817	408.154915435375	446.240670059289	446.653256791645	410.995459361744	401.052144911223	455.732346238169	459.50400654792	394.889178184206	446.836533745481	518.943756984223	517.774683925832	474.830642390509	397.988408247826	385.87283287395	391.842694487936	386.826341842504	485.557372840862	514.000063025852	418.552791704118	548.888153487218	422.579521590367	453.634522013965	462.084687989429	409.801760552814	465.137045721374	457.60046939555	475.712782023038	487.800970602693	440.384709199544	351.99068424466	456.605617334084	385.742143481973	518.811126018724	426.413385584214	477.511229467765	470.029405932661	441.273165756908	635.073490925404	398.166620609839	539.247721442308	402.335468103142	465.892511348274	489.077986941651	686.811982073521	456.234707425703	451.460947137457	365.002937906326	443.220120313667	498.364240686227	449.336250274024	518.551644795781	514.890888089156	505.774820291462	393.023851531728	403.669718926192	421.776694200148	411.007348795599	444.138452955803	424.221203470636	382.967987681848	387.443349740248
2018.27282254896	469.316050476637	455.20270678616	422.921248515013	404.949406579178	539.503636287256	480.856801193709	425.69071428557	398.620649712496	455.672739470653	413.424001587485	407.282050769057	375.207770087665	387.775903232552	447.929951801908	408.506570661251	486.113581647092	431.549602191774	458.211733105036	480.078921828467	403.240667784637	431.752514891243	507.116599876015	549.91661449848	457.442921850909	514.026662889619	502.209898196527	498.191712473348	390.669359140626	414.62933071265	423.829188361201	545.944653296991	440.496495581616	399.810082857465	466.047527068223	402.191263845315	483.249524926522	385.893688351897	433.434852300834	348.07459118817	408.154915435375	446.240670059289	446.653256791645	410.995459361744	401.052144911223	455.732346238169	459.50400654792	394.889178184206	446.836533745481	518.943756984223	517.774683925832	474.830642390509	397.988408247826	385.87283287395	391.842694487936	386.826341842504	485.557372840862	514.000063025852	418.552791704118	548.888153487218	422.579521590367	453.634522013965	462.084687989429	409.801760552814	465.137045721374	457.60046939555	475.712782023038	487.800970602693	440.384709199544	351.99068424466	456.605617334084	385.742143481973	518.811126018724	426.413385584214	477.511229467765	470.029405932661	441.273165756908	635.073490925404	398.166620609839	539.247721442308	402.335468103142	465.892511348274	489.077986941651	686.811982073521	456.234707425703	451.460947137457	365.002937906326	443.220120313667	498.364240686227	449.336250274024	518.551644795781	514.890888089156	505.774820291462	393.023851531728	403.669718926192	421.776694200148	411.007348795599	444.138452955803	424.221203470636	382.967987681848	387.443349740248
2018.37305158164	469.316050476637	455.20270678616	422.921248515013	404.949406579178	539.503636287256	480.856801193709	425.69071428557	398.620649712496	455.672739470653	416.396717851204	407.282050769057	375.207770087665	387.775903232552	447.929951801908	408.506570661251	486.113581647092	431.549602191774	458.211733105036	480.078921828467	403.240667784637	431.752514891243	507.116599876015	549.91661449848	457.442921850909	514.026662889619	502.209898196527	498.191712473348	390.669359140626	414.62933071265	423.829188361201	545.944653296991	440.496495581616	399.810082857465	466.047527068223	402.191263845315	483.249524926522	385.893688351897	433.434852300834	348.07459118817	408.154915435375	446.240670059289	446.653256791645	410.995459361744	401.052144911223	455.732346238169	459.50400654792	394.889178184206	446.836533745481	518.943756984223	517.774683925832	474.830642390509	397.988408247826	385.87283287395	403.443569127568	386.826341842504	485.557372840862	514.000063025852	418.552791704118	548.888153487218	422.579521590367	453.634522013965	462.084687989429	409.801760552814	465.137045721374	457.60046939555	481.009941212928	487.800970602693	440.384709199544	358.824824318352	456.605617334084	385.742143481973	518.811126018724	426.413385584214	477.511229467765	470.029405932661	441.273165756908	635.073490925404	398.166620609839	539.247721442308	402.335468103142	465.892511348274	489.077986941651	686.811982073521	456.234707425703	451.460947137457	366.015480544928	443.220120313667	498.364240686227	449.336250274024	518.551644795781	514.890888089156	505.774820291462	393.023851531728	403.669718926192	432.304569024099	411.007348795599	444.138452955803	434.225660519928	382.967987681848	387.443349740248
2018.47328061432	469.316050476637	466.484781275418	422.921248515013	404.949406579178	539.503636287256	480.856801193709	425.69071428557	407.16103520773	455.672739470653	416.396717851204	407.282050769057	375.207770087665	387.775903232552	447.929951801908	408.506570661251	495.956766344802	431.549602191774	458.211733105036	480.078921828467	413.95325313801	431.752514891243	507.116599876015	549.91661449848	457.442921850909	514.026662889619	502.209898196527	498.191712473348	422.902498482809	414.62933071265	423.829188361201	548.303799124817	440.496495581616	408.660564823784	466.047527068223	402.191263845315	504.944497245618	385.893688351897	433.434852300834	380.403635170873	413.531446768634	446.240670059289	480.703435432028	447.836816818229	401.052144911223	477.618189687789	459.50400654792	394.889178184206	472.201056787869	518.943756984223	545.274240810269	474.830642390509	397.988408247826	385.87283287395	403.443569127568	386.826341842504	485.557372840862	514.000063025852	418.552791704118	548.888153487218	422.579521590367	453.634522013965	462.084687989429	409.801760552814	465.137045721374	492.087790935603	481.009941212928	487.800970602693	440.384709199544	358.824824318352	456.605617334084	385.742143481973	518.811126018724	426.413385584214	477.541830568233	470.029405932661	441.273165756908	635.073490925404	398.166620609839	539.247721442308	402.335468103142	465.892511348274	490.399606634606	686.811982073521	456.234707425703	451.460947137457	366.015480544928	443.220120313667	498.364240686227	449.336250274024	518.551644795781	514.890888089156	505.774820291462	393.023851531728	403.669718926192	432.304569024099	434.991996776983	444.138452955803	434.225660519928	382.967987681848	410.658409733046
2018.573509647	469.316050476637	466.484781275418	422.921248515013	404.949406579178	539.503636287256	480.856801193709	425.69071428557	407.16103520773	455.672739470653	416.396717851204	407.282050769057	375.207770087665	387.775903232552	447.929951801908	408.506570661251	495.956766344802	431.549602191774	458.211733105036	480.078921828467	413.95325313801	431.752514891243	507.116599876015	549.91661449848	457.442921850909	514.026662889619	502.209898196527	498.191712473348	422.902498482809	414.62933071265	423.829188361201	548.303799124817	440.496495581616	408.660564823784	466.047527068223	402.191263845315	504.944497245618	385.893688351897	433.434852300834	380.403635170873	413.531446768634	446.240670059289	480.703435432028	447.836816818229	401.052144911223	477.618189687789	459.50400654792	394.889178184206	472.201056787869	518.943756984223	545.274240810269	474.830642390509	397.988408247826	385.87283287395	403.443569127568	386.826341842504	485.557372840862	514.000063025852	418.552791704118	548.888153487218	422.579521590367	453.634522013965	462.084687989429	409.801760552814	465.137045721374	492.087790935603	481.009941212928	487.800970602693	440.384709199544	358.824824318352	456.605617334084	385.742143481973	518.811126018724	426.413385584214	477.541830568233	470.029405932661	441.273165756908	635.073490925404	398.166620609839	539.247721442308	402.335468103142	465.892511348274	490.399606634606	686.811982073521	456.234707425703	451.460947137457	366.015480544928	443.220120313667	498.364240686227	449.336250274024	518.551644795781	514.890888089156	505.774820291462	393.023851531728	403.669718926192	432.304569024099	434.991996776983	444.138452955803	434.225660519928	382.967987681848	410.658409733046
2018.67373867968	469.316050476637	466.484781275418	422.921248515013	404.949406579178	539.503636287256	480.856801193709	425.69071428557	407.16103520773	455.672739470653	416.396717851204	407.282050769057	375.207770087665	387.775903232552	447.929951801908	408.506570661251	495.956766344802	431.549602191774	458.211733105036	480.078921828467	413.95325313801	431.752514891243	507.116599876015	549.91661449848	457.442921850909	514.026662889619	502.209898196527	498.191712473348	422.902498482809	414.62933071265	423.829188361201	548.303799124817	440.496495581616	408.660564823784	466.047527068223	402.191263845315	504.944497245618	385.893688351897	433.434852300834	380.403635170873	413.531446768634	446.240670059289	480.703435432028	447.836816818229	401.052144911223	477.618189687789	459.50400654792	394.889178184206	472.201056787869	518.943756984223	545.274240810269	474.830642390509	397.988408247826	385.87283287395	403.443569127568	386.826341842504	485.557372840862	514.000063025852	418.552791704118	548.888153487218	422.579521590367	453.634522013965	462.084687989429	409.801760552814	465.137045721374	492.087790935603	481.009941212928	487.800970602693	440.384709199544	358.824824318352	456.605617334084	385.742143481973	518.811126018724	426.413385584214	477.541830568233	470.029405932661	441.273165756908	635.073490925404	398.166620609839	539.247721442308	402.335468103142	465.892511348274	490.399606634606	686.811982073521	456.234707425703	451.460947137457	366.015480544928	443.220120313667	498.364240686227	449.336250274024	518.551644795781	514.890888089156	505.774820291462	393.023851531728	403.669718926192	432.304569024099	434.991996776983	444.138452955803	434.225660519928	382.967987681848	410.658409733046
2018.77396771236	469.316050476637	466.484781275418	422.921248515013	404.949406579178	539.503636287256	480.856801193709	425.69071428557	407.16103520773	455.672739470653	416.396717851204	407.282050769057	375.207770087665	387.775903232552	447.929951801908	408.506570661251	495.956766344802	431.549602191774	458.211733105036	480.078921828467	413.95325313801	431.752514891243	507.116599876015	549.91661449848	457.442921850909	514.026662889619	502.209898196527	498.191712473348	422.902498482809	414.62933071265	423.829188361201	548.303799124817	440.496495581616	408.660564823784	466.047527068223	402.191263845315	504.944497245618	385.893688351897	433.434852300834	380.403635170873	413.531446768634	446.240670059289	480.703435432028	447.836816818229	401.052144911223	477.618189687789	459.50400654792	394.889178184206	472.201056787869	518.943756984223	545.274240810269	474.830642390509	397.988408247826	385.87283287395	403.443569127568	386.826341842504	485.557372840862	514.000063025852	418.552791704118	548.888153487218	422.579521590367	453.634522013965	462.084687989429	409.801760552814	465.137045721374	492.087790935603	481.009941212928	487.800970602693	440.384709199544	358.824824318352	456.605617334084	385.742143481973	518.811126018724	426.413385584214	477.541830568233	470.029405932661	441.273165756908	635.073490925404	398.166620609839	539.247721442308	402.335468103142	465.892511348274	490.399606634606	686.811982073521	456.234707425703	451.460947137457	366.015480544928	443.220120313667	498.364240686227	449.336250274024	518.551644795781	514.890888089156	505.774820291462	393.023851531728	403.669718926192	432.304569024099	434.991996776983	444.138452955803	434.225660519928	382.967987681848	410.658409733046
2018.87419674505	469.316050476637	466.484781275418	422.921248515013	404.949406579178	539.503636287256	480.856801193709	425.69071428557	407.16103520773	455.672739470653	416.396717851204	407.282050769057	375.207770087665	387.775903232552	447.929951801908	408.506570661251	495.956766344802	431.549602191774	458.211733105036	480.078921828467	413.95325313801	431.752514891243	507.116599876015	549.91661449848	457.442921850909	514.026662889619	502.209898196527	498.191712473348	422.902498482809	414.62933071265	423.829188361201	548.303799124817	440.496495581616	408.660564823784	466.047527068223	402.191263845315	504.944497245618	385.893688351897	433.434852300834	380.403635170873	413.531446768634	446.240670059289	480.703435432028	447.836816818229	401.052144911223	477.618189687789	459.50400654792	394.889178184206	472.201056787869	518.943756984223	545.274240810269	474.830642390509	397.988408247826	385.87283287395	403.443569127568	386.826341842504	485.557372840862	514.000063025852	418.552791704118	548.888153487218	422.579521590367	453.634522013965	462.084687989429	409.801760552814	465.137045721374	492.087790935603	481.009941212928	487.800970602693	440.384709199544	358.824824318352	456.605617334084	385.742143481973	518.811126018724	426.413385584214	477.541830568233	470.029405932661	441.273165756908	635.073490925404	398.166620609839	539.247721442308	402.335468103142	465.892511348274	490.399606634606	686.811982073521	456.234707425703	451.460947137457	366.015480544928	443.220120313667	498.364240686227	449.336250274024	518.551644795781	514.890888089156	505.774820291462	393.023851531728	403.669718926192	432.304569024099	434.991996776983	444.138452955803	434.225660519928	382.967987681848	410.658409733046
2018.97442577773	469.316050476637	466.484781275418	422.921248515013	404.949406579178	539.503636287256	480.856801193709	425.69071428557	407.16103520773	455.672739470653	416.396717851204	407.282050769057	375.207770087665	387.775903232552	447.929951801908	408.506570661251	495.956766344802	431.549602191774	458.211733105036	480.078921828467	413.95325313801	431.752514891243	507.116599876015	549.91661449848	457.442921850909	514.026662889619	502.209898196527	498.191712473348	422.902498482809	414.62933071265	423.829188361201	548.303799124817	440.496495581616	408.660564823784	466.047527068223	402.191263845315	504.944497245618	394.058026532644	433.434852300834	380.403635170873	413.531446768634	446.240670059289	480.703435432028	447.836816818229	401.052144911223	477.618189687789	459.50400654792	394.889178184206	472.201056787869	518.943756984223	545.274240810269	474.830642390509	397.988408247826	385.87283287395	403.443569127568	386.826341842504	485.557372840862	514.000063025852	418.552791704118	548.888153487218	422.579521590367	453.634522013965	462.084687989429	409.801760552814	465.137045721374	492.087790935603	481.009941212928	487.800970602693	440.384709199544	358.824824318352	456.605617334084	390.69775738845	518.811126018724	426.413385584214	477.541830568233	470.029405932661	441.273165756908	635.073490925404	398.166620609839	539.247721442308	402.335468103142	465.892511348274	490.399606634606	686.811982073521	456.234707425703	451.460947137457	366.015480544928	443.220120313667	498.364240686227	449.336250274024	518.551644795781	514.890888089156	505.774820291462	393.023851531728	403.669718926192	432.304569024099	434.991996776983	444.138452955803	434.225660519928	382.967987681848	410.658409733046
2019.07465481041	469.316050476637	466.484781275418	422.921248515013	404.949406579178	539.503636287256	480.856801193709	425.69071428557	407.16103520773	455.672739470653	416.396717851204	407.282050769057	375.207770087665	387.775903232552	447.929951801908	408.506570661251	495.956766344802	431.549602191774	458.211733105036	480.078921828467	413.95325313801	431.752514891243	542.134809812324	549.91661449848	457.442921850909	514.026662889619	502.209898196527	498.191712473348	422.902498482809	414.62933071265	423.829188361201	548.303799124817	440.496495581616	408.660564823784	466.047527068223	402.191263845315	504.944497245618	394.384059550105	433.434852300834	380.403635170873	413.531446768634	446.240670059289	480.703435432028	447.836816818229	401.052144911223	477.618189687789	459.50400654792	394.889178184206	472.201056787869	518.943756984223	545.274240810269	474.830642390509	397.988408247826	385.87283287395	404.032128681224	386.826341842504	485.557372840862	514.000063025852	418.552791704118	548.888153487218	422.579521590367	453.634522013965	462.084687989429	410.18119179099	465.137045721374	492.087790935603	481.009941212928	487.800970602693	440.384709199544	358.824824318352	456.605617334084	390.69775738845	518.811126018724	426.413385584214	477.541830568233	470.029405932661	441.273165756908	635.073490925404	398.166620609839	539.247721442308	402.335468103142	465.892511348274	490.399606634606	686.811982073521	456.234707425703	451.460947137457	366.015480544928	443.220120313667	498.364240686227	449.336250274024	518.551644795781	514.890888089156	505.774820291462	393.023851531728	403.669718926192	432.304569024099	434.991996776983	444.138452955803	434.225660519928	382.967987681848	410.658409733046
2019.17488384309	469.316050476637	466.484781275418	422.921248515013	404.949406579178	539.503636287256	480.856801193709	425.69071428557	407.16103520773	455.672739470653	416.396717851204	407.282050769057	375.207770087665	387.775903232552	447.929951801908	408.506570661251	495.956766344802	431.549602191774	458.211733105036	480.078921828467	413.95325313801	431.752514891243	542.134809812324	549.91661449848	457.442921850909	514.026662889619	502.209898196527	498.191712473348	422.902498482809	414.62933071265	423.829188361201	548.303799124817	440.496495581616	408.660564823784	466.047527068223	402.191263845315	504.944497245618	394.715689836065	433.434852300834	380.403635170873	413.531446768634	446.240670059289	480.703435432028	447.836816818229	401.052144911223	477.618189687789	459.50400654792	394.889178184206	472.201056787869	529.993328488872	545.274240810269	474.830642390509	397.988408247826	385.87283287395	404.032128681224	386.826341842504	485.557372840862	514.000063025852	418.552791704118	548.888153487218	422.579521590367	453.634522013965	462.084687989429	410.968313741801	465.137045721374	492.087790935603	481.009941212928	487.800970602693	440.384709199544	358.824824318352	456.605617334084	390.69775738845	518.811126018724	426.413385584214	477.541830568233	470.029405932661	441.273165756908	635.073490925404	398.166620609839	539.247721442308	402.335468103142	465.892511348274	490.399606634606	686.811982073521	456.234707425703	451.460947137457	366.015480544928	443.220120313667	498.364240686227	449.336250274024	518.551644795781	514.890888089156	505.774820291462	393.023851531728	403.669718926192	432.304569024099	434.991996776983	444.138452955803	434.225660519928	382.967987681848	410.658409733046
2019.27511287577	469.316050476637	466.484781275418	422.921248515013	404.949406579178	539.503636287256	480.856801193709	425.69071428557	407.16103520773	455.672739470653	416.396717851204	407.282050769057	375.207770087665	387.775903232552	447.929951801908	408.506570661251	495.956766344802	431.549602191774	458.211733105036	480.078921828467	413.95325313801	431.752514891243	542.134809812324	549.91661449848	457.442921850909	514.026662889619	502.209898196527	498.191712473348	422.902498482809	414.62933071265	423.829188361201	548.303799124817	440.496495581616	408.660564823784	466.047527068223	402.191263845315	504.944497245618	394.97327500697	433.434852300834	380.403635170873	413.531446768634	446.240670059289	480.703435432028	447.836816818229	401.052144911223	477.618189687789	459.50400654792	394.889178184206	472.201056787869	529.993328488872	545.274240810269	474.830642390509	397.988408247826	385.87283287395	404.032128681224	386.826341842504	485.557372840862	514.000063025852	418.552791704118	548.888153487218	422.579521590367	453.634522013965	462.084687989429	411.171354576248	465.137045721374	492.087790935603	481.009941212928	487.800970602693	440.384709199544	358.824824318352	456.605617334084	390.69775738845	518.811126018724	426.413385584214	477.541830568233	470.029405932661	441.273165756908	635.073490925404	398.166620609839	539.247721442308	402.335468103142	465.892511348274	490.399606634606	686.811982073521	456.234707425703	451.460947137457	366.015480544928	443.220120313667	498.364240686227	449.336250274024	518.551644795781	514.890888089156	505.774820291462	393.023851531728	403.669718926192	432.304569024099	434.991996776983	444.138452955803	434.225660519928	382.967987681848	410.658409733046
2019.37534190845	469.316050476637	466.484781275418	422.921248515013	404.949406579178	539.503636287256	480.856801193709	425.69071428557	407.16103520773	455.672739470653	416.396717851204	407.282050769057	375.207770087665	387.775903232552	447.929951801908	408.506570661251	495.956766344802	431.549602191774	458.211733105036	480.078921828467	413.95325313801	431.752514891243	542.134809812324	549.91661449848	457.442921850909	514.026662889619	502.209898196527	498.191712473348	422.902498482809	414.62933071265	423.829188361201	548.303799124817	440.496495581616	408.660564823784	466.047527068223	402.191263845315	504.944497245618	394.97327500697	433.434852300834	380.403635170873	413.531446768634	446.240670059289	480.703435432028	447.836816818229	401.052144911223	477.618189687789	459.50400654792	394.889178184206	472.201056787869	529.993328488872	545.274240810269	474.830642390509	397.988408247826	385.87283287395	404.032128681224	386.826341842504	485.557372840862	514.000063025852	418.552791704118	548.888153487218	422.579521590367	453.634522013965	462.084687989429	411.171354576248	465.137045721374	492.087790935603	481.009941212928	487.800970602693	440.384709199544	358.824824318352	456.605617334084	390.69775738845	518.811126018724	426.413385584214	477.541830568233	470.029405932661	441.273165756908	635.073490925404	398.166620609839	539.247721442308	402.335468103142	465.892511348274	490.399606634606	686.811982073521	456.234707425703	451.460947137457	366.015480544928	443.220120313667	498.364240686227	449.336250274024	518.551644795781	514.890888089156	505.774820291462	393.023851531728	403.669718926192	432.304569024099	434.991996776983	444.138452955803	434.225660519928	382.967987681848	410.658409733046
2019.47557094113	469.316050476637	466.484781275418	422.921248515013	404.949406579178	539.503636287256	480.856801193709	425.69071428557	407.16103520773	455.672739470653	416.396717851204	407.282050769057	375.207770087665	387.775903232552	447.929951801908	408.506570661251	495.956766344802	431.549602191774	458.211733105036	480.078921828467	413.95325313801	431.752514891243	542.134809812324	549.91661449848	457.442921850909	514.026662889619	502.209898196527	498.191712473348	422.902498482809	414.62933071265	423.829188361201	548.303799124817	440.496495581616	408.660564823784	466.047527068223	402.191263845315	504.944497245618	394.97327500697	433.434852300834	380.403635170873	413.531446768634	446.240670059289	480.703435432028	447.836816818229	401.052144911223	477.618189687789	459.50400654792	394.889178184206	472.201056787869	529.993328488872	545.274240810269	474.830642390509	397.988408247826	385.87283287395	404.032128681224	386.826341842504	485.557372840862	514.000063025852	418.552791704118	548.888153487218	422.579521590367	453.634522013965	462.084687989429	411.171354576248	465.137045721374	492.087790935603	481.009941212928	487.800970602693	440.384709199544	358.824824318352	456.605617334084	390.69775738845	518.811126018724	426.413385584214	477.541830568233	470.029405932661	441.273165756908	635.073490925404	398.166620609839	539.247721442308	402.335468103142	465.892511348274	490.399606634606	686.811982073521	456.234707425703	451.460947137457	366.015480544928	443.220120313667	498.364240686227	449.336250274024	518.551644795781	514.890888089156	505.774820291462	393.023851531728	403.669718926192	432.304569024099	434.991996776983	444.138452955803	434.225660519928	382.967987681848	410.658409733046
2019.57579997381	469.316050476637	466.484781275418	422.921248515013	404.949406579178	539.503636287256	480.856801193709	425.69071428557	407.16103520773	455.672739470653	416.396717851204	407.282050769057	375.207770087665	387.775903232552	447.929951801908	408.506570661251	495.956766344802	431.549602191774	458.211733105036	480.078921828467	413.95325313801	431.752514891243	542.134809812324	549.91661449848	457.442921850909	514.026662889619	502.209898196527	498.191712473348	422.902498482809	414.62933071265	423.829188361201	548.303799124817	440.496495581616	408.660564823784	466.047527068223	402.191263845315	504.944497245618	394.97327500697	433.434852300834	380.403635170873	413.531446768634	446.240670059289	480.703435432028	447.836816818229	401.052144911223	477.618189687789	459.50400654792	394.889178184206	472.201056787869	529.993328488872	545.274240810269	474.830642390509	397.988408247826	385.87283287395	404.032128681224	386.826341842504	485.557372840862	514.000063025852	418.552791704118	548.888153487218	422.579521590367	453.634522013965	462.084687989429	411.171354576248	465.137045721374	492.087790935603	481.009941212928	487.800970602693	440.384709199544	358.824824318352	456.605617334084	390.69775738845	518.811126018724	426.413385584214	477.541830568233	470.029405932661	441.273165756908	635.073490925404	398.166620609839	539.247721442308	402.335468103142	465.892511348274	490.399606634606	686.811982073521	456.234707425703	451.460947137457	366.015480544928	443.220120313667	498.364240686227	449.336250274024	518.551644795781	514.890888089156	505.774820291462	393.023851531728	403.669718926192	432.304569024099	434.991996776983	444.138452955803	434.225660519928	382.967987681848	410.658409733046
2019.67602900649	469.316050476637	466.484781275418	422.921248515013	404.949406579178	539.503636287256	480.856801193709	425.69071428557	407.16103520773	455.672739470653	416.396717851204	407.282050769057	375.207770087665	387.775903232552	447.929951801908	408.506570661251	495.956766344802	431.549602191774	458.211733105036	480.078921828467	413.95325313801	431.752514891243	542.134809812324	549.91661449848	457.442921850909	514.026662889619	502.209898196527	498.191712473348	422.902498482809	414.62933071265	423.829188361201	548.303799124817	440.496495581616	408.660564823784	466.047527068223	402.191263845315	504.944497245618	394.97327500697	433.434852300834	380.403635170873	413.531446768634	446.240670059289	480.703435432028	447.836816818229	401.052144911223	477.618189687789	459.50400654792	394.889178184206	472.201056787869	529.993328488872	545.274240810269	474.830642390509	397.988408247826	385.87283287395	404.032128681224	386.826341842504	485.557372840862	514.000063025852	418.552791704118	548.888153487218	422.579521590367	453.634522013965	462.084687989429	411.171354576248	465.137045721374	492.087790935603	481.009941212928	487.800970602693	440.384709199544	358.824824318352	456.605617334084	390.69775738845	518.811126018724	426.413385584214	477.541830568233	470.029405932661	441.273165756908	635.073490925404	398.166620609839	539.247721442308	402.335468103142	465.892511348274	490.399606634606	686.811982073521	456.234707425703	451.460947137457	366.015480544928	443.220120313667	498.364240686227	449.336250274024	518.551644795781	514.890888089156	505.774820291462	393.023851531728	403.669718926192	432.304569024099	434.991996776983	444.138452955803	434.225660519928	382.967987681848	410.658409733046
2019.77625803917	469.316050476637	466.484781275418	422.921248515013	404.949406579178	539.503636287256	480.856801193709	425.69071428557	407.16103520773	455.672739470653	416.396717851204	407.282050769057	375.207770087665	387.775903232552	447.929951801908	408.506570661251	495.956766344802	431.549602191774	458.211733105036	480.078921828467	413.95325313801	431.752514891243	542.134809812324	549.91661449848	457.442921850909	514.026662889619	502.209898196527	498.191712473348	422.902498482809	414.62933071265	423.829188361201	548.303799124817	440.496495581616	408.660564823784	466.047527068223	402.191263845315	504.944497245618	394.97327500697	433.434852300834	380.403635170873	413.531446768634	446.240670059289	480.703435432028	447.836816818229	401.052144911223	477.618189687789	459.50400654792	394.889178184206	472.201056787869	529.993328488872	545.274240810269	474.830642390509	397.988408247826	385.87283287395	404.032128681224	386.826341842504	485.557372840862	514.000063025852	418.552791704118	548.888153487218	422.579521590367	453.634522013965	462.084687989429	411.171354576248	465.137045721374	492.087790935603	481.009941212928	487.800970602693	440.384709199544	358.824824318352	456.605617334084	390.69775738845	518.811126018724	426.413385584214	477.541830568233	470.029405932661	441.273165756908	635.073490925404	398.166620609839	539.247721442308	402.335468103142	465.892511348274	490.399606634606	686.811982073521	456.234707425703	451.460947137457	366.015480544928	443.220120313667	498.364240686227	449.336250274024	518.551644795781	514.890888089156	505.774820291462	393.023851531728	403.669718926192	432.304569024099	434.991996776983	444.138452955803	434.225660519928	382.967987681848	410.658409733046
2019.87648707185	469.316050476637	466.484781275418	422.921248515013	404.949406579178	539.503636287256	480.856801193709	425.69071428557	407.16103520773	455.672739470653	416.396717851204	407.282050769057	375.207770087665	387.775903232552	447.929951801908	408.506570661251	495.956766344802	431.549602191774	458.211733105036	480.078921828467	413.95325313801	431.752514891243	542.134809812324	549.91661449848	457.442921850909	514.026662889619	502.209898196527	498.191712473348	422.902498482809	414.62933071265	423.829188361201	548.303799124817	440.496495581616	408.660564823784	466.047527068223	402.191263845315	504.944497245618	394.97327500697	433.434852300834	380.403635170873	413.531446768634	446.240670059289	480.703435432028	447.836816818229	401.052144911223	477.618189687789	459.50400654792	394.889178184206	472.201056787869	529.993328488872	545.274240810269	474.830642390509	397.988408247826	385.87283287395	404.032128681224	386.826341842504	485.557372840862	514.000063025852	418.552791704118	548.888153487218	422.579521590367	453.634522013965	462.084687989429	411.171354576248	465.137045721374	492.087790935603	481.009941212928	487.800970602693	440.384709199544	358.824824318352	456.605617334084	390.69775738845	518.811126018724	426.413385584214	477.541830568233	470.029405932661	441.273165756908	635.073490925404	398.166620609839	539.247721442308	402.335468103142	465.892511348274	490.399606634606	686.811982073521	456.234707425703	451.460947137457	366.015480544928	443.220120313667	498.364240686227	449.336250274024	518.551644795781	514.890888089156	505.774820291462	393.023851531728	403.669718926192	432.304569024099	434.991996776983	444.138452955803	434.225660519928	382.967987681848	410.658409733046
2019.97671610453	469.316050476637	466.484781275418	422.921248515013	404.949406579178	539.503636287256	480.856801193709	425.69071428557	407.16103520773	455.672739470653	416.396717851204	407.282050769057	375.207770087665	387.775903232552	447.929951801908	408.506570661251	495.956766344802	431.549602191774	458.211733105036	480.078921828467	413.95325313801	431.752514891243	542.134809812324	549.91661449848	457.442921850909	514.026662889619	502.209898196527	498.191712473348	422.902498482809	414.62933071265	423.829188361201	548.303799124817	440.496495581616	408.660564823784	466.047527068223	402.191263845315	504.944497245618	394.97327500697	433.434852300834	380.403635170873	413.531446768634	446.240670059289	480.703435432028	447.836816818229	401.052144911223	477.618189687789	459.50400654792	394.889178184206	472.201056787869	529.993328488872	545.274240810269	474.830642390509	397.988408247826	385.87283287395	404.032128681224	386.826341842504	485.557372840862	514.000063025852	418.552791704118	548.888153487218	422.579521590367	453.634522013965	462.084687989429	411.171354576248	465.137045721374	492.087790935603	481.009941212928	487.800970602693	440.384709199544	358.824824318352	456.605617334084	390.69775738845	518.811126018724	426.413385584214	477.541830568233	470.029405932661	441.273165756908	635.073490925404	398.166620609839	539.247721442308	402.335468103142	465.892511348274	490.399606634606	686.811982073521	456.234707425703	451.460947137457	366.015480544928	443.220120313667	498.364240686227	449.336250274024	518.551644795781	514.890888089156	505.774820291462	393.023851531728	403.669718926192	432.304569024099	434.991996776983	444.138452955803	434.225660519928	382.967987681848	410.658409733046
2020.07694513721	469.316050476637	466.484781275418	422.921248515013	404.949406579178	539.503636287256	480.856801193709	425.69071428557	407.16103520773	455.672739470653	416.396717851204	407.282050769057	375.207770087665	387.775903232552	447.929951801908	408.506570661251	495.956766344802	431.549602191774	458.211733105036	480.078921828467	413.95325313801	431.752514891243	542.134809812324	549.91661449848	457.442921850909	514.026662889619	502.209898196527	498.191712473348	422.902498482809	414.62933071265	423.829188361201	548.303799124817	440.496495581616	408.660564823784	466.047527068223	402.191263845315	504.944497245618	394.97327500697	433.434852300834	380.403635170873	413.531446768634	446.240670059289	480.703435432028	447.836816818229	401.052144911223	477.618189687789	459.50400654792	394.889178184206	472.201056787869	529.993328488872	545.274240810269	474.830642390509	397.988408247826	385.87283287395	404.032128681224	386.826341842504	485.557372840862	514.000063025852	418.552791704118	548.888153487218	422.579521590367	453.634522013965	462.084687989429	411.171354576248	465.137045721374	492.087790935603	481.009941212928	487.800970602693	440.384709199544	358.824824318352	456.605617334084	390.69775738845	518.811126018724	426.413385584214	477.541830568233	470.029405932661	441.273165756908	635.073490925404	398.166620609839	539.247721442308	402.335468103142	465.892511348274	490.399606634606	686.811982073521	456.234707425703	451.460947137457	366.015480544928	443.220120313667	498.364240686227	449.336250274024	518.551644795781	514.890888089156	505.774820291462	393.023851531728	403.669718926192	432.304569024099	434.991996776983	444.138452955803	434.225660519928	382.967987681848	410.658409733046
2020.17717416989	469.316050476637	466.484781275418	422.921248515013	404.949406579178	539.503636287256	480.856801193709	425.69071428557	407.16103520773	455.672739470653	416.396717851204	407.282050769057	375.207770087665	387.775903232552	447.929951801908	408.506570661251	495.956766344802	431.549602191774	458.211733105036	480.078921828467	413.95325313801	431.752514891243	542.134809812324	549.91661449848	457.442921850909	514.026662889619	502.209898196527	498.191712473348	422.902498482809	414.62933071265	423.829188361201	548.303799124817	440.496495581616	408.660564823784	466.047527068223	402.191263845315	504.944497245618	394.97327500697	433.434852300834	380.403635170873	413.531446768634	446.240670059289	480.703435432028	447.836816818229	401.052144911223	477.618189687789	459.50400654792	394.889178184206	472.201056787869	529.993328488872	545.274240810269	474.830642390509	397.988408247826	385.87283287395	404.032128681224	386.826341842504	485.557372840862	514.000063025852	418.552791704118	548.888153487218	422.579521590367	453.634522013965	462.084687989429	411.171354576248	465.137045721374	492.087790935603	481.009941212928	487.800970602693	440.384709199544	358.824824318352	456.605617334084	390.69775738845	518.811126018724	426.413385584214	477.541830568233	470.029405932661	441.273165756908	635.073490925404	398.166620609839	539.247721442308	402.335468103142	465.892511348274	490.399606634606	686.811982073521	456.234707425703	451.460947137457	366.015480544928	443.220120313667	498.364240686227	449.336250274024	518.551644795781	514.890888089156	505.774820291462	393.023851531728	403.669718926192	432.304569024099	434.991996776983	444.138452955803	434.225660519928	382.967987681848	410.658409733046
2020.27740320257	469.316050476637	466.484781275418	422.921248515013	404.949406579178	539.503636287256	480.856801193709	425.69071428557	407.16103520773	455.672739470653	416.396717851204	407.282050769057	375.207770087665	387.775903232552	447.929951801908	408.506570661251	495.956766344802	431.549602191774	458.211733105036	480.078921828467	413.95325313801	431.752514891243	542.134809812324	549.91661449848	457.442921850909	514.026662889619	502.209898196527	498.191712473348	422.902498482809	414.62933071265	423.829188361201	548.303799124817	440.496495581616	408.660564823784	466.047527068223	402.191263845315	504.944497245618	394.97327500697	433.434852300834	380.403635170873	413.531446768634	446.240670059289	480.703435432028	447.836816818229	401.052144911223	477.618189687789	459.50400654792	394.889178184206	472.201056787869	529.993328488872	545.274240810269	474.830642390509	397.988408247826	385.87283287395	404.032128681224	386.826341842504	485.557372840862	514.000063025852	418.552791704118	548.888153487218	422.579521590367	453.634522013965	462.084687989429	411.171354576248	465.137045721374	492.087790935603	481.009941212928	487.800970602693	440.384709199544	358.824824318352	456.605617334084	390.69775738845	518.811126018724	426.413385584214	477.541830568233	470.029405932661	441.273165756908	635.073490925404	398.166620609839	539.247721442308	402.335468103142	465.892511348274	490.399606634606	686.811982073521	456.234707425703	451.460947137457	366.015480544928	443.220120313667	498.364240686227	449.336250274024	518.551644795781	514.890888089156	505.774820291462	393.023851531728	403.669718926192	432.304569024099	434.991996776983	444.138452955803	434.225660519928	382.967987681848	410.658409733046
2020.37763223525	469.316050476637	466.484781275418	422.921248515013	404.949406579178	539.503636287256	480.856801193709	425.69071428557	407.16103520773	455.672739470653	416.396717851204	407.282050769057	375.207770087665	387.775903232552	447.929951801908	408.506570661251	495.956766344802	431.549602191774	458.211733105036	480.078921828467	413.95325313801	431.752514891243	542.134809812324	549.91661449848	457.442921850909	514.026662889619	502.209898196527	498.191712473348	422.902498482809	414.62933071265	423.829188361201	548.303799124817	440.496495581616	408.660564823784	466.047527068223	402.191263845315	504.944497245618	394.97327500697	433.434852300834	380.403635170873	413.531446768634	446.240670059289	480.703435432028	447.836816818229	401.052144911223	477.618189687789	459.50400654792	394.889178184206	472.201056787869	529.993328488872	545.274240810269	474.830642390509	397.988408247826	385.87283287395	404.032128681224	386.826341842504	485.557372840862	514.000063025852	418.552791704118	548.888153487218	422.579521590367	453.634522013965	462.084687989429	411.171354576248	465.137045721374	492.087790935603	481.009941212928	487.800970602693	440.384709199544	358.824824318352	456.605617334084	390.69775738845	518.811126018724	426.413385584214	477.541830568233	470.029405932661	441.273165756908	635.073490925404	398.166620609839	539.247721442308	402.335468103142	465.892511348274	490.399606634606	686.811982073521	456.234707425703	451.460947137457	366.015480544928	443.220120313667	498.364240686227	449.336250274024	518.551644795781	514.890888089156	505.774820291462	393.023851531728	403.669718926192	432.304569024099	434.991996776983	444.138452955803	434.225660519928	382.967987681848	410.658409733046
2020.47786126793	469.316050476637	466.484781275418	422.921248515013	404.949406579178	539.503636287256	480.856801193709	425.69071428557	407.16103520773	455.672739470653	416.396717851204	407.282050769057	375.207770087665	387.775903232552	447.929951801908	408.506570661251	495.956766344802	431.549602191774	458.211733105036	480.078921828467	413.95325313801	431.752514891243	542.134809812324	549.91661449848	457.442921850909	514.026662889619	502.209898196527	498.191712473348	422.902498482809	414.62933071265	423.829188361201	548.303799124817	440.496495581616	408.660564823784	466.047527068223	402.191263845315	504.944497245618	394.97327500697	433.434852300834	380.403635170873	413.531446768634	446.240670059289	480.703435432028	447.836816818229	401.052144911223	477.618189687789	459.50400654792	394.889178184206	472.201056787869	529.993328488872	545.274240810269	474.830642390509	397.988408247826	385.87283287395	404.032128681224	386.826341842504	485.557372840862	514.000063025852	418.552791704118	548.888153487218	422.579521590367	453.634522013965	462.084687989429	411.171354576248	465.137045721374	492.087790935603	481.009941212928	487.800970602693	440.384709199544	358.824824318352	456.605617334084	390.69775738845	518.811126018724	426.413385584214	477.541830568233	470.029405932661	441.273165756908	635.073490925404	398.166620609839	539.247721442308	402.335468103142	465.892511348274	490.399606634606	686.811982073521	456.234707425703	451.460947137457	366.015480544928	443.220120313667	498.364240686227	449.336250274024	518.551644795781	514.890888089156	505.774820291462	393.023851531728	403.669718926192	432.304569024099	434.991996776983	444.138452955803	434.225660519928	382.967987681848	410.658409733046
2020.57809030061	469.316050476637	466.484781275418	422.921248515013	404.949406579178	539.503636287256	480.856801193709	425.69071428557	407.16103520773	455.672739470653	416.396717851204	407.282050769057	375.207770087665	387.775903232552	447.929951801908	408.506570661251	495.956766344802	431.549602191774	458.211733105036	480.078921828467	413.95325313801	431.752514891243	542.134809812324	549.91661449848	457.442921850909	514.026662889619	502.209898196527	498.191712473348	422.902498482809	414.62933071265	423.829188361201	548.303799124817	440.496495581616	408.660564823784	466.047527068223	402.191263845315	504.944497245618	394.97327500697	433.434852300834	380.403635170873	413.531446768634	446.240670059289	480.703435432028	447.836816818229	401.052144911223	477.618189687789	459.50400654792	394.889178184206	472.201056787869	529.993328488872	545.274240810269	474.830642390509	397.988408247826	385.87283287395	404.032128681224	386.826341842504	485.557372840862	514.000063025852	418.552791704118	548.888153487218	422.579521590367	453.634522013965	462.084687989429	411.171354576248	465.137045721374	492.087790935603	481.009941212928	487.800970602693	440.384709199544	358.824824318352	456.605617334084	390.69775738845	518.811126018724	426.413385584214	477.541830568233	470.029405932661	441.273165756908	635.073490925404	398.166620609839	539.247721442308	402.335468103142	465.892511348274	490.399606634606	686.811982073521	456.234707425703	451.460947137457	366.015480544928	443.220120313667	498.364240686227	449.336250274024	518.551644795781	514.890888089156	505.774820291462	393.023851531728	403.669718926192	432.304569024099	434.991996776983	444.138452955803	434.225660519928	382.967987681848	410.658409733046
2020.67831933329	469.316050476637	466.484781275418	422.921248515013	404.949406579178	539.503636287256	480.856801193709	425.69071428557	407.16103520773	455.672739470653	416.396717851204	407.282050769057	375.207770087665	387.775903232552	447.929951801908	408.506570661251	495.956766344802	431.549602191774	458.211733105036	480.078921828467	413.95325313801	431.752514891243	542.134809812324	549.91661449848	457.442921850909	514.026662889619	502.209898196527	498.191712473348	422.902498482809	414.62933071265	423.829188361201	548.303799124817	440.496495581616	424.991188266075	466.047527068223	402.191263845315	504.944497245618	419.416069190744	433.434852300834	380.403635170873	413.531446768634	446.240670059289	480.703435432028	447.836816818229	401.052144911223	477.618189687789	459.50400654792	394.889178184206	472.201056787869	529.993328488872	545.274240810269	474.830642390509	397.988408247826	385.87283287395	404.032128681224	386.826341842504	485.557372840862	514.000063025852	418.552791704118	548.888153487218	422.579521590367	453.634522013965	462.084687989429	411.171354576248	465.137045721374	492.087790935603	481.009941212928	487.800970602693	440.384709199544	358.824824318352	456.605617334084	390.69775738845	518.811126018724	426.413385584214	477.541830568233	470.029405932661	441.273165756908	635.073490925404	398.166620609839	539.247721442308	402.335468103142	465.892511348274	490.399606634606	686.811982073521	456.234707425703	451.460947137457	366.015480544928	443.220120313667	498.364240686227	449.336250274024	518.551644795781	514.890888089156	505.774820291462	393.023851531728	403.669718926192	432.304569024099	434.991996776983	444.138452955803	434.225660519928	382.967987681848	410.658409733046
2020.77854836597	469.316050476637	466.484781275418	422.921248515013	404.949406579178	539.503636287256	480.856801193709	425.69071428557	407.16103520773	455.672739470653	416.396717851204	407.282050769057	375.207770087665	387.775903232552	447.929951801908	408.506570661251	495.956766344802	431.549602191774	458.211733105036	480.078921828467	413.95325313801	431.752514891243	542.134809812324	549.91661449848	457.442921850909	514.026662889619	502.209898196527	498.191712473348	422.902498482809	414.62933071265	423.829188361201	548.303799124817	440.496495581616	447.041971403328	466.047527068223	402.191263845315	504.944497245618	455.914512927952	433.434852300834	380.403635170873	413.531446768634	446.240670059289	480.703435432028	447.836816818229	401.052144911223	477.618189687789	459.50400654792	394.889178184206	472.201056787869	529.993328488872	545.274240810269	474.830642390509	397.988408247826	385.87283287395	404.032128681224	386.826341842504	485.557372840862	514.000063025852	418.552791704118	548.888153487218	422.579521590367	453.634522013965	462.084687989429	411.171354576248	465.137045721374	492.087790935603	481.009941212928	487.800970602693	440.384709199544	358.824824318352	456.605617334084	390.69775738845	518.811126018724	426.413385584214	477.541830568233	470.029405932661	441.273165756908	635.073490925404	398.166620609839	539.247721442308	402.335468103142	465.892511348274	490.399606634606	686.811982073521	456.234707425703	451.460947137457	366.015480544928	443.220120313667	498.364240686227	449.336250274024	518.551644795781	514.890888089156	505.774820291462	393.023851531728	403.669718926192	453.596131263485	434.991996776983	444.138452955803	434.225660519928	382.967987681848	410.658409733046
2020.87877739866	469.316050476637	466.484781275418	422.921248515013	404.949406579178	539.503636287256	480.856801193709	425.69071428557	407.16103520773	455.672739470653	416.396717851204	407.282050769057	375.207770087665	401.640118203886	447.929951801908	408.506570661251	495.956766344802	431.549602191774	458.211733105036	480.078921828467	413.95325313801	431.752514891243	542.134809812324	549.91661449848	457.442921850909	514.026662889619	502.209898196527	498.191712473348	422.902498482809	414.62933071265	423.829188361201	548.303799124817	440.496495581616	469.136035968151	466.047527068223	402.191263845315	504.944497245618	492.403017931236	433.434852300834	380.403635170873	434.024005332701	446.240670059289	480.703435432028	447.836816818229	401.052144911223	477.618189687789	459.50400654792	394.889178184206	472.201056787869	529.993328488872	545.274240810269	474.830642390509	397.988408247826	385.87283287395	404.032128681224	386.826341842504	485.557372840862	514.000063025852	418.552791704118	548.888153487218	422.579521590367	453.634522013965	462.084687989429	411.171354576248	465.137045721374	492.087790935603	481.009941212928	487.800970602693	440.384709199544	358.824824318352	456.605617334084	390.69775738845	518.811126018724	426.413385584214	477.541830568233	470.029405932661	441.273165756908	635.073490925404	398.166620609839	539.247721442308	402.335468103142	465.892511348274	490.399606634606	686.811982073521	456.234707425703	451.460947137457	366.015480544928	443.220120313667	498.364240686227	449.336250274024	518.551644795781	514.890888089156	505.774820291462	393.023851531728	403.669718926192	476.694239619686	434.991996776983	444.138452955803	434.225660519928	382.967987681848	410.658409733046
2020.97900643134	469.316050476637	466.484781275418	422.921248515013	416.790691800031	539.503636287256	480.856801193709	425.69071428557	407.16103520773	455.672739470653	416.396717851204	407.282050769057	375.207770087665	418.085929660059	447.929951801908	408.506570661251	495.956766344802	431.549602191774	458.211733105036	480.078921828467	426.129711646568	433.445990615083	542.134809812324	549.91661449848	457.442921850909	514.026662889619	502.209898196527	498.191712473348	422.902498482809	414.62933071265	423.829188361201	548.303799124817	440.496495581616	491.266979383413	466.047527068223	402.191263845315	509.196334006906	528.881277407422	443.68328463073	380.403635170873	458.227074194197	451.818281731484	480.703435432028	447.836816818229	401.052144911223	477.618189687789	459.50400654792	394.889178184206	472.201056787869	529.993328488872	545.274240810269	474.830642390509	397.988408247826	385.87283287395	404.032128681224	386.826341842504	485.557372840862	514.000063025852	418.552791704118	548.888153487218	422.579521590367	453.634522013965	462.084687989429	411.171354576248	465.137045721374	492.087790935603	481.009941212928	487.800970602693	440.384709199544	358.824824318352	456.605617334084	390.69775738845	518.811126018724	426.413385584214	477.541830568233	470.029405932661	441.273165756908	635.073490925404	398.166620609839	539.247721442308	402.335468103142	465.892511348274	490.399606634606	686.811982073521	456.234707425703	451.460947137457	366.015480544928	443.220120313667	498.364240686227	449.336250274024	518.551644795781	514.890888089156	505.774820291462	393.023851531728	403.669718926192	499.801610956846	434.991996776983	444.138452955803	434.225660519928	382.967987681848	410.658409733046
2021.07923546402	469.316050476637	466.484781275418	422.921248515013	439.091609085031	539.503636287256	480.856801193709	425.69071428557	407.16103520773	455.672739470653	416.396717851204	407.282050769057	375.207770087665	434.811132858978	447.929951801908	408.506570661251	495.956766344802	431.549602191774	458.211733105036	480.078921828467	443.650163864387	461.736393555243	542.134809812324	549.91661449848	457.442921850909	514.026662889619	502.209898196527	498.191712473348	422.902498482809	414.62933071265	423.829188361201	548.303799124817	440.496495581616	513.429481826904	466.047527068223	402.191263845315	544.078943946431	565.34898529836	462.838369521026	380.403635170873	482.569548382733	485.53855215773	480.703435432028	474.406183941196	424.35633066386	477.618189687789	459.50400654792	394.889178184206	472.201056787869	529.993328488872	545.274240810269	474.830642390509	397.988408247826	385.87283287395	404.032128681224	386.826341842504	485.557372840862	514.000063025852	418.552791704118	548.888153487218	422.579521590367	453.634522013965	462.084687989429	411.171354576248	465.137045721374	492.087790935603	481.009941212928	487.800970602693	440.384709199544	358.824824318352	456.605617334084	390.69775738845	518.811126018724	426.413385584214	477.541830568233	470.029405932661	441.273165756908	635.073490925404	398.166620609839	539.247721442308	402.335468103142	465.892511348274	490.399606634606	686.811982073521	456.234707425703	451.460947137457	366.015480544928	443.220120313667	498.364240686227	449.336250274024	518.551644795781	514.890888089156	505.774820291462	393.023851531728	403.669718926192	522.916733467108	434.991996776983	444.138452955803	434.225660519928	382.967987681848	410.658409733046
2021.1794644967	469.316050476637	466.484781275418	422.921248515013	461.440709974558	539.503636287256	480.856801193709	425.69071428557	407.16103520773	455.672739470653	416.396717851204	423.512899427523	375.207770087665	451.784416494267	447.929951801908	408.506570661251	495.956766344802	453.874541296213	458.211733105036	480.078921828467	461.169229277224	490.053166445594	542.134809812324	549.91661449848	457.442921850909	514.551660927972	502.209898196527	498.191712473348	422.902498482809	414.62933071265	435.47497579991	548.303799124817	455.129197323234	535.61908598694	466.047527068223	402.191263845315	578.963642862007	601.805835913837	481.990671677496	380.403635170873	507.030616188613	519.373654040408	480.703435432028	502.075892811581	448.603649753632	477.618189687789	459.50400654792	411.286471459529	472.201056787869	529.993328488872	545.274240810269	474.830642390509	397.988408247826	385.87283287395	404.032128681224	386.826341842504	485.557372840862	514.000063025852	418.552791704118	548.888153487218	422.579521590367	453.634522013965	462.084687989429	411.171354576248	465.137045721374	492.087790935603	481.009941212928	487.800970602693	440.384709199544	358.824824318352	456.605617334084	390.69775738845	518.811126018724	426.413385584214	477.541830568233	470.029405932661	441.273165756908	635.073490925404	398.166620609839	539.247721442308	402.335468103142	465.892511348274	490.399606634606	686.811982073521	456.234707425703	451.460947137457	366.015480544928	443.220120313667	498.364240686227	449.336250274024	518.551644795781	514.890888089156	505.774820291462	393.023851531728	403.669718926192	546.038343720192	434.991996776983	444.138452955803	434.225660519928	382.967987681848	410.658409733046
2021.27969352938	469.316050476637	466.484781275418	422.921248515013	483.831300121818	539.503636287256	480.856801193709	425.69071428557	413.050048258774	455.672739470653	416.396717851204	444.955042961411	375.207770087665	468.978568341546	447.929951801908	408.506570661251	495.956766344802	479.689544688488	460.137725078357	480.078921828467	478.686824099121	518.391604225094	542.134809812324	549.91661449848	457.442921850909	519.336643532426	502.209898196527	498.191712473348	422.902498482809	414.62933071265	461.882913407823	548.303799124817	478.050033119268	557.832028095432	466.047527068223	402.191263845315	613.850065300926	638.251523683986	501.14011577189	380.403635170873	531.59318995829	553.302242817976	480.703435432028	529.764340032974	473.002893566649	477.618189687789	459.50400654792	434.068806410489	472.201056787869	529.993328488872	545.274240810269	474.830642390509	397.988408247826	385.87283287395	404.032128681224	386.826341842504	485.557372840862	514.000063025852	418.552791704118	548.888153487218	422.579521590367	453.634522013965	462.084687989429	411.171354576248	465.137045721374	492.087790935603	481.009941212928	487.800970602693	440.384709199544	358.824824318352	456.605617334084	390.69775738845	518.811126018724	426.413385584214	477.541830568233	470.029405932661	441.273165756908	635.073490925404	398.166620609839	539.247721442308	402.335468103142	465.892511348274	490.399606634606	686.811982073521	456.234707425703	451.460947137457	366.015480544928	443.220120313667	498.364240686227	449.336250274024	518.551644795781	514.890888089156	505.774820291462	393.023851531728	403.669718926192	569.165376383738	452.667647334936	444.138452955803	434.225660519928	382.967987681848	424.095526608073
2021.37992256206	485.106205771966	466.484781275418	422.921248515013	506.257857843754	539.503636287256	480.856801193709	425.69071428557	431.97881203233	455.672739470653	432.422632663299	466.414743861822	375.207770087665	486.369892343791	447.929951801908	408.506570661251	495.956766344802	505.511636474074	486.990200946686	480.078921828467	496.202872316214	546.747963800895	542.134809812324	549.91661449848	457.442921850909	538.672581743593	502.209898196527	498.191712473348	422.902498482809	414.62933071265	488.368904095862	548.303799124817	500.967544563375	580.065106925841	466.047527068223	402.191263845315	648.73792399807	674.68574298728	520.286631292611	380.403635170873	556.243121625177	587.307846444837	480.703435432028	557.467817226702	497.531362901929	477.618189687789	459.50400654792	457.18620677258	472.201056787869	529.993328488872	545.274240810269	474.830642390509	397.988408247826	385.87283287395	404.032128681224	386.826341842504	485.557372840862	514.000063025852	418.552791704118	548.888153487218	422.579521590367	453.634522013965	462.084687989429	411.171354576248	465.137045721374	492.087790935603	481.009941212928	487.800970602693	440.384709199544	358.824824318352	456.605617334084	390.69775738845	518.811126018724	426.413385584214	477.541830568233	470.029405932661	441.273165756908	635.073490925404	398.166620609839	539.247721442308	402.335468103142	465.892511348274	490.399606634606	686.811982073521	456.234707425703	451.460947137457	366.015480544928	443.220120313667	498.364240686227	449.336250274024	518.551644795781	514.890888089156	505.774820291462	393.023851531728	403.669718926192	592.296925662219	471.530188183213	444.138452955803	447.717797009406	382.967987681848	443.522174904251
2021.48015159474	506.135808186488	466.484781275418	422.921248515013	528.715789920826	539.503636287256	480.856801193709	425.69071428557	450.919032772741	467.459632858676	456.019127964646	487.889662911263	375.207770087665	503.93770786967	447.929951801908	408.506570661251	495.956766344802	531.339744669367	513.866883043454	480.078921828467	513.717304357339	575.119228359662	542.134809812324	549.91661449848	464.443798057256	560.683645397393	502.209898196527	498.191712473348	422.902498482809	414.62933071265	514.920154979655	548.303799124817	523.881547559939	602.315581224675	483.735781996037	402.191263845315	683.626989932223	711.108188025972	539.430151681347	380.403635170873	580.96860464244	621.377558378137	480.703435432028	585.183293661294	522.170507716674	477.618189687789	459.50400654792	480.590316504998	472.201056787869	529.993328488872	545.274240810269	474.830642390509	397.988408247826	385.87283287395	404.032128681224	386.826341842504	485.557372840862	514.000063025852	418.552791704118	548.888153487218	422.579521590367	453.634522013965	462.084687989429	411.171354576248	465.137045721374	492.087790935603	481.009941212928	487.800970602693	440.384709199544	358.824824318352	456.605617334084	390.69775738845	518.811126018724	426.413385584214	477.541830568233	470.029405932661	441.273165756908	635.073490925404	398.166620609839	539.247721442308	402.335468103142	465.892511348274	490.399606634606	686.811982073521	456.234707425703	451.460947137457	366.015480544928	443.220120313667	498.364240686227	449.336250274024	518.551644795781	514.890888089156	505.774820291462	393.023851531728	403.669718926192	615.432215391218	490.418680168285	462.423691734819	466.03822636531	382.967987681848	462.971321869061
2021.58038062742	527.166044185551	466.484781275418	422.921248515013	551.201245560886	539.503636287256	500.978397908257	425.69071428557	469.869227245129	488.077713372178	479.622421913134	509.377853464593	375.207770087665	521.663921731579	452.950595779914	408.506570661251	495.956766344802	557.172994625949	540.764061792409	480.078921828467	531.230056027835	603.502937572039	542.134809812324	549.91661449848	484.866665559476	582.695568577641	502.209898196527	498.191712473348	422.902498482809	414.62933071265	541.526336581186	548.303799124817	546.79187624992	624.581088669295	509.834180737334	402.191263845315	718.517078189695	747.518552732995	558.570613647266	380.403635170873	605.759713661968	655.501126971344	480.703435432028	612.908263768433	546.905038069565	477.618189687789	459.50400654792	504.241207164936	472.201056787869	529.993328488872	545.274240810269	474.830642390509	397.988408247826	385.87283287395	404.032128681224	414.827138701044	485.557372840862	514.000063025852	418.552791704118	548.888153487218	422.579521590367	453.634522013965	462.084687989429	411.171354576248	465.137045721374	492.087790935603	481.009941212928	487.800970602693	440.384709199544	358.824824318352	456.605617334084	390.69775738845	518.811126018724	426.413385584214	477.541830568233	470.029405932661	441.273165756908	635.073490925404	398.166620609839	539.247721442308	402.335468103142	465.892511348274	490.399606634606	686.811982073521	456.234707425703	451.460947137457	366.015480544928	443.220120313667	498.364240686227	449.336250274024	518.551644795781	514.890888089156	526.392982382189	393.023851531728	403.669718926192	638.570575605286	509.330236794596	483.414704718291	484.404406265116	382.967987681848	482.440200838157
2021.6806096601	548.196803180566	466.484781275418	442.525377187086	573.710973088835	539.503636287256	522.932731549771	425.69071428557	488.828139727468	508.720777566753	503.231387941492	530.877682577463	375.207770087665	539.532663518696	474.502472581278	408.506570661251	495.956766344802	583.010665404344	567.678725860472	480.078921828467	548.74106764767	631.897063201407	542.134809812324	563.385666345756	505.28942145414	604.708252592131	502.209898196527	498.191712473348	422.902498482809	414.62933071265	568.179018383623	548.303799124817	569.698379323329	646.859581287306	535.941725962273	402.191263845315	753.408037754388	783.916530700537	577.707956618051	388.557957507205	630.608046980872	689.670308671662	480.703435432028	640.64063395484	571.722249613188	477.618189687789	459.50400654792	528.105715341159	472.201056787869	529.993328488872	545.274240810269	474.830642390509	397.988408247826	385.87283287395	404.032128681224	463.151770861746	485.557372840862	514.000063025852	441.900722982586	548.888153487218	422.579521590367	453.634522013965	462.084687989429	411.171354576248	465.137045721374	492.087790935603	481.009941212928	487.800970602693	440.384709199544	358.824824318352	456.605617334084	390.69775738845	518.811126018724	426.413385584214	477.541830568233	470.029405932661	441.273165756908	635.073490925404	398.166620609839	539.247721442308	402.335468103142	465.892511348274	490.399606634606	686.811982073521	456.234707425703	451.460947137457	366.015480544928	443.220120313667	498.364240686227	449.336250274024	518.551644795781	514.890888089156	555.926286476741	393.023851531728	403.669718926192	661.711424003855	528.262381604477	504.421816312357	502.811187182086	385.740207592511	501.926471050699
2021.78083869278	569.227990142659	466.484781275418	464.847563294331	596.242208405573	539.503636287256	544.902464741225	436.849180197523	507.794699791339	529.385903535804	526.845097140175	552.387770362885	375.207770087665	557.529975383899	496.053621560194	408.506570661251	495.956766344802	608.852157221698	594.608405209298	480.078921828467	566.250283349494	660.299916583297	542.134809812324	569.991666811602	525.711957151484	626.721612518571	502.209898196527	501.305349249561	422.902498482809	414.62933071265	594.871251474289	549.060615677641	592.600917187576	669.149273582804	562.05622126	402.191263845315	788.299744007374	789.191126867992	596.842122296062	407.251133085346	653.397719255762	723.878400482465	480.703435432028	668.378637406957	596.611506850104	477.618189687789	459.50400654792	552.156134091575	472.201056787869	529.993328488872	545.274240810269	514.222193001191	397.988408247826	385.87283287395	404.032128681224	511.463181678988	485.557372840862	514.000063025852	469.610917945493	548.888153487218	422.579521590367	453.634522013965	550.162392787206	411.171354576248	511.830994006929	492.087790935603	481.009941212928	493.246637456323	440.384709199544	358.824824318352	456.605617334084	390.69775738845	518.811126018724	426.413385584214	477.541830568233	470.029405932661	441.273165756908	635.073490925404	398.166620609839	539.247721442308	402.335468103142	465.892511348274	490.399606634606	686.811982073521	456.234707425703	451.460947137457	366.015480544928	443.220120313667	498.364240686227	449.336250274024	518.551644795781	514.890888089156	585.528089460623	393.023851531728	415.599585872353	684.854251161563	547.212978321078	525.443026499834	521.254133519616	399.364510201111	521.428138980544
2021.88106772546	586.013371021091	466.484781275418	523.829014849414	609.814985370111	542.967931154467	602.761861415773	666.895014203352	526.767989124636	550.070605530957	550.462775957467	573.90694285699	412.907821185986	733.673152399585	517.603950263127	474.238748409126	510.298415831438	634.696966830164	621.5510545533	580.843629689102	616.205190331469	688.710078856938	630.449262729965	576.903071614649	624.103787172962	648.735574869511	502.209898196527	556.86612659769	422.902498482809	527.683406740216	621.597255783984	577.146765370122	615.499359768918	691.448600559228	588.17583958413	602.819975822537	823.192093133795	789.191126867992	615.973054297766	645.455760977907	662.440393490173	758.11989658821	480.703435432028	696.120769148437	713.753375966811	505.360280084828	459.50400654792	576.36918066279	472.201056787869	529.993328488872	545.274240810269	716.119525680782	467.815168468279	428.911633735895	404.032128681224	511.463181678988	561.430291086989	514.000063025852	494.328739399614	548.888153487218	422.579521590367	665.023290247248	756.501094291136	411.171354576248	574.198396048355	722.776216096977	643.28813596046	552.054761698718	590.725944029768	602.974750848252	513.343875771738	615.997283415427	571.391183704928	527.876448538667	563.635135470789	470.029405932661	626.726818489601	635.073490925404	398.166620609839	539.247721442308	466.04736179567	574.213937070826	577.625391983621	686.811982073521	626.322289753397	647.356233420866	573.953473643717	443.220120313667	498.364240686227	449.336250274024	543.433133143744	628.214362049821	615.188488560276	396.346155188573	436.528799378832	707.998608630892	716.30871283229	546.476640008094	629.144145966762	577.4491826963	540.943496404621
2021.98129675814	941.264563192761	748.077365116542	916.858062253802	930.818702023646	754.409918144078	957.799193782209	945.836148885025	883.724837087396	903.275497607504	943.16931692285	890.429283649234	853.46712232203	997.085700762522	866.841023918229	855.108174337749	900.251854122892	924.210038394858	887.017169886422	931.671462247347	935.300987016176	972.401873856284	904.222404710832	808.375299289069	926.335209886832	968.61475149341	863.068699138493	912.089812896886	868.752468439284	884.763543545535	901.220108480987	856.052688983164	891.095858543888	991.454947632868	896.575697854923	942.052071369826	949.239173056182	949.527391354005	918.165097558204	941.604001546553	848.489303969823	920.39944570203	771.141878397765	913.989201430748	1007.49873387903	815.454853867743	840.437753941209	980.04324683074	807.557226026844	837.083242384647	867.22192123988	1056.13117406347	896.945042067426	847.129540265177	848.2638492075	865.379634749089	967.43730626725	1053.41577906428	874.348093374847	772.652766719549	853.077105035076	958.17991962872	962.570328567421	896.104199660727	910.34278172518	958.364923579901	926.024140490446	914.514223621814	940.213537714834	892.860197632076	897.224284857817	900.156214675957	842.341362262843	822.627123776317	836.316068108775	868.755911684551	916.254619355209	890.061698583846	850.917608399537	922.964833845949	946.750995187586	930.030870825801	884.313201167969	861.393816076119	946.85282765282	942.709626269448	952.90604958036	838.022985248692	918.272655277333	922.29837573415	913.72294622725	924.418975977185	762.825751699119	800.476603671994	855.222055928141	954.863358684198	965.734570524335	919.252402416895	945.289596227759	944.618294668389	943.543561410423
2022.08152579082	941.264563192761	748.077365116542	916.858062253802	930.818702023646	754.409918144078	957.799193782209	945.836148885025	883.724837087396	903.275497607504	943.16931692285	890.429283649234	853.46712232203	997.085700762522	866.841023918229	855.108174337749	900.251854122892	924.210038394858	887.017169886422	931.671462247347	935.300987016176	972.401873856284	904.222404710832	808.375299289069	926.335209886832	968.61475149341	863.068699138493	912.089812896886	868.752468439284	884.763543545535	901.220108480987	856.052688983164	891.095858543888	991.454947632868	896.575697854923	942.052071369826	949.239173056182	949.527391354005	918.165097558204	941.604001546553	848.489303969823	920.39944570203	771.141878397765	913.989201430748	1007.49873387903	815.454853867743	840.437753941209	980.04324683074	807.557226026844	837.083242384647	867.22192123988	1056.13117406347	896.945042067426	847.129540265177	848.2638492075	865.379634749089	967.43730626725	1053.41577906428	874.348093374847	772.652766719549	853.077105035076	958.17991962872	962.570328567421	896.104199660727	910.34278172518	958.364923579901	926.024140490446	914.514223621814	940.213537714834	892.860197632076	897.224284857817	900.156214675957	842.341362262843	822.627123776317	836.316068108775	868.755911684551	916.254619355209	890.061698583846	850.917608399537	922.964833845949	946.750995187586	930.030870825801	884.313201167969	861.393816076119	946.85282765282	942.709626269448	952.90604958036	838.022985248692	918.272655277333	922.29837573415	913.72294622725	924.418975977185	762.825751699119	800.476603671994	855.222055928141	954.863358684198	965.734570524335	919.252402416895	945.289596227759	944.618294668389	943.543561410423
2022.1817548235	941.264563192761	748.077365116542	916.858062253802	930.818702023646	754.409918144078	957.799193782209	945.836148885025	883.724837087396	903.275497607504	943.16931692285	890.429283649234	853.46712232203	997.085700762522	866.841023918229	855.108174337749	900.251854122892	924.210038394858	887.017169886422	931.671462247347	935.300987016176	972.401873856284	904.222404710832	808.375299289069	926.335209886832	968.61475149341	863.068699138493	912.089812896886	868.752468439284	884.763543545535	901.220108480987	856.052688983164	891.095858543888	991.454947632868	896.575697854923	942.052071369826	949.239173056182	949.527391354005	918.165097558204	941.604001546553	848.489303969823	920.39944570203	771.141878397765	913.989201430748	1007.49873387903	815.454853867743	840.437753941209	980.04324683074	807.557226026844	837.083242384647	867.22192123988	1056.13117406347	896.945042067426	847.129540265177	848.2638492075	865.379634749089	967.43730626725	1053.41577906428	874.348093374847	772.652766719549	853.077105035076	958.17991962872	962.570328567421	896.104199660727	910.34278172518	958.364923579901	926.024140490446	914.514223621814	940.213537714834	892.860197632076	897.224284857817	900.156214675957	842.341362262843	822.627123776317	836.316068108775	868.755911684551	916.254619355209	890.061698583846	850.917608399537	922.964833845949	946.750995187586	930.030870825801	884.313201167969	861.393816076119	946.85282765282	942.709626269448	952.90604958036	838.022985248692	918.272655277333	922.29837573415	913.72294622725	924.418975977185	762.825751699119	800.476603671994	855.222055928141	954.863358684198	965.734570524335	919.252402416895	945.289596227759	944.618294668389	943.543561410423
2022.28198385618	941.264563192761	748.077365116542	916.858062253802	930.818702023646	754.409918144078	957.799193782209	945.836148885025	883.724837087396	903.275497607504	943.16931692285	890.429283649234	853.46712232203	997.085700762522	866.841023918229	855.108174337749	900.251854122892	924.210038394858	887.017169886422	931.671462247347	935.300987016176	972.401873856284	904.222404710832	808.375299289069	926.335209886832	968.61475149341	863.068699138493	912.089812896886	868.752468439284	884.763543545535	901.220108480987	856.052688983164	891.095858543888	991.454947632868	896.575697854923	942.052071369826	949.239173056182	949.527391354005	918.165097558204	941.604001546553	848.489303969823	920.39944570203	771.141878397765	913.989201430748	1007.49873387903	815.454853867743	840.437753941209	980.04324683074	807.557226026844	837.083242384647	867.22192123988	1056.13117406347	896.945042067426	847.129540265177	848.2638492075	865.379634749089	967.43730626725	1053.41577906428	874.348093374847	772.652766719549	853.077105035076	958.17991962872	962.570328567421	896.104199660727	910.34278172518	958.364923579901	926.024140490446	914.514223621814	940.213537714834	892.860197632076	897.224284857817	900.156214675957	842.341362262843	822.627123776317	836.316068108775	868.755911684551	916.254619355209	890.061698583846	850.917608399537	922.964833845949	946.750995187586	930.030870825801	884.313201167969	861.393816076119	946.85282765282	942.709626269448	952.90604958036	838.022985248692	918.272655277333	922.29837573415	913.72294622725	924.418975977185	762.825751699119	800.476603671994	855.222055928141	954.863358684198	965.734570524335	919.252402416895	945.289596227759	944.618294668389	943.543561410423
2022.38221288886	941.264563192761	748.077365116542	916.858062253802	930.818702023646	754.409918144078	957.799193782209	945.836148885025	883.724837087396	903.275497607504	943.16931692285	890.429283649234	853.46712232203	997.085700762522	866.841023918229	855.108174337749	900.251854122892	924.210038394858	887.017169886422	931.671462247347	935.300987016176	972.401873856284	904.222404710832	808.375299289069	926.335209886832	968.61475149341	863.068699138493	912.089812896886	868.752468439284	884.763543545535	901.220108480987	856.052688983164	891.095858543888	991.454947632868	896.575697854923	942.052071369826	949.239173056182	949.527391354005	918.165097558204	941.604001546553	848.489303969823	920.39944570203	771.141878397765	913.989201430748	1007.49873387903	815.454853867743	840.437753941209	980.04324683074	807.557226026844	837.083242384647	867.22192123988	1056.13117406347	896.945042067426	847.129540265177	848.2638492075	865.379634749089	967.43730626725	1053.41577906428	874.348093374847	772.652766719549	853.077105035076	958.17991962872	962.570328567421	896.104199660727	910.34278172518	958.364923579901	926.024140490446	914.514223621814	940.213537714834	892.860197632076	897.224284857817	900.156214675957	842.341362262843	822.627123776317	836.316068108775	868.755911684551	916.254619355209	890.061698583846	850.917608399537	922.964833845949	946.750995187586	930.030870825801	884.313201167969	861.393816076119	946.85282765282	942.709626269448	952.90604958036	838.022985248692	918.272655277333	922.29837573415	913.72294622725	924.418975977185	762.825751699119	800.476603671994	855.222055928141	954.863358684198	965.734570524335	919.252402416895	945.289596227759	944.618294668389	943.543561410423
2022.48244192154	941.264563192761	748.077365116542	916.858062253802	930.818702023646	754.409918144078	957.799193782209	945.836148885025	883.724837087396	903.275497607504	943.16931692285	890.429283649234	853.46712232203	997.085700762522	866.841023918229	855.108174337749	900.251854122892	924.210038394858	887.017169886422	931.671462247347	935.300987016176	972.401873856284	904.222404710832	808.375299289069	926.335209886832	968.61475149341	863.068699138493	912.089812896886	868.752468439284	884.763543545535	901.220108480987	856.052688983164	891.095858543888	991.454947632868	896.575697854923	942.052071369826	949.239173056182	949.527391354005	918.165097558204	941.604001546553	848.489303969823	920.39944570203	771.141878397765	913.989201430748	1007.49873387903	815.454853867743	840.437753941209	980.04324683074	807.557226026844	837.083242384647	867.22192123988	1056.13117406347	896.945042067426	847.129540265177	848.2638492075	865.379634749089	967.43730626725	1053.41577906428	874.348093374847	772.652766719549	853.077105035076	958.17991962872	962.570328567421	926.895480061458	910.34278172518	958.364923579901	926.024140490446	914.514223621814	940.213537714834	892.860197632076	897.224284857817	900.156214675957	842.341362262843	822.627123776317	836.316068108775	868.755911684551	916.254619355209	890.061698583846	850.917608399537	922.964833845949	946.750995187586	930.030870825801	884.313201167969	861.393816076119	946.85282765282	942.709626269448	952.90604958036	838.022985248692	918.272655277333	922.29837573415	913.72294622725	924.418975977185	762.825751699119	800.476603671994	855.222055928141	954.863358684198	965.734570524335	919.252402416895	945.289596227759	944.618294668389	943.543561410423
2022.58267095422	941.264563192761	748.077365116542	916.858062253802	930.818702023646	814.35019586985	957.799193782209	1008.97547389012	883.724837087396	903.275497607504	943.16931692285	890.429283649234	853.46712232203	997.085700762522	866.841023918229	855.108174337749	900.251854122892	924.210038394858	887.017169886422	931.671462247347	935.300987016176	972.401873856284	904.222404710832	808.375299289069	926.335209886832	968.61475149341	863.068699138493	912.089812896886	868.752468439284	884.763543545535	901.220108480987	856.052688983164	891.095858543888	991.454947632868	896.575697854923	942.052071369826	949.239173056182	949.527391354005	918.165097558204	941.604001546553	848.489303969823	920.39944570203	771.141878397765	913.989201430748	1007.49873387903	815.454853867743	840.437753941209	980.04324683074	807.557226026844	837.083242384647	867.22192123988	1056.13117406347	896.945042067426	847.129540265177	848.2638492075	865.379634749089	967.43730626725	1053.41577906428	874.348093374847	772.652766719549	853.077105035076	958.17991962872	962.570328567421	968.573237082482	910.34278172518	958.364923579901	926.024140490446	914.514223621814	940.213537714834	892.860197632076	897.224284857817	900.156214675957	842.341362262843	822.627123776317	836.316068108775	868.755911684551	916.254619355209	890.061698583846	850.917608399537	922.964833845949	946.750995187586	930.030870825801	884.313201167969	861.393816076119	946.85282765282	942.709626269448	952.90604958036	838.022985248692	918.272655277333	922.29837573415	913.72294622725	924.418975977185	762.825751699119	800.476603671994	855.222055928141	954.863358684198	965.734570524335	919.252402416895	945.289596227759	944.618294668389	943.543561410423
2022.6828999869	995.830353948925	748.077365116542	916.858062253802	930.818702023646	864.379067404957	985.616656130175	1042.81821573015	883.724837087396	903.275497607504	944.156665892191	905.106824234083	853.46712232203	997.085700762522	866.841023918229	855.108174337749	900.251854122892	924.210038394858	887.017169886422	931.671462247347	935.300987016176	972.401873856284	987.827170305909	808.375299289069	926.335209886832	968.61475149341	863.068699138493	912.089812896886	868.752468439284	884.763543545535	901.220108480987	856.052688983164	891.095858543888	1022.74887048672	896.575697854923	989.330483483088	1071.90618485394	949.527391354005	951.870781831069	941.604001546553	848.489303969823	920.39944570203	771.141878397765	913.989201430748	1007.49873387903	849.074254153621	840.437753941209	980.04324683074	807.557226026844	837.083242384647	867.22192123988	1056.13117406347	896.945042067426	847.129540265177	903.937235206152	907.675229880028	967.43730626725	1053.41577906428	874.348093374847	772.652766719549	853.077105035076	958.17991962872	962.570328567421	1008.13349293921	982.10749748446	958.364923579901	926.024140490446	980.104214844079	940.213537714834	895.516796874799	973.65722722618	900.156214675957	842.341362262843	822.627123776317	836.316068108775	868.755911684551	983.220395087618	890.061698583846	850.917608399537	923.371578026776	946.750995187586	930.030870825801	884.313201167969	861.393816076119	946.85282765282	942.709626269448	952.90604958036	838.291129159655	918.272655277333	922.29837573415	913.72294622725	924.418975977185	762.825751699119	800.476603671994	855.222055928141	954.863358684198	965.734570524335	919.252402416895	945.289596227759	944.618294668389	943.543561410423
2022.78312901958	1085.62811666716	830.657770958482	930.19540053244	992.083320181614	914.518981163036	1058.009803442	1073.0392053975	883.724837087396	954.916196447734	1019.19417761534	963.260221824904	855.110415731327	997.085700762522	866.841023918229	929.128215131283	900.251854122892	924.210038394858	954.976529786912	931.671462247347	935.300987016176	1026.68719571508	1063.8903027786	808.375299289069	926.335209886832	971.44541295108	863.068699138493	966.80995130459	966.134140438957	884.763543545535	901.220108480987	856.052688983164	891.095858543888	1101.8265186056	952.366728817202	1042.55993403648	1093.44684891403	949.527391354005	1014.78997878248	1070.49742173921	910.014016652195	920.39944570203	771.141878397765	913.989201430748	1007.49873387903	907.189272987758	840.437753941209	980.04324683074	807.557226026844	837.083242384647	867.22192123988	1059.19354075479	896.945042067426	872.044872158345	1025.96595013706	993.409182486041	967.43730626725	1053.41577906428	946.176646346321	825.204120190701	853.077105035076	984.289013672767	962.570328567421	1047.8302140669	1081.7119446257	973.06641669636	977.879313414081	1061.93281982971	940.213537714834	969.363287252476	1082.86233393576	900.156214675957	842.341362262843	890.490487519645	836.316068108775	921.337917797615	1017.31509715614	958.519540055918	879.455131896544	1021.16444441236	971.297033782566	947.371936760578	912.791179739021	861.393816076119	946.85282765282	942.709626269448	974.679727661221	954.460954815134	989.077118953077	935.049327950267	913.72294622725	933.838112464988	848.879338771266	831.527455927462	921.577791735466	1002.03253137022	978.403550461171	965.776538169507	1006.51417781348	994.47244032854	962.732646217362
2022.88335805227	1145.69510266716	960.760941537195	1061.48456056555	1115.89129591349	964.748759062238	1130.36493370972	1103.28459407423	1023.12772163083	1044.64717449741	1094.27125950785	1021.71402351302	1022.51385795427	1073.03949695678	1039.23467001431	1035.77739236506	1077.15177719915	1030.19206883076	1060.48805321556	1025.45348437	1043.53941128575	1146.71071925583	1064.45183024112	899.97071847277	1088.0744566844	1127.02834274617	1060.58438356379	1070.2668340179	1125.20747925197	884.763543545535	1054.11564765085	1029.82210899796	1070.71691814033	1175.44589568093	1059.57730405189	1095.76450086641	1114.99805059336	1055.84043816279	1077.66869760475	1097.96978917809	1089.07287481803	1115.27564277806	869.587140730511	1020.61124914102	1039.0613281092	958.84462091719	964.349713845949	1094.85352866968	875.269268851546	964.052832413442	1032.42639302209	1192.93148105604	988.844209866933	986.715866163663	1067.51810294469	1063.53126851314	1123.18686601571	1165.52428365803	1015.50474427502	962.366360302494	927.87715896048	1119.87910880772	1027.21391345731	1085.97109747723	1116.61050917583	1041.16730106932	1083.54061747063	1104.99788162476	1094.56744481895	1043.60862017954	1082.86233393576	1005.64055150874	932.341890407995	985.83961931925	953.863496523951	995.006443342111	1051.58781913316	1061.98583489838	988.138731967457	1127.04356234067	1109.29124818078	1113.28755814955	1052.47095994952	1005.74125882123	1083.74372214017	1039.85363818587	1111.50909198055	1060.48864977709	1109.86249460617	1083.25779108521	1014.67918041208	1084.2473473497	950.588126417475	967.227260124197	992.289852200142	1144.39006167067	1065.98969439026	1040.94778344106	1071.94627554906	1087.40981085596	1107.76030066873
2022.98358708495	1150.05849398993	967.691275451058	1096.7731791181	1139.25592535107	999.245807362079	1141.658980935	1108.54852554233	1111.28033060765	1098.38784155213	1123.39643975441	1089.37962851688	1040.42605735101	1135.62653601604	1101.26486271016	1035.77739236506	1087.06850762331	1091.51498785847	1088.57661457054	1110.7849310155	1102.80118734517	1147.29862729704	1065.01345854698	995.157485946819	1090.48296196546	1166.93093275246	1062.01558898494	1092.0557050222	1128.10097747406	1057.28210379945	1099.43057971751	1029.82210899796	1075.70927493458	1175.44589568093	1069.07724250721	1113.57177784776	1118.18478186834	1125.92769763878	1101.64169855519	1101.90588124636	1091.77818360498	1124.37117924521	951.749971043337	1111.32899606166	1172.38448119127	975.812747394143	1042.12266670867	1173.89438540744	990.466168293469	1031.72469668522	1047.35980989493	1212.25315222113	1088.48365993665	1026.4569774136	1070.60805060225	1069.73635082759	1153.82473271195	1263.79823752696	1054.9549976256	988.267792914274	1044.20124604002	1121.42011810733	1102.14113209406	1100.10975791614	1121.55586983558	1106.09361802289	1088.04977724281	1104.99788162476	1114.95861891793	1051.77081154304	1082.86233393576	1057.15589686464	1000.77226873869	986.084337326182	986.566061915474	1066.76280366016	1075.14102543563	1064.18890642696	1054.88157351654	1185.22761050826	1148.39781318819	1113.28755814955	1052.47095994952	1073.12782242863	1121.55970251495	1102.51291630423	1127.30105447751	1065.50571656478	1118.45310845752	1128.25787378428	1093.22877838829	1088.88783273866	972.924723943244	981.614363477366	1058.34733470142	1151.35982407661	1113.22231526413	1110.28702741248	1109.87027885362	1118.97892010135	1138.8283176767
2023.08381611763	1150.05849398993	967.691275451058	1096.7731791181	1139.25592535107	999.245807362079	1141.658980935	1108.54852554233	1111.28033060765	1098.38784155213	1123.39643975441	1089.37962851688	1040.42605735101	1135.62653601604	1101.26486271016	1035.77739236506	1087.06850762331	1091.51498785847	1088.57661457054	1110.7849310155	1102.80118734517	1147.29862729704	1065.01345854698	995.157485946819	1090.48296196546	1166.93093275246	1062.01558898494	1092.0557050222	1128.10097747406	1057.28210379945	1099.43057971751	1029.82210899796	1075.70927493458	1175.44589568093	1069.07724250721	1113.57177784776	1118.18478186834	1125.92769763878	1101.64169855519	1101.90588124636	1091.77818360498	1124.37117924521	951.749971043337	1111.32899606166	1172.38448119127	975.812747394143	1042.12266670867	1173.89438540744	990.466168293469	1031.72469668522	1047.35980989493	1212.25315222113	1088.48365993665	1026.4569774136	1070.60805060225	1069.73635082759	1153.82473271195	1263.79823752696	1054.9549976256	988.267792914274	1044.20124604002	1121.42011810733	1102.14113209406	1100.10975791614	1121.55586983558	1106.09361802289	1088.04977724281	1104.99788162476	1114.95861891793	1051.77081154304	1082.86233393576	1057.15589686464	1000.77226873869	986.084337326182	986.566061915474	1066.76280366016	1075.14102543563	1064.18890642696	1054.88157351654	1185.22761050826	1148.39781318819	1113.28755814955	1052.47095994952	1073.12782242863	1121.55970251495	1102.51291630423	1127.30105447751	1065.50571656478	1118.45310845752	1128.25787378428	1093.22877838829	1088.88783273866	972.924723943244	981.614363477366	1058.34733470142	1151.35982407661	1113.22231526413	1110.28702741248	1109.87027885362	1118.97892010135	1138.8283176767
2023.18404515031	1150.05849398993	967.691275451058	1096.7731791181	1139.25592535107	999.245807362079	1141.658980935	1108.54852554233	1111.28033060765	1098.38784155213	1123.39643975441	1089.37962851688	1040.42605735101	1135.62653601604	1101.26486271016	1035.77739236506	1087.06850762331	1091.51498785847	1088.57661457054	1110.7849310155	1102.80118734517	1147.29862729704	1065.01345854698	995.157485946819	1090.48296196546	1166.93093275246	1062.01558898494	1092.0557050222	1128.10097747406	1057.28210379945	1099.43057971751	1029.82210899796	1075.70927493458	1175.44589568093	1069.07724250721	1113.57177784776	1118.18478186834	1125.92769763878	1101.64169855519	1101.90588124636	1091.77818360498	1124.37117924521	951.749971043337	1111.32899606166	1172.38448119127	975.812747394143	1042.12266670867	1173.89438540744	990.466168293469	1031.72469668522	1047.35980989493	1212.25315222113	1088.48365993665	1026.4569774136	1070.60805060225	1069.73635082759	1153.82473271195	1263.79823752696	1054.9549976256	988.267792914274	1044.20124604002	1121.42011810733	1102.14113209406	1100.10975791614	1121.55586983558	1106.09361802289	1088.04977724281	1104.99788162476	1114.95861891793	1051.77081154304	1082.86233393576	1057.15589686464	1000.77226873869	986.084337326182	986.566061915474	1066.76280366016	1075.14102543563	1064.18890642696	1054.88157351654	1185.22761050826	1148.39781318819	1113.28755814955	1052.47095994952	1073.12782242863	1121.55970251495	1102.51291630423	1127.30105447751	1065.50571656478	1118.45310845752	1128.25787378428	1093.22877838829	1088.88783273866	972.924723943244	981.614363477366	1058.34733470142	1151.35982407661	1113.22231526413	1110.28702741248	1109.87027885362	1118.97892010135	1138.8283176767
2023.28427418299	1150.05849398993	967.691275451058	1096.7731791181	1139.25592535107	999.245807362079	1141.658980935	1108.54852554233	1111.28033060765	1098.38784155213	1123.39643975441	1089.37962851688	1040.42605735101	1135.62653601604	1101.26486271016	1035.77739236506	1087.06850762331	1091.51498785847	1088.57661457054	1110.7849310155	1102.80118734517	1147.29862729704	1065.01345854698	995.157485946819	1090.48296196546	1166.93093275246	1062.01558898494	1092.0557050222	1128.10097747406	1057.28210379945	1099.43057971751	1029.82210899796	1075.70927493458	1175.44589568093	1069.07724250721	1113.57177784776	1118.18478186834	1125.92769763878	1101.64169855519	1101.90588124636	1091.77818360498	1124.37117924521	951.749971043337	1111.32899606166	1172.38448119127	975.812747394143	1042.12266670867	1173.89438540744	990.466168293469	1031.72469668522	1047.35980989493	1212.25315222113	1088.48365993665	1026.4569774136	1070.60805060225	1069.73635082759	1153.82473271195	1263.79823752696	1054.9549976256	988.267792914274	1044.20124604002	1121.42011810733	1102.14113209406	1100.10975791614	1121.55586983558	1106.09361802289	1088.04977724281	1104.99788162476	1114.95861891793	1051.77081154304	1082.86233393576	1057.15589686464	1000.77226873869	986.084337326182	986.566061915474	1066.76280366016	1075.14102543563	1064.18890642696	1054.88157351654	1185.22761050826	1148.39781318819	1113.28755814955	1052.47095994952	1073.12782242863	1121.55970251495	1102.51291630423	1127.30105447751	1065.50571656478	1118.45310845752	1128.25787378428	1093.22877838829	1088.88783273866	972.924723943244	981.614363477366	1058.34733470142	1151.35982407661	1113.22231526413	1110.28702741248	1109.87027885362	1118.97892010135	1138.8283176767
2023.38450321567	1150.05849398993	967.691275451058	1096.7731791181	1139.25592535107	999.245807362079	1141.658980935	1108.54852554233	1111.28033060765	1098.38784155213	1123.39643975441	1089.37962851688	1040.42605735101	1135.62653601604	1101.26486271016	1035.77739236506	1087.06850762331	1091.51498785847	1088.57661457054	1110.7849310155	1102.80118734517	1147.29862729704	1065.01345854698	995.157485946819	1090.48296196546	1166.93093275246	1062.01558898494	1092.0557050222	1128.10097747406	1057.28210379945	1099.43057971751	1029.82210899796	1075.70927493458	1175.44589568093	1069.07724250721	1113.57177784776	1118.18478186834	1125.92769763878	1101.64169855519	1101.90588124636	1091.77818360498	1124.37117924521	951.749971043337	1111.32899606166	1172.38448119127	975.812747394143	1042.12266670867	1173.89438540744	990.466168293469	1031.72469668522	1047.35980989493	1212.25315222113	1088.48365993665	1026.4569774136	1070.60805060225	1069.73635082759	1153.82473271195	1263.79823752696	1054.9549976256	988.267792914274	1044.20124604002	1121.42011810733	1102.14113209406	1100.10975791614	1121.55586983558	1106.09361802289	1088.04977724281	1104.99788162476	1114.95861891793	1051.77081154304	1082.86233393576	1057.15589686464	1000.77226873869	986.084337326182	986.566061915474	1066.76280366016	1075.14102543563	1064.18890642696	1054.88157351654	1185.22761050826	1148.39781318819	1113.28755814955	1052.47095994952	1073.12782242863	1121.55970251495	1102.51291630423	1127.30105447751	1065.50571656478	1118.45310845752	1128.25787378428	1093.22877838829	1088.88783273866	972.924723943244	981.614363477366	1058.34733470142	1151.35982407661	1113.22231526413	1110.28702741248	1109.87027885362	1118.97892010135	1138.8283176767
2023.48473224835	1150.05849398993	967.691275451058	1096.7731791181	1139.25592535107	999.245807362079	1141.658980935	1108.54852554233	1111.28033060765	1098.38784155213	1123.39643975441	1089.37962851688	1040.42605735101	1135.62653601604	1101.26486271016	1035.77739236506	1087.06850762331	1091.51498785847	1088.57661457054	1110.7849310155	1102.80118734517	1147.29862729704	1065.01345854698	995.157485946819	1090.48296196546	1166.93093275246	1062.01558898494	1092.0557050222	1128.10097747406	1057.28210379945	1099.43057971751	1029.82210899796	1075.70927493458	1175.44589568093	1069.07724250721	1113.57177784776	1118.18478186834	1125.92769763878	1101.64169855519	1101.90588124636	1091.77818360498	1124.37117924521	951.749971043337	1111.32899606166	1172.38448119127	975.812747394143	1042.12266670867	1173.89438540744	990.466168293469	1031.72469668522	1047.35980989493	1212.25315222113	1088.48365993665	1026.4569774136	1070.60805060225	1069.73635082759	1153.82473271195	1263.79823752696	1054.9549976256	988.267792914274	1044.20124604002	1121.42011810733	1102.14113209406	1100.10975791614	1121.55586983558	1106.09361802289	1088.04977724281	1104.99788162476	1114.95861891793	1051.77081154304	1082.86233393576	1057.15589686464	1000.77226873869	986.084337326182	986.566061915474	1066.76280366016	1075.14102543563	1064.18890642696	1054.88157351654	1185.22761050826	1148.39781318819	1113.28755814955	1052.47095994952	1073.12782242863	1121.55970251495	1102.51291630423	1127.30105447751	1065.50571656478	1118.45310845752	1128.25787378428	1093.22877838829	1088.88783273866	972.924723943244	981.614363477366	1058.34733470142	1151.35982407661	1113.22231526413	1110.28702741248	1109.87027885362	1118.97892010135	1138.8283176767
2023.58496128103	1150.05849398993	967.691275451058	1096.7731791181	1139.25592535107	999.245807362079	1141.658980935	1108.54852554233	1111.28033060765	1098.38784155213	1123.39643975441	1089.37962851688	1040.42605735101	1135.62653601604	1101.26486271016	1035.77739236506	1087.06850762331	1091.51498785847	1088.57661457054	1110.7849310155	1102.80118734517	1147.29862729704	1065.01345854698	995.157485946819	1090.48296196546	1166.93093275246	1062.01558898494	1092.0557050222	1128.10097747406	1057.28210379945	1099.43057971751	1029.82210899796	1075.70927493458	1175.44589568093	1069.07724250721	1113.57177784776	1118.18478186834	1125.92769763878	1101.64169855519	1101.90588124636	1091.77818360498	1124.37117924521	951.749971043337	1111.32899606166	1172.38448119127	975.812747394143	1042.12266670867	1173.89438540744	990.466168293469	1031.72469668522	1047.35980989493	1212.25315222113	1088.48365993665	1026.4569774136	1070.60805060225	1069.73635082759	1153.82473271195	1263.79823752696	1054.9549976256	988.267792914274	1044.20124604002	1121.42011810733	1102.14113209406	1100.10975791614	1121.55586983558	1106.09361802289	1088.04977724281	1104.99788162476	1114.95861891793	1051.77081154304	1082.86233393576	1057.15589686464	1000.77226873869	986.084337326182	986.566061915474	1066.76280366016	1075.14102543563	1064.18890642696	1054.88157351654	1185.22761050826	1148.39781318819	1113.28755814955	1052.47095994952	1073.12782242863	1121.55970251495	1102.51291630423	1127.30105447751	1065.50571656478	1118.45310845752	1128.25787378428	1093.22877838829	1088.88783273866	972.924723943244	981.614363477366	1058.34733470142	1151.35982407661	1113.22231526413	1110.28702741248	1109.87027885362	1118.97892010135	1138.8283176767
2023.68519031371	1150.05849398993	967.691275451058	1096.7731791181	1139.25592535107	999.245807362079	1141.658980935	1108.54852554233	1111.28033060765	1098.38784155213	1123.39643975441	1089.37962851688	1040.42605735101	1135.62653601604	1101.26486271016	1035.77739236506	1087.06850762331	1091.51498785847	1088.57661457054	1110.7849310155	1102.80118734517	1147.29862729704	1065.01345854698	995.157485946819	1090.48296196546	1166.93093275246	1062.01558898494	1092.0557050222	1128.10097747406	1057.28210379945	1099.43057971751	1029.82210899796	1075.70927493458	1175.44589568093	1069.07724250721	1113.57177784776	1118.18478186834	1125.92769763878	1101.64169855519	1101.90588124636	1091.77818360498	1124.37117924521	951.749971043337	1111.32899606166	1172.38448119127	975.812747394143	1042.12266670867	1173.89438540744	990.466168293469	1031.72469668522	1047.35980989493	1212.25315222113	1088.48365993665	1026.4569774136	1070.60805060225	1069.73635082759	1153.82473271195	1263.79823752696	1054.9549976256	988.267792914274	1044.20124604002	1121.42011810733	1102.14113209406	1100.10975791614	1121.55586983558	1106.09361802289	1088.04977724281	1104.99788162476	1114.95861891793	1051.77081154304	1082.86233393576	1057.15589686464	1000.77226873869	986.084337326182	986.566061915474	1066.76280366016	1075.14102543563	1064.18890642696	1054.88157351654	1185.22761050826	1148.39781318819	1113.28755814955	1052.47095994952	1073.12782242863	1121.55970251495	1102.51291630423	1127.30105447751	1065.50571656478	1118.45310845752	1128.25787378428	1093.22877838829	1088.88783273866	972.924723943244	981.614363477366	1058.34733470142	1151.35982407661	1113.22231526413	1110.28702741248	1109.87027885362	1118.97892010135	1138.8283176767
2023.78541934639	1150.05849398993	967.691275451058	1096.7731791181	1139.25592535107	999.245807362079	1141.658980935	1108.54852554233	1111.28033060765	1098.38784155213	1123.39643975441	1089.37962851688	1040.42605735101	1135.62653601604	1101.26486271016	1035.77739236506	1087.06850762331	1091.51498785847	1088.57661457054	1110.7849310155	1102.80118734517	1147.29862729704	1065.01345854698	995.157485946819	1090.48296196546	1166.93093275246	1062.01558898494	1092.0557050222	1128.10097747406	1057.28210379945	1099.43057971751	1029.82210899796	1075.70927493458	1175.44589568093	1069.07724250721	1113.57177784776	1118.18478186834	1125.92769763878	1101.64169855519	1101.90588124636	1091.77818360498	1124.37117924521	951.749971043337	1111.32899606166	1172.38448119127	975.812747394143	1042.12266670867	1173.89438540744	990.466168293469	1031.72469668522	1047.35980989493	1212.25315222113	1088.48365993665	1026.4569774136	1070.60805060225	1069.73635082759	1153.82473271195	1263.79823752696	1054.9549976256	988.267792914274	1044.20124604002	1121.42011810733	1102.14113209406	1100.10975791614	1121.55586983558	1106.09361802289	1088.04977724281	1104.99788162476	1114.95861891793	1051.77081154304	1082.86233393576	1057.15589686464	1000.77226873869	986.084337326182	986.566061915474	1066.76280366016	1075.14102543563	1064.18890642696	1054.88157351654	1185.22761050826	1148.39781318819	1113.28755814955	1052.47095994952	1073.12782242863	1121.55970251495	1102.51291630423	1127.30105447751	1065.50571656478	1118.45310845752	1128.25787378428	1093.22877838829	1088.88783273866	972.924723943244	981.614363477366	1058.34733470142	1151.35982407661	1113.22231526413	1110.28702741248	1109.87027885362	1118.97892010135	1138.8283176767
2023.88564837907	1150.05849398993	967.691275451058	1096.7731791181	1139.25592535107	999.245807362079	1141.658980935	1108.54852554233	1111.28033060765	1098.38784155213	1123.39643975441	1089.37962851688	1040.42605735101	1135.62653601604	1101.26486271016	1035.77739236506	1087.06850762331	1091.51498785847	1088.57661457054	1110.7849310155	1102.80118734517	1147.29862729704	1065.01345854698	995.157485946819	1090.48296196546	1166.93093275246	1062.01558898494	1092.0557050222	1128.10097747406	1057.28210379945	1099.43057971751	1029.82210899796	1075.70927493458	1175.44589568093	1069.07724250721	1113.57177784776	1118.18478186834	1125.92769763878	1101.64169855519	1101.90588124636	1091.77818360498	1124.37117924521	951.749971043337	1111.32899606166	1172.38448119127	975.812747394143	1042.12266670867	1173.89438540744	990.466168293469	1031.72469668522	1047.35980989493	1212.25315222113	1088.48365993665	1026.4569774136	1070.60805060225	1069.73635082759	1153.82473271195	1263.79823752696	1054.9549976256	988.267792914274	1044.20124604002	1121.42011810733	1102.14113209406	1100.10975791614	1121.55586983558	1106.09361802289	1088.04977724281	1104.99788162476	1114.95861891793	1051.77081154304	1082.86233393576	1057.15589686464	1000.77226873869	986.084337326182	986.566061915474	1066.76280366016	1075.14102543563	1064.18890642696	1054.88157351654	1185.22761050826	1148.39781318819	1113.28755814955	1052.47095994952	1073.12782242863	1121.55970251495	1102.51291630423	1127.30105447751	1065.50571656478	1118.45310845752	1128.25787378428	1093.22877838829	1088.88783273866	972.924723943244	981.614363477366	1058.34733470142	1151.35982407661	1113.22231526413	1110.28702741248	1109.87027885362	1118.97892010135	1138.8283176767
2023.98587741175	1150.05849398993	967.691275451058	1096.7731791181	1139.25592535107	999.245807362079	1141.658980935	1108.54852554233	1111.28033060765	1098.38784155213	1123.39643975441	1089.37962851688	1040.42605735101	1135.62653601604	1101.26486271016	1035.77739236506	1087.06850762331	1091.51498785847	1088.57661457054	1110.7849310155	1102.80118734517	1147.29862729704	1065.01345854698	995.157485946819	1090.48296196546	1166.93093275246	1062.01558898494	1092.0557050222	1128.10097747406	1057.28210379945	1099.43057971751	1029.82210899796	1075.70927493458	1175.44589568093	1069.07724250721	1113.57177784776	1118.18478186834	1125.92769763878	1101.64169855519	1101.90588124636	1091.77818360498	1124.37117924521	951.749971043337	1111.32899606166	1172.38448119127	975.812747394143	1042.12266670867	1173.89438540744	990.466168293469	1031.72469668522	1047.35980989493	1212.25315222113	1088.48365993665	1026.4569774136	1070.60805060225	1069.73635082759	1153.82473271195	1263.79823752696	1054.9549976256	988.267792914274	1044.20124604002	1121.42011810733	1102.14113209406	1100.10975791614	1121.55586983558	1106.09361802289	1088.04977724281	1104.99788162476	1114.95861891793	1051.77081154304	1082.86233393576	1057.15589686464	1000.77226873869	986.084337326182	986.566061915474	1066.76280366016	1075.14102543563	1064.18890642696	1054.88157351654	1185.22761050826	1148.39781318819	1113.28755814955	1052.47095994952	1073.12782242863	1121.55970251495	1102.51291630423	1127.30105447751	1065.50571656478	1118.45310845752	1128.25787378428	1093.22877838829	1088.88783273866	972.924723943244	981.614363477366	1058.34733470142	1151.35982407661	1113.22231526413	1110.28702741248	1109.87027885362	1118.97892010135	1138.8283176767
2024.08610644443	1150.05849398993	967.691275451058	1096.7731791181	1139.25592535107	999.245807362079	1141.658980935	1108.54852554233	1111.28033060765	1098.38784155213	1123.39643975441	1089.37962851688	1040.42605735101	1135.62653601604	1101.26486271016	1035.77739236506	1087.06850762331	1091.51498785847	1088.57661457054	1110.7849310155	1102.80118734517	1147.29862729704	1065.01345854698	995.157485946819	1090.48296196546	1166.93093275246	1062.01558898494	1092.0557050222	1128.10097747406	1057.28210379945	1099.43057971751	1029.82210899796	1075.70927493458	1175.44589568093	1069.07724250721	1113.57177784776	1118.18478186834	1125.92769763878	1101.64169855519	1101.90588124636	1091.77818360498	1124.37117924521	951.749971043337	1111.32899606166	1172.38448119127	975.812747394143	1042.12266670867	1173.89438540744	990.466168293469	1031.72469668522	1047.35980989493	1212.25315222113	1088.48365993665	1026.4569774136	1070.60805060225	1069.73635082759	1153.82473271195	1263.79823752696	1054.9549976256	988.267792914274	1044.20124604002	1121.42011810733	1102.14113209406	1100.10975791614	1121.55586983558	1106.09361802289	1088.04977724281	1104.99788162476	1114.95861891793	1051.77081154304	1082.86233393576	1057.15589686464	1000.77226873869	986.084337326182	986.566061915474	1066.76280366016	1075.14102543563	1064.18890642696	1054.88157351654	1185.22761050826	1148.39781318819	1113.28755814955	1052.47095994952	1073.12782242863	1121.55970251495	1102.51291630423	1127.30105447751	1065.50571656478	1118.45310845752	1128.25787378428	1093.22877838829	1088.88783273866	972.924723943244	981.614363477366	1058.34733470142	1151.35982407661	1113.22231526413	1110.28702741248	1109.87027885362	1118.97892010135	1138.8283176767
2024.18633547711	1150.05849398993	967.691275451058	1096.7731791181	1139.25592535107	999.245807362079	1141.658980935	1108.54852554233	1111.28033060765	1098.38784155213	1123.39643975441	1089.37962851688	1040.42605735101	1135.62653601604	1101.26486271016	1035.77739236506	1087.06850762331	1091.51498785847	1088.57661457054	1110.7849310155	1102.80118734517	1147.29862729704	1065.01345854698	995.157485946819	1090.48296196546	1166.93093275246	1062.01558898494	1092.0557050222	1128.10097747406	1057.28210379945	1099.43057971751	1029.82210899796	1075.70927493458	1175.44589568093	1069.07724250721	1113.57177784776	1118.18478186834	1125.92769763878	1101.64169855519	1101.90588124636	1091.77818360498	1124.37117924521	951.749971043337	1111.32899606166	1172.38448119127	975.812747394143	1042.12266670867	1173.89438540744	990.466168293469	1031.72469668522	1047.35980989493	1212.25315222113	1088.48365993665	1026.4569774136	1070.60805060225	1069.73635082759	1153.82473271195	1263.79823752696	1054.9549976256	988.267792914274	1044.20124604002	1121.42011810733	1102.14113209406	1100.10975791614	1121.55586983558	1106.09361802289	1088.04977724281	1104.99788162476	1114.95861891793	1051.77081154304	1082.86233393576	1057.15589686464	1000.77226873869	986.084337326182	986.566061915474	1066.76280366016	1075.14102543563	1064.18890642696	1054.88157351654	1185.22761050826	1148.39781318819	1113.28755814955	1052.47095994952	1073.12782242863	1121.55970251495	1102.51291630423	1127.30105447751	1065.50571656478	1118.45310845752	1128.25787378428	1093.22877838829	1088.88783273866	972.924723943244	981.614363477366	1058.34733470142	1151.35982407661	1113.22231526413	1110.28702741248	1109.87027885362	1118.97892010135	1138.8283176767
2024.28656450979	1150.05849398993	967.691275451058	1096.7731791181	1139.25592535107	999.245807362079	1141.658980935	1108.54852554233	1111.28033060765	1098.38784155213	1123.39643975441	1089.37962851688	1040.42605735101	1135.62653601604	1101.26486271016	1035.77739236506	1087.06850762331	1091.51498785847	1088.57661457054	1110.7849310155	1102.80118734517	1147.29862729704	1065.01345854698	995.157485946819	1090.48296196546	1166.93093275246	1062.01558898494	1092.0557050222	1128.10097747406	1057.28210379945	1099.43057971751	1029.82210899796	1075.70927493458	1175.44589568093	1069.07724250721	1113.57177784776	1118.18478186834	1125.92769763878	1101.64169855519	1101.90588124636	1091.77818360498	1124.37117924521	951.749971043337	1111.32899606166	1172.38448119127	975.812747394143	1042.12266670867	1173.89438540744	990.466168293469	1031.72469668522	1047.35980989493	1212.25315222113	1088.48365993665	1026.4569774136	1070.60805060225	1069.73635082759	1153.82473271195	1263.79823752696	1054.9549976256	988.267792914274	1044.20124604002	1121.42011810733	1102.14113209406	1100.10975791614	1121.55586983558	1106.09361802289	1088.04977724281	1104.99788162476	1114.95861891793	1051.77081154304	1082.86233393576	1057.15589686464	1000.77226873869	986.084337326182	986.566061915474	1066.76280366016	1075.14102543563	1064.18890642696	1054.88157351654	1185.22761050826	1148.39781318819	1113.28755814955	1052.47095994952	1073.12782242863	1121.55970251495	1102.51291630423	1127.30105447751	1065.50571656478	1118.45310845752	1128.25787378428	1093.22877838829	1088.88783273866	972.924723943244	981.614363477366	1058.34733470142	1151.35982407661	1113.22231526413	1110.28702741248	1109.87027885362	1118.97892010135	1138.8283176767
2024.38679354247	1150.05849398993	967.691275451058	1096.7731791181	1139.25592535107	999.245807362079	1141.658980935	1108.54852554233	1111.28033060765	1098.38784155213	1123.39643975441	1089.37962851688	1040.42605735101	1135.62653601604	1101.26486271016	1035.77739236506	1087.06850762331	1091.51498785847	1088.57661457054	1110.7849310155	1102.80118734517	1147.29862729704	1065.01345854698	995.157485946819	1090.48296196546	1166.93093275246	1062.01558898494	1092.0557050222	1128.10097747406	1057.28210379945	1099.43057971751	1029.82210899796	1075.70927493458	1175.44589568093	1069.07724250721	1113.57177784776	1118.18478186834	1125.92769763878	1101.64169855519	1101.90588124636	1091.77818360498	1124.37117924521	951.749971043337	1111.32899606166	1172.38448119127	975.812747394143	1042.12266670867	1173.89438540744	990.466168293469	1031.72469668522	1047.35980989493	1212.25315222113	1088.48365993665	1026.4569774136	1070.60805060225	1069.73635082759	1153.82473271195	1263.79823752696	1054.9549976256	988.267792914274	1044.20124604002	1121.42011810733	1102.14113209406	1100.10975791614	1121.55586983558	1106.09361802289	1088.04977724281	1104.99788162476	1114.95861891793	1051.77081154304	1082.86233393576	1057.15589686464	1000.77226873869	986.084337326182	986.566061915474	1066.76280366016	1075.14102543563	1064.18890642696	1054.88157351654	1185.22761050826	1148.39781318819	1113.28755814955	1052.47095994952	1073.12782242863	1121.55970251495	1102.51291630423	1127.30105447751	1065.50571656478	1118.45310845752	1128.25787378428	1093.22877838829	1088.88783273866	972.924723943244	981.614363477366	1058.34733470142	1151.35982407661	1113.22231526413	1110.28702741248	1109.87027885362	1118.97892010135	1138.8283176767
2024.48702257515	1150.05849398993	967.691275451058	1096.7731791181	1139.25592535107	999.245807362079	1141.658980935	1108.54852554233	1111.28033060765	1098.38784155213	1123.39643975441	1089.37962851688	1040.42605735101	1135.62653601604	1101.26486271016	1035.77739236506	1087.06850762331	1091.51498785847	1088.57661457054	1110.7849310155	1102.80118734517	1147.29862729704	1065.01345854698	995.157485946819	1090.48296196546	1166.93093275246	1062.01558898494	1092.0557050222	1128.10097747406	1057.28210379945	1099.43057971751	1029.82210899796	1075.70927493458	1175.44589568093	1069.07724250721	1113.57177784776	1118.18478186834	1125.92769763878	1101.64169855519	1101.90588124636	1091.77818360498	1124.37117924521	951.749971043337	1111.32899606166	1172.38448119127	975.812747394143	1042.12266670867	1173.89438540744	990.466168293469	1031.72469668522	1047.35980989493	1212.25315222113	1088.48365993665	1026.4569774136	1070.60805060225	1069.73635082759	1153.82473271195	1263.79823752696	1054.9549976256	988.267792914274	1044.20124604002	1121.42011810733	1102.14113209406	1100.10975791614	1121.55586983558	1106.09361802289	1088.04977724281	1104.99788162476	1114.95861891793	1051.77081154304	1082.86233393576	1057.15589686464	1000.77226873869	986.084337326182	986.566061915474	1066.76280366016	1075.14102543563	1064.18890642696	1054.88157351654	1185.22761050826	1148.39781318819	1113.28755814955	1052.47095994952	1073.12782242863	1121.55970251495	1102.51291630423	1127.30105447751	1065.50571656478	1118.45310845752	1128.25787378428	1093.22877838829	1088.88783273866	972.924723943244	981.614363477366	1058.34733470142	1151.35982407661	1113.22231526413	1110.28702741248	1109.87027885362	1118.97892010135	1138.8283176767
2024.58725160783	1150.05849398993	967.691275451058	1096.7731791181	1139.25592535107	999.245807362079	1141.658980935	1108.54852554233	1111.28033060765	1098.38784155213	1123.39643975441	1089.37962851688	1040.42605735101	1135.62653601604	1101.26486271016	1035.77739236506	1087.06850762331	1091.51498785847	1088.57661457054	1110.7849310155	1102.80118734517	1147.29862729704	1065.01345854698	995.157485946819	1090.48296196546	1166.93093275246	1062.01558898494	1092.0557050222	1128.10097747406	1057.28210379945	1099.43057971751	1029.82210899796	1075.70927493458	1175.44589568093	1069.07724250721	1113.57177784776	1118.18478186834	1125.92769763878	1101.64169855519	1101.90588124636	1091.77818360498	1124.37117924521	951.749971043337	1111.32899606166	1172.38448119127	975.812747394143	1042.12266670867	1173.89438540744	990.466168293469	1031.72469668522	1047.35980989493	1212.25315222113	1088.48365993665	1026.4569774136	1070.60805060225	1069.73635082759	1153.82473271195	1263.79823752696	1054.9549976256	988.267792914274	1044.20124604002	1121.42011810733	1102.14113209406	1100.10975791614	1121.55586983558	1106.09361802289	1088.04977724281	1104.99788162476	1114.95861891793	1051.77081154304	1082.86233393576	1057.15589686464	1000.77226873869	986.084337326182	986.566061915474	1066.76280366016	1075.14102543563	1064.18890642696	1054.88157351654	1185.22761050826	1148.39781318819	1113.28755814955	1052.47095994952	1073.12782242863	1121.55970251495	1102.51291630423	1127.30105447751	1065.50571656478	1118.45310845752	1128.25787378428	1093.22877838829	1088.88783273866	972.924723943244	981.614363477366	1058.34733470142	1151.35982407661	1113.22231526413	1110.28702741248	1109.87027885362	1118.97892010135	1138.8283176767
2024.68748064051	1150.05849398993	967.691275451058	1096.7731791181	1139.25592535107	999.245807362079	1141.658980935	1108.54852554233	1111.28033060765	1098.38784155213	1123.39643975441	1089.37962851688	1040.42605735101	1135.62653601604	1101.26486271016	1035.77739236506	1087.06850762331	1091.51498785847	1088.57661457054	1110.7849310155	1102.80118734517	1147.29862729704	1065.01345854698	995.157485946819	1090.48296196546	1166.93093275246	1062.01558898494	1092.0557050222	1128.10097747406	1057.28210379945	1099.43057971751	1029.82210899796	1075.70927493458	1175.44589568093	1069.07724250721	1113.57177784776	1118.18478186834	1125.92769763878	1101.64169855519	1101.90588124636	1091.77818360498	1124.37117924521	951.749971043337	1111.32899606166	1172.38448119127	975.812747394143	1042.12266670867	1173.89438540744	990.466168293469	1031.72469668522	1047.35980989493	1212.25315222113	1088.48365993665	1026.4569774136	1070.60805060225	1069.73635082759	1153.82473271195	1263.79823752696	1054.9549976256	988.267792914274	1044.20124604002	1121.42011810733	1102.14113209406	1100.10975791614	1121.55586983558	1106.09361802289	1088.04977724281	1104.99788162476	1114.95861891793	1051.77081154304	1082.86233393576	1057.15589686464	1000.77226873869	986.084337326182	986.566061915474	1066.76280366016	1075.14102543563	1064.18890642696	1054.88157351654	1185.22761050826	1148.39781318819	1113.28755814955	1052.47095994952	1073.12782242863	1121.55970251495	1102.51291630423	1127.30105447751	1065.50571656478	1118.45310845752	1128.25787378428	1093.22877838829	1088.88783273866	972.924723943244	981.614363477366	1058.34733470142	1151.35982407661	1113.22231526413	1110.28702741248	1109.87027885362	1118.97892010135	1138.8283176767
2024.7877096732	1150.05849398993	967.691275451058	1096.7731791181	1139.25592535107	999.245807362079	1141.658980935	1108.54852554233	1111.28033060765	1098.38784155213	1123.39643975441	1089.37962851688	1040.42605735101	1135.62653601604	1101.26486271016	1035.77739236506	1087.06850762331	1091.51498785847	1088.57661457054	1110.7849310155	1102.80118734517	1147.29862729704	1065.01345854698	995.157485946819	1090.48296196546	1166.93093275246	1062.01558898494	1092.0557050222	1128.10097747406	1057.28210379945	1099.43057971751	1029.82210899796	1075.70927493458	1175.44589568093	1069.07724250721	1113.57177784776	1118.18478186834	1125.92769763878	1101.64169855519	1101.90588124636	1091.77818360498	1124.37117924521	951.749971043337	1111.32899606166	1172.38448119127	975.812747394143	1042.12266670867	1173.89438540744	990.466168293469	1031.72469668522	1047.35980989493	1212.25315222113	1088.48365993665	1026.4569774136	1070.60805060225	1069.73635082759	1153.82473271195	1263.79823752696	1054.9549976256	988.267792914274	1044.20124604002	1121.42011810733	1102.14113209406	1100.10975791614	1121.55586983558	1106.09361802289	1088.04977724281	1104.99788162476	1114.95861891793	1051.77081154304	1082.86233393576	1057.15589686464	1000.77226873869	986.084337326182	986.566061915474	1066.76280366016	1075.14102543563	1064.18890642696	1054.88157351654	1185.22761050826	1148.39781318819	1113.28755814955	1052.47095994952	1073.12782242863	1121.55970251495	1102.51291630423	1127.30105447751	1065.50571656478	1118.45310845752	1128.25787378428	1093.22877838829	1088.88783273866	972.924723943244	981.614363477366	1058.34733470142	1151.35982407661	1113.22231526413	1110.28702741248	1109.87027885362	1118.97892010135	1138.8283176767
2024.88793870588	1150.05849398993	967.691275451058	1096.7731791181	1139.25592535107	999.245807362079	1141.658980935	1108.54852554233	1111.28033060765	1098.38784155213	1123.39643975441	1089.37962851688	1040.42605735101	1135.62653601604	1101.26486271016	1035.77739236506	1087.06850762331	1091.51498785847	1088.57661457054	1110.7849310155	1102.80118734517	1147.29862729704	1065.01345854698	995.157485946819	1090.48296196546	1166.93093275246	1062.01558898494	1092.0557050222	1128.10097747406	1057.28210379945	1099.43057971751	1029.82210899796	1075.70927493458	1175.44589568093	1069.07724250721	1113.57177784776	1118.18478186834	1125.92769763878	1101.64169855519	1101.90588124636	1091.77818360498	1124.37117924521	951.749971043337	1111.32899606166	1172.38448119127	975.812747394143	1042.12266670867	1173.89438540744	990.466168293469	1031.72469668522	1047.35980989493	1212.25315222113	1088.48365993665	1026.4569774136	1070.60805060225	1069.73635082759	1153.82473271195	1263.79823752696	1054.9549976256	988.267792914274	1044.20124604002	1121.42011810733	1102.14113209406	1100.10975791614	1121.55586983558	1106.09361802289	1088.04977724281	1104.99788162476	1114.95861891793	1051.77081154304	1082.86233393576	1057.15589686464	1000.77226873869	986.084337326182	986.566061915474	1066.76280366016	1075.14102543563	1064.18890642696	1054.88157351654	1185.22761050826	1148.39781318819	1113.28755814955	1052.47095994952	1073.12782242863	1121.55970251495	1102.51291630423	1127.30105447751	1065.50571656478	1118.45310845752	1128.25787378428	1093.22877838829	1088.88783273866	972.924723943244	981.614363477366	1058.34733470142	1151.35982407661	1113.22231526413	1110.28702741248	1109.87027885362	1118.97892010135	1138.8283176767
2024.98816773856	1150.05849398993	967.691275451058	1096.7731791181	1139.25592535107	999.245807362079	1141.658980935	1108.54852554233	1111.28033060765	1098.38784155213	1123.39643975441	1089.37962851688	1040.42605735101	1135.62653601604	1101.26486271016	1035.77739236506	1087.06850762331	1091.51498785847	1088.57661457054	1110.7849310155	1102.80118734517	1147.29862729704	1065.01345854698	995.157485946819	1090.48296196546	1166.93093275246	1062.01558898494	1092.0557050222	1128.10097747406	1057.28210379945	1099.43057971751	1029.82210899796	1075.70927493458	1175.44589568093	1069.07724250721	1113.57177784776	1118.18478186834	1125.92769763878	1101.64169855519	1101.90588124636	1091.77818360498	1124.37117924521	951.749971043337	1111.32899606166	1172.38448119127	975.812747394143	1042.12266670867	1173.89438540744	990.466168293469	1031.72469668522	1047.35980989493	1212.25315222113	1088.48365993665	1026.4569774136	1070.60805060225	1069.73635082759	1153.82473271195	1263.79823752696	1054.9549976256	988.267792914274	1044.20124604002	1121.42011810733	1102.14113209406	1100.10975791614	1121.55586983558	1106.09361802289	1088.04977724281	1104.99788162476	1114.95861891793	1051.77081154304	1082.86233393576	1057.15589686464	1000.77226873869	986.084337326182	986.566061915474	1066.76280366016	1075.14102543563	1064.18890642696	1054.88157351654	1185.22761050826	1148.39781318819	1113.28755814955	1052.47095994952	1073.12782242863	1121.55970251495	1102.51291630423	1127.30105447751	1065.50571656478	1118.45310845752	1128.25787378428	1093.22877838829	1088.88783273866	972.924723943244	981.614363477366	1058.34733470142	1151.35982407661	1113.22231526413	1110.28702741248	1109.87027885362	1118.97892010135	1138.8283176767
2025.08839677124	1150.05849398993	967.691275451058	1096.7731791181	1139.25592535107	999.245807362079	1141.658980935	1108.54852554233	1111.28033060765	1098.38784155213	1123.39643975441	1089.37962851688	1040.42605735101	1135.62653601604	1101.26486271016	1035.77739236506	1087.06850762331	1091.51498785847	1088.57661457054	1110.7849310155	1102.80118734517	1147.29862729704	1065.01345854698	995.157485946819	1090.48296196546	1166.93093275246	1062.01558898494	1092.0557050222	1128.10097747406	1057.28210379945	1099.43057971751	1029.82210899796	1075.70927493458	1175.44589568093	1069.07724250721	1113.57177784776	1118.18478186834	1125.92769763878	1101.64169855519	1101.90588124636	1091.77818360498	1124.37117924521	951.749971043337	1111.32899606166	1172.38448119127	975.812747394143	1042.12266670867	1173.89438540744	990.466168293469	1031.72469668522	1047.35980989493	1212.25315222113	1088.48365993665	1026.4569774136	1070.60805060225	1069.73635082759	1153.82473271195	1263.79823752696	1054.9549976256	988.267792914274	1044.20124604002	1121.42011810733	1102.14113209406	1100.10975791614	1121.55586983558	1106.09361802289	1088.04977724281	1104.99788162476	1114.95861891793	1051.77081154304	1082.86233393576	1057.15589686464	1000.77226873869	986.084337326182	986.566061915474	1066.76280366016	1075.14102543563	1064.18890642696	1054.88157351654	1185.22761050826	1148.39781318819	1113.28755814955	1052.47095994952	1073.12782242863	1121.55970251495	1102.51291630423	1127.30105447751	1065.50571656478	1118.45310845752	1128.25787378428	1093.22877838829	1088.88783273866	972.924723943244	981.614363477366	1058.34733470142	1151.35982407661	1113.22231526413	1110.28702741248	1109.87027885362	1118.97892010135	1138.8283176767
2025.18862580392	1150.05849398993	967.691275451058	1096.7731791181	1139.25592535107	999.245807362079	1141.658980935	1108.54852554233	1111.28033060765	1098.38784155213	1123.39643975441	1089.37962851688	1040.42605735101	1135.62653601604	1101.26486271016	1035.77739236506	1087.06850762331	1091.51498785847	1088.57661457054	1110.7849310155	1102.80118734517	1147.29862729704	1065.01345854698	995.157485946819	1090.48296196546	1166.93093275246	1062.01558898494	1092.0557050222	1128.10097747406	1057.28210379945	1099.43057971751	1029.82210899796	1075.70927493458	1175.44589568093	1069.07724250721	1113.57177784776	1118.18478186834	1125.92769763878	1101.64169855519	1101.90588124636	1091.77818360498	1124.37117924521	951.749971043337	1111.32899606166	1172.38448119127	975.812747394143	1042.12266670867	1173.89438540744	990.466168293469	1031.72469668522	1047.35980989493	1212.25315222113	1088.48365993665	1026.4569774136	1070.60805060225	1069.73635082759	1153.82473271195	1263.79823752696	1054.9549976256	988.267792914274	1044.20124604002	1121.42011810733	1102.14113209406	1100.10975791614	1121.55586983558	1106.09361802289	1088.04977724281	1104.99788162476	1114.95861891793	1051.77081154304	1082.86233393576	1057.15589686464	1000.77226873869	986.084337326182	986.566061915474	1066.76280366016	1075.14102543563	1064.18890642696	1054.88157351654	1185.22761050826	1148.39781318819	1113.28755814955	1052.47095994952	1073.12782242863	1121.55970251495	1102.51291630423	1127.30105447751	1065.50571656478	1118.45310845752	1128.25787378428	1093.22877838829	1088.88783273866	972.924723943244	981.614363477366	1058.34733470142	1151.35982407661	1113.22231526413	1110.28702741248	1109.87027885362	1118.97892010135	1138.8283176767
2025.2888548366	1150.05849398993	967.691275451058	1096.7731791181	1139.25592535107	999.245807362079	1141.658980935	1108.54852554233	1111.28033060765	1098.38784155213	1123.39643975441	1089.37962851688	1040.42605735101	1135.62653601604	1101.26486271016	1035.77739236506	1087.06850762331	1091.51498785847	1088.57661457054	1110.7849310155	1102.80118734517	1147.29862729704	1065.01345854698	995.157485946819	1090.48296196546	1166.93093275246	1062.01558898494	1092.0557050222	1128.10097747406	1057.28210379945	1099.43057971751	1029.82210899796	1075.70927493458	1175.44589568093	1069.07724250721	1113.57177784776	1118.18478186834	1125.92769763878	1101.64169855519	1101.90588124636	1091.77818360498	1124.37117924521	951.749971043337	1111.32899606166	1172.38448119127	975.812747394143	1042.12266670867	1173.89438540744	990.466168293469	1031.72469668522	1047.35980989493	1212.25315222113	1088.48365993665	1026.4569774136	1070.60805060225	1069.73635082759	1153.82473271195	1263.79823752696	1054.9549976256	988.267792914274	1044.20124604002	1121.42011810733	1102.14113209406	1100.10975791614	1121.55586983558	1106.09361802289	1088.04977724281	1104.99788162476	1114.95861891793	1051.77081154304	1082.86233393576	1057.15589686464	1000.77226873869	986.084337326182	986.566061915474	1066.76280366016	1075.14102543563	1064.18890642696	1054.88157351654	1185.22761050826	1148.39781318819	1113.28755814955	1052.47095994952	1073.12782242863	1121.55970251495	1102.51291630423	1127.30105447751	1065.50571656478	1118.45310845752	1128.25787378428	1093.22877838829	1088.88783273866	972.924723943244	981.614363477366	1058.34733470142	1151.35982407661	1113.22231526413	1110.28702741248	1109.87027885362	1118.97892010135	1138.8283176767
2025.38908386928	1150.05849398993	967.691275451058	1096.7731791181	1139.25592535107	999.245807362079	1141.658980935	1108.54852554233	1111.28033060765	1098.38784155213	1123.39643975441	1089.37962851688	1040.42605735101	1135.62653601604	1101.26486271016	1035.77739236506	1087.06850762331	1091.51498785847	1088.57661457054	1110.7849310155	1102.80118734517	1147.29862729704	1065.01345854698	995.157485946819	1090.48296196546	1166.93093275246	1062.01558898494	1092.0557050222	1128.10097747406	1057.28210379945	1099.43057971751	1029.82210899796	1075.70927493458	1175.44589568093	1069.07724250721	1113.57177784776	1118.18478186834	1125.92769763878	1101.64169855519	1101.90588124636	1091.77818360498	1124.37117924521	951.749971043337	1111.32899606166	1172.38448119127	975.812747394143	1042.12266670867	1173.89438540744	990.466168293469	1031.72469668522	1047.35980989493	1212.25315222113	1088.48365993665	1026.4569774136	1070.60805060225	1069.73635082759	1153.82473271195	1263.79823752696	1054.9549976256	988.267792914274	1044.20124604002	1121.42011810733	1102.14113209406	1100.10975791614	1121.55586983558	1106.09361802289	1088.04977724281	1104.99788162476	1114.95861891793	1051.77081154304	1082.86233393576	1057.15589686464	1000.77226873869	986.084337326182	986.566061915474	1066.76280366016	1075.14102543563	1064.18890642696	1054.88157351654	1185.22761050826	1148.39781318819	1113.28755814955	1052.47095994952	1073.12782242863	1121.55970251495	1102.51291630423	1127.30105447751	1065.50571656478	1118.45310845752	1128.25787378428	1093.22877838829	1088.88783273866	972.924723943244	981.614363477366	1058.34733470142	1151.35982407661	1113.22231526413	1110.28702741248	1109.87027885362	1118.97892010135	1138.8283176767
2025.48931290196	1150.05849398993	967.691275451058	1096.7731791181	1139.25592535107	999.245807362079	1141.658980935	1108.54852554233	1111.28033060765	1098.38784155213	1123.39643975441	1089.37962851688	1040.42605735101	1135.62653601604	1101.26486271016	1035.77739236506	1087.06850762331	1091.51498785847	1088.57661457054	1110.7849310155	1102.80118734517	1147.29862729704	1065.01345854698	995.157485946819	1090.48296196546	1166.93093275246	1062.01558898494	1092.0557050222	1128.10097747406	1057.28210379945	1099.43057971751	1029.82210899796	1075.70927493458	1175.44589568093	1069.07724250721	1113.57177784776	1118.18478186834	1125.92769763878	1101.64169855519	1101.90588124636	1091.77818360498	1124.37117924521	951.749971043337	1111.32899606166	1172.38448119127	975.812747394143	1042.12266670867	1173.89438540744	990.466168293469	1031.72469668522	1047.35980989493	1212.25315222113	1088.48365993665	1026.4569774136	1070.60805060225	1069.73635082759	1153.82473271195	1263.79823752696	1054.9549976256	988.267792914274	1044.20124604002	1121.42011810733	1102.14113209406	1100.10975791614	1121.55586983558	1106.09361802289	1088.04977724281	1104.99788162476	1114.95861891793	1051.77081154304	1082.86233393576	1057.15589686464	1000.77226873869	986.084337326182	986.566061915474	1066.76280366016	1075.14102543563	1064.18890642696	1054.88157351654	1185.22761050826	1148.39781318819	1113.28755814955	1052.47095994952	1073.12782242863	1121.55970251495	1102.51291630423	1127.30105447751	1065.50571656478	1118.45310845752	1128.25787378428	1093.22877838829	1088.88783273866	972.924723943244	981.614363477366	1058.34733470142	1151.35982407661	1113.22231526413	1110.28702741248	1109.87027885362	1118.97892010135	1138.8283176767
2025.58954193464	1150.05849398993	967.691275451058	1096.7731791181	1139.25592535107	999.245807362079	1141.658980935	1108.54852554233	1111.28033060765	1098.38784155213	1123.39643975441	1089.37962851688	1040.42605735101	1135.62653601604	1101.26486271016	1035.77739236506	1087.06850762331	1091.51498785847	1088.57661457054	1110.7849310155	1102.80118734517	1147.29862729704	1065.01345854698	995.157485946819	1090.48296196546	1166.93093275246	1062.01558898494	1092.0557050222	1128.10097747406	1057.28210379945	1099.43057971751	1029.82210899796	1075.70927493458	1175.44589568093	1069.07724250721	1113.57177784776	1118.18478186834	1125.92769763878	1101.64169855519	1101.90588124636	1091.77818360498	1124.37117924521	951.749971043337	1111.32899606166	1172.38448119127	975.812747394143	1042.12266670867	1173.89438540744	990.466168293469	1031.72469668522	1047.35980989493	1212.25315222113	1088.48365993665	1026.4569774136	1070.60805060225	1069.73635082759	1153.82473271195	1263.79823752696	1054.9549976256	988.267792914274	1044.20124604002	1121.42011810733	1102.14113209406	1100.10975791614	1121.55586983558	1106.09361802289	1088.04977724281	1104.99788162476	1114.95861891793	1051.77081154304	1082.86233393576	1057.15589686464	1000.77226873869	986.084337326182	986.566061915474	1066.76280366016	1075.14102543563	1064.18890642696	1054.88157351654	1185.22761050826	1148.39781318819	1113.28755814955	1052.47095994952	1073.12782242863	1121.55970251495	1102.51291630423	1127.30105447751	1065.50571656478	1118.45310845752	1128.25787378428	1093.22877838829	1088.88783273866	972.924723943244	981.614363477366	1058.34733470142	1151.35982407661	1113.22231526413	1110.28702741248	1109.87027885362	1118.97892010135	1138.8283176767
2025.68977096732	1150.05849398993	967.691275451058	1096.7731791181	1139.25592535107	999.245807362079	1141.658980935	1108.54852554233	1111.28033060765	1098.38784155213	1123.39643975441	1089.37962851688	1040.42605735101	1135.62653601604	1101.26486271016	1035.77739236506	1087.06850762331	1091.51498785847	1088.57661457054	1110.7849310155	1102.80118734517	1147.29862729704	1065.01345854698	995.157485946819	1090.48296196546	1166.93093275246	1062.01558898494	1092.0557050222	1128.10097747406	1057.28210379945	1099.43057971751	1029.82210899796	1075.70927493458	1175.44589568093	1069.07724250721	1113.57177784776	1118.18478186834	1125.92769763878	1101.64169855519	1101.90588124636	1091.77818360498	1124.37117924521	951.749971043337	1111.32899606166	1172.38448119127	975.812747394143	1042.12266670867	1173.89438540744	990.466168293469	1031.72469668522	1047.35980989493	1212.25315222113	1088.48365993665	1026.4569774136	1070.60805060225	1069.73635082759	1153.82473271195	1263.79823752696	1054.9549976256	988.267792914274	1044.20124604002	1121.42011810733	1102.14113209406	1100.10975791614	1121.55586983558	1106.09361802289	1088.04977724281	1104.99788162476	1114.95861891793	1051.77081154304	1082.86233393576	1057.15589686464	1000.77226873869	986.084337326182	986.566061915474	1066.76280366016	1075.14102543563	1064.18890642696	1054.88157351654	1185.22761050826	1148.39781318819	1113.28755814955	1052.47095994952	1073.12782242863	1121.55970251495	1102.51291630423	1127.30105447751	1065.50571656478	1118.45310845752	1128.25787378428	1093.22877838829	1088.88783273866	972.924723943244	981.614363477366	1058.34733470142	1151.35982407661	1113.22231526413	1110.28702741248	1109.87027885362	1118.97892010135	1138.8283176767
2025.79	1150.05849398993	967.691275451058	1096.7731791181	1139.25592535107	999.245807362079	1141.658980935	1108.54852554233	1111.28033060765	1098.38784155213	1123.39643975441	1089.37962851688	1040.42605735101	1135.62653601604	1101.26486271016	1035.77739236506	1087.06850762331	1091.51498785847	1088.57661457054	1110.7849310155	1102.80118734517	1147.29862729704	1065.01345854698	995.157485946819	1090.48296196546	1166.93093275246	1062.01558898494	1092.0557050222	1128.10097747406	1057.28210379945	1099.43057971751	1029.82210899796	1075.70927493458	1175.44589568093	1069.07724250721	1113.57177784776	1118.18478186834	1125.92769763878	1101.64169855519	1101.90588124636	1091.77818360498	1124.37117924521	951.749971043337	1111.32899606166	1172.38448119127	975.812747394143	1042.12266670867	1173.89438540744	990.466168293469	1031.72469668522	1047.35980989493	1212.25315222113	1088.48365993665	1026.4569774136	1070.60805060225	1069.73635082759	1153.82473271195	1263.79823752696	1054.9549976256	988.267792914274	1044.20124604002	1121.42011810733	1102.14113209406	1100.10975791614	1121.55586983558	1106.09361802289	1088.04977724281	1104.99788162476	1114.95861891793	1051.77081154304	1082.86233393576	1057.15589686464	1000.77226873869	986.084337326182	986.566061915474	1066.76280366016	1075.14102543563	1064.18890642696	1054.88157351654	1185.22761050826	1148.39781318819	1113.28755814955	1052.47095994952	1073.12782242863	1121.55970251495	1102.51291630423	1127.30105447751	1065.50571656478	1118.45310845752	1128.25787378428	1093.22877838829	1088.88783273866	972.924723943244	981.614363477366	1058.34733470142	1151.35982407661	1113.22231526413	1110.28702741248	1109.87027885362	1118.97892010135	1138.8283176767
